# 
# Header Description:
# 
# Version: v3.1.0.4 Platform: 13 Manufacturer: samsung Model: SM-G780F GNSS Hardware Model Name: Broadcom, BCM4775, GLL ver. 113.20.23 545188
# 
# Raw,utcTimeMillis,TimeNanos,LeapSecond,TimeUncertaintyNanos,FullBiasNanos,BiasNanos,BiasUncertaintyNanos,DriftNanosPerSecond,DriftUncertaintyNanosPerSecond,HardwareClockDiscontinuityCount,Svid,TimeOffsetNanos,State,ReceivedSvTimeNanos,ReceivedSvTimeUncertaintyNanos,Cn0DbHz,PseudorangeRateMetersPerSecond,PseudorangeRateUncertaintyMetersPerSecond,AccumulatedDeltaRangeState,AccumulatedDeltaRangeMeters,AccumulatedDeltaRangeUncertaintyMeters,CarrierFrequencyHz,CarrierCycles,CarrierPhase,CarrierPhaseUncertainty,MultipathIndicator,SnrInDb,ConstellationType,AgcDb,BasebandCn0DbHz,FullInterSignalBiasNanos,FullInterSignalBiasUncertaintyNanos,SatelliteInterSignalBiasNanos,SatelliteInterSignalBiasUncertaintyNanos,CodeType,ChipsetElapsedRealtimeNanos,IsFullTracking
# 
# UncalAccel,utcTimeMillis,elapsedRealtimeNanos,UncalAccelXMps2,UncalAccelYMps2,UncalAccelZMps2,BiasXMps2,BiasYMps2,BiasZMps2
# 
# Accel,utcTimeMillis,elapsedRealtimeNanos,AccelXMps2,AccelYMps2,AccelZMps2
# 
# UncalGyro,utcTimeMillis,elapsedRealtimeNanos,UncalGyroXRadPerSec,UncalGyroYRadPerSec,UncalGyroZRadPerSec,DriftXRadPerSec,DriftYRadPerSec,DriftZRadPerSec
# 
# Gyro,utcTimeMillis,elapsedRealtimeNanos,GyroXRadPerSec,GyroYRadPerSec,GyroZRadPerSec
# 
# UncalMag,utcTimeMillis,elapsedRealtimeNanos,UncalMagXMicroT,UncalMagYMicroT,UncalMagZMicroT,BiasXMicroT,BiasYMicroT,BiasZMicroT
# 
# Mag,utcTimeMillis,elapsedRealtimeNanos,MagXMicroT,MagYMicroT,MagZMicroT
# 
# Pressure,utcTimeMillis,elapsedRealtimeNanos,PressureHpa
# 
# OrientationDeg,utcTimeMillis,elapsedRealtimeNanos,yawDeg,rollDeg,pitchDeg
# 
# Fix,Provider,LatitudeDegrees,LongitudeDegrees,AltitudeMeters,SpeedMps,AccuracyMeters,BearingDegrees,UnixTimeMillis,SpeedAccuracyMps,BearingAccuracyDegrees,elapsedRealtimeNanos,VerticalAccuracyMeters,MockLocation,NumberOfUsedSignals,VerticalSpeedAccuracyMps,SolutionType
# 
# Nav,Svid,Type,Status,MessageId,Sub-messageId,Data(Bytes)
# 
# Status,UnixTimeMillis,SignalCount,SignalIndex,ConstellationType,Svid,CarrierFrequencyHz,Cn0DbHz,AzimuthDegrees,ElevationDegrees,UsedInFix,HasAlmanacData,HasEphemerisData,BasebandCn0DbHz
# 
# Agc,utcTimeMillis,TimeNanos,LeapSecond,TimeUncertaintyNanos,FullBiasNanos,BiasNanos,BiasUncertaintyNanos,DriftNanosPerSecond,DriftUncertaintyNanosPerSecond,HardwareClockDiscontinuityCount,AgcDb,CarrierFrequencyHz,ConstellationType
# 
Fix,NLP,45.0661166000,7.6465148000,307.1000061035156,,16.192,,1742897416725,,,1908008840000000,3.2684221,0,,,
Fix,FLP,45.0661129000,7.6465224000,307.1000061035156,0.23775269,14.906,121.41547,1742897419701,1.5,45.0,1908011816000000,2.8903923,0,,,
Fix,NLP,45.0661128000,7.6465225000,307.1000061035156,,13.62,,1742897419702,,,1908011816000000,2.8903923,0,,,
Status,,1,0,1,18,1575449980,20.97,175.0,30.0,0,1,1,15.970968
Raw,1742897425822,15105000000,,,-1426932628717984744,0.0,1307007965.1110523,,,29,18,0.0,16,20369144,1000000000,20.97096824645996,-345.26230556211294,299792458,16,-1479.3258438328849,340282346638528860000000000000000000000,1575420030,,,,0,,1,33.75603485107422,15.970968246459961,-0.08731148845780326,1.0,-0.08731148845780326,1.0,,1908018311642975,
Status,,1,0,1,18,1575449980,20.74,175.0,30.0,0,1,1,15.740871
Raw,1742897426822,16105000000,,,-1426932628717983734,0.0,1307008271.1110523,,,29,18,0.0,16,20370167,1000000000,18.67000389099121,-344.76204326527113,299792458,16,-1823.8119376900136,340282346638528860000000000000000000000,1575420030,,,,0,,1,35.00495910644531,13.670003890991211,-0.08731148845780326,1.0,-0.08731148845780326,1.0,,1908019300561398,
Raw,1742897427822,17105000000,,,-1426932628717982724,0.0,1307008577.1110523,,,29,18,0.0,16,20371314,1000000000,20.239376068115234,-345.5322045353171,299792458,16,-2169.0683302416446,340282346638528860000000000000000000000,1575420030,,,,0,,1,35.00495910644531,15.23937702178955,-0.08731148845780326,1.0,-0.08731148845780326,1.0,,1908020304283089,
Status,,1,0,1,18,1575449980,20.69,175.0,30.0,0,1,1,15.6907215
Status,,1,0,1,18,1575449980,21.38,175.0,30.0,0,1,1,16.378471
Raw,1742897428822,18105000000,,,-1426932628717981714,0.0,1307008883.1110525,,,29,18,0.0,16,555372568,1000000000,21.37847137451172,-349.2117465415197,299792458,16,-933.1352118949733,340282346638528860000000000000000000000,1575420030,,,,1,,1,34.6890754699707,16.37847137451172,-0.08731148845780326,1.0,-0.08731148845780326,1.0,,1908021298156742,
Fix,NLP,45.0661134000,7.6465240000,307.1000061035156,,14.364,,1742897426762,,,1908018877000000,2.865556,0,,,
Fix,FLP,45.0661133000,7.6465241000,307.1000061035156,0.029782224,14.364,,1742897426762,1.5,,1908018877000000,2.865556,0,,,
Status,,1,0,1,18,1575449980,21.33,175.0,30.0,0,1,1,16.330824
Raw,1742897429822,19105000000,,,-1426932628717980704,0.0,1307009189.1110523,,,29,18,0.0,16,15373724,1000000000,20.90200424194336,-351.0501883288166,299792458,16,-1284.354105972519,340282346638528860000000000000000000000,1575420030,,,,0,,1,33.296356201171875,15.902003288269043,-0.08731148845780326,1.0,-0.08731148845780326,1.0,,1908022321463742,
Status,,1,0,1,18,1575449980,21.39,175.0,30.0,0,1,1,16.394321
Raw,1742897430822,20105000000,,,-1426932628717979694,0.0,1307009495.1110525,,,29,18,0.0,17,374874,82,21.39432144165039,-350.3174155135762,1.21418245451048,16,-1636.1422354802853,340282346638528860000000000000000000000,1575420030,,,,0,,1,34.10702896118164,16.39432144165039,-0.08731148845780326,1.0,-0.08731148845780326,1.0,,1908023310245664,
Raw,1742897431822,21105000000,,,-1426932628717978683,0.0,1307009801.1110523,,,29,18,0.0,17,376041,71,23.177091598510742,-349.7929887550597,1.134013460635253,16,-1987.1009767729843,340282346638528860000000000000000000000,1575420030,,,,0,,1,31.94561004638672,18.177091598510742,-0.08731148845780326,1.0,-0.08731148845780326,1.0,,1908024294956317,
Status,,1,0,1,18,1575449980,23.18,175.0,30.0,0,1,1,18.177092
Raw,1742897432822,22105000000,,,-1426932628717977673,0.0,1307010107.1110523,,,29,18,0.0,17,377205,68,23.773597717285156,-349.310074428588,1.1071896354096307,16,-2337.006656068944,340282346638528860000000000000000000000,1575420030,,,,0,,1,34.44438552856445,18.773597717285156,-0.08731148845780326,1.0,-0.08731148845780326,1.0,,1908025301205855,
Status,,1,0,1,18,1575449980,23.77,175.0,30.0,0,1,1,18.773598
Status,,1,0,1,18,1575449980,23.73,175.0,30.0,0,1,1,18.729342
Raw,1742897433822,23105000000,,,-1426932628717976663,0.0,1307010413.1110523,,,29,18,0.0,17,378357,70,23.331029891967773,-348.8824759290528,1.1270913935962277,16,-2685.0497690937505,340282346638528860000000000000000000000,1575420030,,,,0,,1,30.312210083007812,18.331029891967773,-0.08731148845780326,1.0,-0.08731148845780326,1.0,,1908026305350969,
Fix,FLP,45.0661141000,7.6465202000,307.1000061035156,0.06113187,14.52,,1742897431782,1.5,,1908023897000000,3.388319,0,,,
Fix,NLP,45.0661141000,7.6465201000,307.1000061035156,,14.52,,1742897431783,,,1908023897000000,3.388319,0,,,
Raw,1742897434822,24105000000,,,-1426932628717975654,0.0,1307010719.1110523,,,29,18,0.0,17,379514,82,21.45779037475586,-348.5352097795419,1.2113292469880568,16,-3034.0283287890247,340282346638528860000000000000000000000,1575420030,,,,0,,1,34.6890754699707,16.45779037475586,-0.08731148845780326,1.0,-0.08731148845780326,1.0,,1908027320585199,
Status,,1,0,1,18,1575449980,23.50,175.0,30.0,0,1,1,18.502186
Raw,1742897435822,25105000000,,,-1426932628717974644,0.0,1307011025.1110525,,,29,18,0.0,51,15380678,84,21.119327545166016,-348.3417236738619,1.2265497265174075,16,-3382.0066445153047,340282346638528860000000000000000000000,1575420030,,,,0,,1,35.23455810546875,16.119327545166016,-0.08731148845780326,1.0,-0.08731148845780326,1.0,,1908028311322891,
Status,,1,0,1,18,1575449980,23.26,175.0,30.0,0,1,1,18.2639
Raw,1742897436822,26105000000,,,-1426932628717973634,0.0,1307011331.1110523,,,29,18,0.0,51,15381830,87,20.65781593322754,-348.45716095410467,1.2473035461170747,16,-3729.033806243729,340282346638528860000000000000000000000,1575420030,,,,0,,1,33.93330383300781,15.657815933227539,-0.08731148845780326,1.0,-0.08731148845780326,1.0,,1908029298881044,
Status,,1,0,1,18,1575449980,23.00,175.0,30.0,0,1,1,18.003292
Raw,1742897437822,27105000000,,,-1426932628717972624,0.0,1307011637.1110525,,,29,18,0.0,51,15382972,91,20.09905242919922,-348.5658499079559,1.272430704053921,16,-4077.5319499699053,340282346638528860000000000000000000000,1575420030,,,,1,,1,33.5750732421875,15.099052429199219,-0.08731148845780326,1.0,-0.08731148845780326,1.0,,1908030305149659,
Status,,1,0,1,18,1575449980,22.71,175.0,30.0,0,1,1,17.712868
Raw,1742897438822,28105000000,,,-1426932628717971614,0.0,1307011943.1110523,,,29,18,0.0,51,15384086,94,19.733240127563477,-348.71100709028656,1.2888809478446044,16,-4426.302288244536,340282346638528860000000000000000000000,1575420030,,,,1,,1,33.5750732421875,14.733240127563477,-0.08731148845780326,1.0,-0.08731148845780326,1.0,,1908031305551350,
Status,,1,0,1,18,1575449980,22.41,175.0,30.0,0,1,1,17.414906
Fix,FLP,45.0661133000,7.6465217000,307.1000061035156,0.025714848,14.274,,1742897436779,1.5,,1908028893000000,2.930007,0,,,
Fix,NLP,45.0661133000,7.6465218000,307.1000061035156,,14.028,,1742897436778,,,1908028893000000,2.930007,0,,,
Raw,1742897439822,29105000000,,,-1426932628717970604,0.0,1307012249.1110523,,,29,18,0.0,51,15385276,95,19.529541015625,-348.6431148368931,1.2980415399772802,16,-4775.396310524885,340282346638528860000000000000000000000,1575420030,,,,0,,1,34.6890754699707,14.529541015625,-0.08731148845780326,1.0,-0.08731148845780326,1.0,,1908032327784619,
Status,,1,0,1,18,1575449980,22.13,175.0,30.0,0,1,1,17.12637
Raw,1742897440822,30105000000,,,-1426932628717969594,0.0,1307012555.1110525,,,29,18,0.0,51,15386424,98,19.20870590209961,-348.56070345702096,1.3124692029886882,16,-5125.045072712941,340282346638528860000000000000000000000,1575420030,,,,0,,1,33.5750732421875,14.20870590209961,-0.08731148845780326,1.0,-0.08731148845780326,1.0,,1908033305729464,
Status,,1,0,1,18,1575449980,21.83,175.0,30.0,0,1,1,16.834602
Raw,1742897441822,31105000000,,,-1426932628717968584,0.0,1307012861.1110523,,,29,18,0.0,51,15387660,95,19.570388793945312,-348.51598727406304,1.2962049482283264,16,-5475.3031202565535,340282346638528860000000000000000000000,1575420030,,,,1,,1,33.5750732421875,14.570389747619629,-0.08731148845780326,1.0,-0.08731148845780326,1.0,,1908034306953887,
Status,,1,0,1,18,1575449980,21.61,175.0,30.0,0,1,1,16.608181
Raw,1742897442822,32105000000,,,-1426932628717967574,0.0,1307013167.1110525,,,29,18,0.0,51,15388860,95,19.545818328857422,-348.5356869339332,1.2973102316425935,16,-5823.709943523602,340282346638528860000000000000000000000,1575420030,,,,1,,1,34.44438552856445,14.545817375183105,-0.08731148845780326,1.0,-0.08731148845780326,1.0,,1908035312278540,
Status,,1,0,1,18,1575449980,21.40,175.0,30.0,0,1,1,16.401945
Raw,1742897443822,33105000000,,,-1426932628717966563,0.0,1307013473.1110523,,,29,18,0.0,51,15390003,100,19.000877380371094,-348.5449232796509,1.32181565101709,16,-6172.121516803859,340282346638528860000000000000000000000,1575420030,,,,0,,1,23.21692657470703,14.000877380371094,-0.08731148845780326,1.0,-0.08731148845780326,1.0,,1908036305331039,
Raw,1742897443822,33105000000,,,-1426932628717966563,0.0,1307013473.1110523,,,29,28,0.0,65586,15697725,1000000000,23.183900833129883,-182.03238942339544,299792458,16,-1084.2941331089817,340282346638528860000000000000000000000,1561097980,,,,0,,5,47.02027130126953,18.183900833129883,9.342329576611519,2.500692349107121,9.342329576611519,1.5000000237487257,,1908036305331039,
Status,,2,0,5,28,1575449980,23.18,209.0,44.0,0,1,1,18.1839
Status,,2,1,1,18,1575449980,21.16,175.0,30.0,0,1,1,16.161839
Fix,NLP,45.0661153000,7.6465132000,307.1000061035156,,14.512,,1742897441834,,,1908033948000000,2.4575725,0,,,
Fix,FLP,45.0661153000,7.6465133000,307.1000061035156,0.12943311,14.512,287.97195,1742897441833,1.5,45.0,1908033948000000,2.4575725,0,,,
Raw,1742897444822,34105000000,,,-1426932628717965553,0.0,1307013779.1110525,,,29,18,0.0,51,15391223,101,18.851774215698242,-348.61806423134885,1.3285208417995698,16,-6520.776542361285,340282346638528860000000000000000000000,1575420030,,,,1,,1,33.31992721557617,13.851774215698242,-0.08731148845780326,1.0,-0.08731148845780326,1.0,,1908037319737769,
Raw,1742897444822,34105000000,,,-1426932628717965553,0.0,1307013779.1110525,,,29,28,0.0,65587,15698350,99,20.21784210205078,-182.42120208740766,1.2671456600047568,16,-1267.2954437711257,340282346638528860000000000000000000000,1561097980,,,,0,,5,47.14895248413086,15.217842102050781,9.342329576611519,2.500692349107121,9.342329576611519,1.5000000237487257,,1908037319737769,
Status,,2,0,5,28,1575449980,22.89,209.0,44.0,0,1,1,17.887295
Status,,2,1,1,18,1575449980,20.93,175.0,30.0,0,1,1,15.930832
Raw,1742897445822,35105000000,,,-1426932628717964543,0.0,1307014085.1110523,,,29,18,0.0,51,15392329,104,18.41977310180664,-348.83557846887743,1.34794757574838,16,-6869.918163143623,340282346638528860000000000000000000000,1575420030,,,,0,,1,34.6890754699707,13.41977310180664,-0.08731148845780326,1.0,-0.08731148845780326,1.0,,1908038311028653,
Raw,1742897445822,35105000000,,,-1426932628717964543,0.0,1307014085.1110523,,,29,28,0.0,65587,15698951,45,20.20553970336914,-182.81117355494166,1.2676988342502735,16,-1450.7030198051186,340282346638528860000000000000000000000,1561097980,,,,0,,5,47.400733947753906,15.20553970336914,9.342329576611519,2.500692349107121,9.342329576611519,1.5000000237487257,,1908038311028653,
Status,,2,0,5,28,1575449980,22.62,209.0,44.0,0,1,1,17.61912
Status,,2,1,1,18,1575449980,20.68,175.0,30.0,0,1,1,15.679726
Raw,1742897446822,36105000000,,,-1426932628717963534,0.0,1307014391.1110523,,,29,18,0.0,51,15393392,103,18.606460571289062,-348.72412883604784,1.3395527738107011,16,-7219.95197651372,340282346638528860000000000000000000000,1575420030,,,,1,,1,33.5750732421875,13.606460571289062,-0.08731148845780326,1.0,-0.08731148845780326,1.0,,1908039310454345,
Raw,1742897446822,36105000000,,,-1426932628717963534,0.0,1307014391.1110523,,,29,28,0.0,65587,15699571,45,20.081836700439453,-182.9151420885645,1.273261730200856,16,-1632.4248350511943,340282346638528860000000000000000000000,1561097980,,,,0,,5,46.41637420654297,15.081836700439453,9.342329576611519,2.500692349107121,9.342329576611519,1.5000000237487257,,1908039310454345,
Status,,2,0,5,28,1575449980,22.37,209.0,44.0,0,1,1,17.36539
Status,,2,1,1,18,1575449980,20.47,175.0,30.0,0,1,1,15.472399
Raw,1742897447822,37105000000,,,-1426932628717962524,0.0,1307014697.1110525,,,29,18,0.0,51,15394553,109,17.917011260986328,-348.63841145789297,1.3705567590750078,16,-7568.685028036135,340282346638528860000000000000000000000,1575420030,,,,1,,1,33.5750732421875,12.917011260986328,-0.08731148845780326,1.0,-0.08731148845780326,1.0,,1908040306731075,
Raw,1742897447822,37105000000,,,-1426932628717962524,0.0,1307014697.1110525,,,29,28,0.0,65587,15700208,39,21.825057983398438,-183.26900319341257,1.1948711482562215,16,-1815.8031568113247,340282346638528860000000000000000000000,1561097980,,,,1,,5,46.757041931152344,16.825057983398438,9.342329576611519,2.500692349107121,9.342329576611519,1.5000000237487257,,1908040306731075,
Status,,2,0,5,28,1575449980,22.31,209.0,44.0,0,1,1,17.311357
Status,,2,1,1,18,1575449980,20.22,175.0,30.0,0,1,1,15.21686
Raw,1742897448822,38105000000,,,-1426932628717961514,0.0,1307015003.1110523,,,29,18,0.0,51,15395605,114,17.356037139892578,-348.7726281716798,1.3957833685549108,16,-7917.944729464807,340282346638528860000000000000000000000,1575420030,,,,1,,1,33.75603485107422,12.356037139892578,-0.08731148845780326,1.0,-0.08731148845780326,1.0,,1908041302989728,
Raw,1742897448822,38105000000,,,-1426932628717961514,0.0,1307015003.1110523,,,29,28,0.0,65587,15700830,40,21.525787353515625,-183.55589227119333,1.2083291920064747,16,-1999.7549276081527,340282346638528860000000000000000000000,1561097980,,,,1,,5,46.276275634765625,16.525787353515625,9.342329576611519,2.500692349107121,9.342329576611519,1.5000000237487257,,1908041302989728,
Status,,2,0,5,28,1575449980,22.23,209.0,44.0,0,1,1,17.2328
Status,,2,1,1,18,1575449980,19.93,175.0,30.0,0,1,1,14.930778
Fix,FLP,45.0661152000,7.6465130000,307.1000061035156,0.010527806,12.742,,1742897446900,1.5,,1908039014000000,3.3200705,0,,,
Fix,NLP,45.0661152000,7.6465131000,307.1000061035156,,12.742,,1742897446899,,,1908039014000000,3.3200705,0,,,
Raw,1742897449822,39105000000,,,-1426932628717960504,0.0,1307015309.1110525,,,29,18,0.0,50,15396917,1000000000,16.983774185180664,-349.11321415971224,299792458,16,-8267.420340466126,340282346638528860000000000000000000000,1575420030,,,,1,,1,34.44438552856445,11.983774185180664,-0.08731148845780326,1.0,-0.08731148845780326,1.0,,1908042322747420,
Raw,1742897449822,39105000000,,,-1426932628717960504,0.0,1307015309.1110525,,,29,28,0.0,65587,15701444,42,21.061782836914062,-183.96057031871692,1.229195110935799,16,-2183.0598597085436,340282346638528860000000000000000000000,1561097980,,,,1,,5,47.400733947753906,16.061782836914062,9.342329576611519,2.500692349107121,9.342329576611519,1.5000000237487257,,1908042322747420,
Status,,2,0,5,28,1575449980,22.12,209.0,44.0,0,1,1,17.115698
Status,,2,1,1,18,1575449980,19.64,175.0,30.0,0,1,1,14.636077
Raw,1742897450822,40105000000,,,-1426932628717959494,0.0,1307015615.1110523,,,29,18,0.0,50,15398094,1000000000,17.123092651367188,-349.4605825565927,299792458,16,-8616.786283783606,340282346638528860000000000000000000000,1575420030,,,,1,,1,34.44438552856445,12.123092651367188,-0.08731148845780326,1.0,-0.08731148845780326,1.0,,1908043305271957,
Raw,1742897450822,40105000000,,,-1426932628717959494,0.0,1307015615.1110523,,,29,28,0.0,65587,15702041,53,18.25611114501953,-184.15412458930996,1.3553630395994114,16,-2367.8656263168996,340282346638528860000000000000000000000,1561097980,,,,0,,5,47.88340759277344,13.256111145019531,9.342329576611519,2.500692349107121,9.342329576611519,1.5000000237487257,,1908043305271957,
Status,,2,0,5,28,1575449980,21.73,209.0,44.0,0,1,1,16.72974
Status,,2,1,1,18,1575449980,19.38,175.0,30.0,0,1,1,14.384779
Status,,2,0,5,28,1575449980,21.43,209.0,44.0,0,1,1,16.433655
Status,,2,1,1,18,1575449980,19.20,175.0,30.0,0,1,1,14.201942
Raw,1742897451822,41105000000,,,-1426932628717958484,0.0,1307015921.1110523,,,29,18,0.0,50,15399267,1000000000,17.55641746520996,-349.43031733520047,299792458,16,-8965.267227636303,340282346638528860000000000000000000000,1575420030,,,,1,,1,32.81098556518555,12.556417465209961,-0.08731148845780326,1.0,-0.08731148845780326,1.0,,1908044299653226,
Raw,1742897451822,41105000000,,,-1426932628717958484,0.0,1307015921.1110523,,,29,28,0.0,65587,15702621,51,18.768890380859375,-184.222187254986,1.3323039944736017,16,-2552.823473306073,340282346638528860000000000000000000000,1561097980,,,,0,,5,46.061798095703125,13.768890380859375,9.342329576611519,2.500692349107121,9.342329576611519,1.5000000237487257,,1908044299653226,
Status,,2,0,5,28,1575449980,21.48,209.0,44.0,0,1,1,16.478798
Status,,2,1,1,18,1575449980,19.04,175.0,30.0,0,1,1,14.039908
Raw,1742897452822,42105000000,,,-1426932628717957474,0.0,1307016227.1110523,,,29,18,0.0,50,15400414,1000000000,17.581600189208984,-349.3061890285444,299792458,16,-9313.72742055409,340282346638528860000000000000000000000,1575420030,,,,1,,1,29.13809585571289,12.581600189208984,-0.08731148845780326,1.0,-0.08731148845780326,1.0,,1908045303798687,
Raw,1742897452822,42105000000,,,-1426932628717957474,0.0,1307016227.1110523,,,29,28,0.0,65587,15703217,41,21.478797912597656,-184.16791094297344,1.2104425705800805,16,-2737.318566163023,340282346638528860000000000000000000000,1561097980,,,,1,,5,45.14664840698242,16.478797912597656,9.342329576611519,2.500692349107121,9.342329576611519,1.5000000237487257,,1908045303798687,
Raw,1742897453822,43105000000,,,-1426932628717956464,0.0,1307016533.1110523,,,29,18,0.0,51,15401564,106,18.174942016601562,-349.5670902332265,1.3589591381663553,16,-9662.528076962766,340282346638528860000000000000000000000,1575420030,,,,0,,1,33.5750732421875,13.174942016601562,-0.08731148845780326,1.0,-0.08731148845780326,1.0,,1908046302927724,
Raw,1742897453822,43105000000,,,-1426932628717956464,0.0,1307016533.1110523,,,29,28,0.0,65587,15703845,46,19.83898162841797,-184.2003744828114,1.2841834267666714,16,-2921.9383395238337,340282346638528860000000000000000000000,1561097980,,,,1,,5,47.765228271484375,14.838980674743652,9.342329576611519,2.500692349107121,9.342329576611519,1.5000000237487257,,1908046302927724,
Status,,2,0,5,28,1575449980,21.31,209.0,44.0,0,1,1,16.314816
Status,,2,1,1,18,1575449980,18.95,175.0,30.0,0,1,1,13.953412
Fix,NLP,45.0661153000,7.6465262000,307.1000061035156,,15.281,,1742897451889,,,1908044003000000,2.8253188,0,,,
Fix,FLP,45.0661153000,7.6465260000,307.1000061035156,0.19401072,14.011,89.46522,1742897451888,1.5,45.0,1908044003000000,2.8253188,0,,,
Status,,2,0,5,28,1575449980,21.10,209.0,44.0,0,1,1,16.09513
Status,,2,1,1,18,1575449980,18.91,175.0,30.0,0,1,1,13.912838
Raw,1742897454822,44105000000,,,-1426932628717955454,0.0,1307016839.1110525,,,29,18,0.0,51,15402774,103,18.54767608642578,-349.65948777285985,1.3421978919599011,16,-10011.146066109668,340282346638528860000000000000000000000,1575420030,,,,0,,1,32.81098556518555,13.547676086425781,-0.08731148845780326,1.0,-0.08731148845780326,1.0,,1908047327082839,
Raw,1742897454822,44105000000,,,-1426932628717955454,0.0,1307016839.1110525,,,29,28,0.0,65587,15704509,49,19.11795997619629,-184.15744762882093,1.3166071593605064,16,-3106.2459551043344,340282346638528860000000000000000000000,1561097980,,,,0,,5,47.765228271484375,14.117959976196289,9.342329576611519,2.500692349107121,9.342329576611519,1.5000000237487257,,1908047327082839,
Raw,1742897455822,45105000000,,,-1426932628717954443,0.0,1307017145.1110523,,,29,18,0.0,51,15403986,100,18.972951889038086,-349.85955179264874,1.3230739060819223,16,-10360.778747040576,340282346638528860000000000000000000000,1575420030,,,,1,,1,34.848453521728516,13.972951889038086,-0.08731148845780326,1.0,-0.08731148845780326,1.0,,1908048302559108,
Raw,1742897455822,45105000000,,,-1426932628717954443,0.0,1307017145.1110523,,,29,28,0.0,65587,15705174,48,19.364643096923828,-184.17588623779977,1.3055142517045022,16,-3290.225764366188,340282346638528860000000000000000000000,1561097980,,,,1,,5,47.52394104003906,14.364642143249512,9.342329576611519,2.500692349107121,9.342329576611519,1.5000000237487257,,1908048302559108,
Status,,2,0,5,28,1575449980,20.92,209.0,44.0,0,1,1,15.922082
Status,,2,1,1,18,1575449980,18.97,175.0,30.0,0,1,1,13.972952
Status,,2,0,5,28,1575449980,20.64,209.0,44.0,0,1,1,15.636283
Status,,2,1,1,18,1575449980,18.93,175.0,30.0,0,1,1,13.931745
Raw,1742897456822,46105000000,,,-1426932628717953433,0.0,1307017451.1110525,,,29,18,0.0,51,15405141,103,18.56087875366211,-349.7500789422975,1.341604644201051,16,-10710.862257980554,340282346638528860000000000000000000000,1575420030,,,,1,,1,33.008399963378906,13.56087875366211,-0.08731148845780326,1.0,-0.08731148845780326,1.0,,1908049306696799,
Raw,1742897456822,46105000000,,,-1426932628717953433,0.0,1307017451.1110525,,,29,28,0.0,65587,15705796,54,18.06409454345703,-184.35280826960968,1.3639985488862827,16,-3474.277172400651,340282346638528860000000000000000000000,1561097980,,,,1,,5,46.41637420654297,13.064094543457031,9.342329576611519,2.500692349107121,9.342329576611519,1.5000000237487257,,1908049306696799,
Raw,1742897457822,47105000000,,,-1426932628717952423,0.0,1307017757.1110523,,,29,18,0.0,51,15406300,108,17.971012115478516,-349.72625530518803,1.3681303810666945,16,-11061.41706355604,340282346638528860000000000000000000000,1575420030,,,,1,,1,27.299327850341797,12.971012115478516,-0.08731148845780326,1.0,-0.08731148845780326,1.0,,1908050310653568,
Raw,1742897457822,47105000000,,,-1426932628717952423,0.0,1307017757.1110523,,,29,28,0.0,65587,15706382,48,19.527570724487305,-184.2935900014013,1.2981875886288643,16,-3658.917164768847,340282346638528860000000000000000000000,1561097980,,,,1,,5,44.39087677001953,14.527570724487305,9.342329576611519,2.500692349107121,9.342329576611519,1.5000000237487257,,1908050310653568,
Status,,2,0,5,28,1575449980,20.53,209.0,44.0,0,1,1,15.525412
Status,,2,1,1,18,1575449980,18.84,175.0,30.0,0,1,1,13.835671
Status,,2,0,5,28,1575449980,20.88,209.0,44.0,0,1,1,15.880806
Status,,2,1,1,18,1575449980,18.74,175.0,30.0,0,1,1,13.7362
Raw,1742897458822,48105000000,,,-1426932628717951414,0.0,1307018063.1110523,,,29,18,0.0,51,15407377,109,17.840959548950195,-349.6658271097731,1.373978983859847,16,-11412.59249969327,340282346638528860000000000000000000000,1575420030,,,,0,,1,33.2014274597168,12.840959548950195,-0.08731148845780326,1.0,-0.08731148845780326,1.0,,1908051308321990,
Raw,1742897458822,48105000000,,,-1426932628717951414,0.0,1307018063.1110523,,,29,28,0.0,65587,15706994,43,20.88080596923828,-184.1957051862678,1.237334294449557,16,-3843.3813857113983,340282346638528860000000000000000000000,1561097980,,,,1,,5,47.400733947753906,15.880805969238281,9.342329576611519,2.500692349107121,9.342329576611519,1.5000000237487257,,1908051308321990,
Fix,NLP,45.0661137000,7.6465187000,307.1000061035156,,13.581,,1742897456885,,,1908049000000000,3.0531657,0,,,
Fix,FLP,45.0661137000,7.6465189000,307.1000061035156,0.10046637,14.431,250.74597,1742897456885,1.5,45.0,1908049000000000,3.0531657,0,,,
Raw,1742897459822,49105000000,,,-1426932628717950404,0.0,1307018369.1110523,,,29,18,0.0,51,15408447,117,16.98074722290039,-350.158011864419,1.412661906340258,16,-11763.906647694934,340282346638528860000000000000000000000,1575420030,,,,1,,1,34.6890754699707,11.98074722290039,-0.08731148845780326,1.0,-0.08731148845780326,1.0,,1908052326150028,
Raw,1742897459822,49105000000,,,-1426932628717950404,0.0,1307018369.1110523,,,29,28,0.0,65587,15707621,44,20.58143424987793,-184.17252911583228,1.250796864776067,16,-4027.1928341178796,340282346638528860000000000000000000000,1561097980,,,,1,,5,47.02027130126953,15.58143424987793,9.342329576611519,2.500692349107121,9.342329576611519,1.5000000237487257,,1908052326150028,
Status,,2,0,5,28,1575449980,20.85,209.0,44.0,0,1,1,15.850869
Status,,2,1,1,18,1575449980,18.56,175.0,30.0,0,1,1,13.560655
Raw,1742897460822,50105000000,,,-1426932628717949394,0.0,1307018675.1110523,,,29,18,0.0,51,15409489,121,16.56781005859375,-350.234220237204,1.431231386626762,16,-12114.758539138536,340282346638528860000000000000000000000,1575420030,,,,1,,1,31.045766830444336,11.56781005859375,-0.08731148845780326,1.0,-0.08731148845780326,1.0,,1908053311273796,
Raw,1742897460822,50105000000,,,-1426932628717949394,0.0,1307018675.1110523,,,29,28,0.0,65587,15708252,46,19.94293212890625,-183.9279022841398,1.2795097367813852,16,-4210.463654710999,340282346638528860000000000000000000000,1561097980,,,,0,,5,45.841888427734375,14.942931175231934,9.342329576611519,2.500692349107121,9.342329576611519,1.5000000237487257,,1908053311273796,
Status,,2,0,5,28,1575449980,20.76,209.0,44.0,0,1,1,15.760076
Status,,2,1,1,18,1575449980,18.36,175.0,30.0,0,1,1,13.36137
Status,,2,0,5,28,1575449980,20.40,209.0,44.0,0,1,1,15.399266
Status,,2,1,1,18,1575449980,18.11,175.0,30.0,0,1,1,13.10686
Raw,1742897461822,51105000000,,,-1426932628717948384,0.0,1307018981.1110525,,,29,18,0.0,50,15410840,1000000000,15.81627082824707,-350.0791450600252,299792458,16,-12464.907906616598,340282346638528860000000000000000000000,1575420030,,,,1,,1,32.608978271484375,10.81627082824707,-0.08731148845780326,1.0,-0.08731148845780326,1.0,,1908054310480411,
Raw,1742897461822,51105000000,,,-1426932628717948384,0.0,1307018981.1110525,,,29,28,0.0,65587,15708887,58,17.15198516845703,-183.5142264680942,1.4050155871001229,16,-4393.2780909855865,340282346638528860000000000000000000000,1561097980,,,,1,,5,48.340667724609375,12.151985168457031,9.342329576611519,2.500692349107121,9.342329576611519,1.5000000237487257,,1908054310480411,
Raw,1742897462822,52105000000,,,-1426932628717947374,0.0,1307019287.1110523,,,29,18,0.0,51,15412065,107,18.077661514282227,-349.75992877223257,1.3633355385992374,16,-12814.272156172668,340282346638528860000000000000000000000,1575420030,,,,1,,1,32.81098556518555,13.077661514282227,-0.08731148845780326,1.0,-0.08731148845780326,1.0,,1908055302623141,
Raw,1742897462822,52105000000,,,-1426932628717947374,0.0,1307019287.1110523,,,29,28,0.0,65587,15709437,41,21.189674377441406,-183.25828426083615,1.22344542714732,16,-4575.454668596836,340282346638528860000000000000000000000,1561097980,,,,0,,5,47.52394104003906,16.189674377441406,9.342329576611519,2.500692349107121,9.342329576611519,1.5000000237487257,,1908055302623141,
Status,,2,0,5,28,1575449980,21.19,209.0,44.0,0,1,1,16.189674
Status,,2,1,1,18,1575449980,18.10,175.0,30.0,0,1,1,13.10394
Status,,3,0,5,28,1575449980,21.19,209.0,44.0,0,1,1,16.185797
Status,,3,1,1,18,1575449980,19.12,175.0,30.0,0,1,1,14.11579
Status,,3,2,3,21,1604249980,20.77,202.0,24.0,0,1,1,15.767126
Raw,1742897463822,53105000000,,,-1426932628717946364,0.0,1307019593.1110525,,,29,18,0.0,51,15413262,99,19.11579132080078,-349.58910750014024,1.31665229198848,16,-13163.627000593395,340282346638528860000000000000000000000,1575420030,,,,0,,1,28.423786163330078,14.115790367126465,-0.08731148845780326,1.0,-0.08731148845780326,1.0,,1908056312563794,
Raw,1742897463822,53105000000,,,-1426932628717946364,0.0,1307019593.1110525,,,29,21,0.0,16,17940888,1000000000,20.767126083374023,-481.3622114016516,299792458,16,-3284.1345106251147,340282346638528860000000000000000000000,1604249980,,,,0,,3,53.75603485107422,15.767126083374023,4.656612873077393,2.0000000474974513,4.656612873077393,2.0000000474974513,,1908056312563794,
Raw,1742897463822,53105000000,,,-1426932628717946364,0.0,1307019593.1110525,,,29,28,0.0,65587,15710004,42,21.150901794433594,-183.45144658317918,1.2251890909484109,16,-4757.677278628198,340282346638528860000000000000000000000,1561097980,,,,0,,5,47.14895248413086,16.150901794433594,9.342329576611519,2.500692349107121,9.342329576611519,1.5000000237487257,,1908056312563794,
Fix,FLP,45.0661125000,7.6465291000,307.1000061035156,0.14910056,14.399,100.53752,1742897461916,1.5,45.0,1908054030000000,3.0385344,0,,,
Fix,NLP,45.0661125000,7.6465293000,307.1000061035156,,14.399,,1742897461915,,,1908054030000000,3.0385344,0,,,
Raw,1742897464822,54105000000,,,-1426932628717945354,0.0,1307019899.1110523,,,29,18,0.0,51,15414478,98,19.22789192199707,-349.76166697751523,1.3116114167879989,16,-13513.536720238259,340282346638528860000000000000000000000,1575420030,,,,1,,1,34.848453521728516,14.22789192199707,-0.08731148845780326,1.0,-0.08731148845780326,1.0,,1908057323482024,
Raw,1742897464822,54105000000,,,-1426932628717945354,0.0,1307019899.1110523,,,29,21,0.0,17,943155,826,19.96039581298828,-481.304543885215,1.2791265754146952,16,-3765.621254981118,340282346638528860000000000000000000000,1604249980,,,,0,,3,50.585201263427734,14.960394859313965,4.656612873077393,2.0000000474974513,4.656612873077393,2.0000000474974513,,1908057323482024,
Raw,1742897464822,54105000000,,,-1426932628717945354,0.0,1307019899.1110523,,,29,28,0.0,65587,15710674,38,22.121097564697266,-183.41763678630855,1.1815604845035104,16,-4939.9214283847705,340282346638528860000000000000000000000,1561097980,,,,1,,5,46.276275634765625,17.121097564697266,9.342329576611519,2.500692349107121,9.342329576611519,1.5000000237487257,,1908057323482024,
Status,,3,0,5,28,1575449980,22.12,209.0,44.0,0,1,1,17.121098
Status,,3,1,1,18,1575449980,19.23,175.0,30.0,0,1,1,14.227892
Status,,3,2,3,21,1604249980,20.69,202.0,24.0,0,1,1,15.686453
Status,,3,0,5,28,1575449980,22.07,209.0,44.0,0,1,1,17.073574
Status,,3,1,1,18,1575449980,19.80,175.0,30.0,0,1,1,14.795842
Status,,3,2,3,21,1604249980,21.56,202.0,24.0,0,1,1,16.563667
Raw,1742897465822,55105000000,,,-1426932628717944344,0.0,1307020205.1110523,,,29,18,0.0,51,15415641,93,19.795841217041016,-349.737400268471,1.2860715416041968,16,-13864.311880584115,340282346638528860000000000000000000000,1575420030,,,,1,,1,32.608978271484375,14.795842170715332,-0.08731148845780326,1.0,-0.08731148845780326,1.0,,1908058317963985,
Raw,1742897465822,55105000000,,,-1426932628717944344,0.0,1307020205.1110523,,,29,21,0.0,17,944740,162,21.56366729736328,-481.00502725729257,1.207029532082351,16,-4247.404250299829,340282346638528860000000000000000000000,1604249980,,,,0,,3,50.755516052246094,16.56366729736328,4.656612873077393,2.0000000474974513,4.656612873077393,2.0000000474974513,,1908058317963985,
Raw,1742897465822,55105000000,,,-1426932628717944344,0.0,1307020205.1110523,,,29,28,0.0,65587,15711257,40,21.64585304260254,-183.25489305641213,1.202931782358462,16,-5122.337593065982,340282346638528860000000000000000000000,1561097980,,,,0,,5,48.11504364013672,16.64585304260254,9.342329576611519,2.500692349107121,9.342329576611519,1.5000000237487257,,1908058317963985,
Status,,3,0,5,28,1575449980,22.24,209.0,44.0,0,1,1,17.2352
Status,,3,1,1,18,1575449980,20.42,175.0,30.0,0,1,1,15.417995
Status,,3,2,3,21,1604249980,21.50,202.0,24.0,0,1,1,16.495031
Raw,1742897466822,56105000000,,,-1426932628717943334,0.0,1307020511.1110523,,,29,18,0.0,51,15416799,89,20.41799545288086,-349.5761902491181,1.2580942382406306,16,-14215.42131818516,340282346638528860000000000000000000000,1575420030,,,,0,,1,26.840160369873047,15.41799545288086,-0.08731148845780326,1.0,-0.08731148845780326,1.0,,1908059315002254,
Raw,1742897466822,56105000000,,,-1426932628717943334,0.0,1307020511.1110523,,,29,21,0.0,17,946275,172,20.87731170654297,-480.8249014745695,1.2378943916940548,16,-4729.4564240171585,340282346638528860000000000000000000000,1604249980,,,,0,,3,36.68738555908203,15.877311706542969,4.656612873077393,2.0000000474974513,4.656612873077393,2.0000000474974513,,1908059315002254,
Raw,1742897466822,56105000000,,,-1426932628717943334,0.0,1307020511.1110523,,,29,28,0.0,65587,15711870,38,22.235200881958008,-183.2447535255966,1.1764296103162737,16,-5305.028510881337,340282346638528860000000000000000000000,1561097980,,,,0,,5,40.694583892822266,17.235200881958008,9.342329576611519,2.500692349107121,9.342329576611519,1.5000000237487257,,1908059315002254,
Raw,1742897467822,57105000000,,,-1426932628717942323,0.0,1307020817.1110523,,,29,18,0.0,51,15417943,86,20.76882553100586,-349.6569997535337,1.242318188043039,16,-14566.79225833861,340282346638528860000000000000000000000,1575420030,,,,0,,1,33.5750732421875,15.768824577331543,-0.08731148845780326,1.0,-0.08731148845780326,1.0,,1908060305505791,
Raw,1742897467822,57105000000,,,-1426932628717942323,0.0,1307020817.1110523,,,29,21,0.0,17,947670,150,22.546123504638672,-480.7335604910884,1.1628500146800622,16,-5211.35678158799,340282346638528860000000000000000000000,1604249980,,,,1,,3,50.755516052246094,17.546123504638672,4.656612873077393,2.0000000474974513,4.656612873077393,2.0000000474974513,,1908060305505791,
Raw,1742897467822,57105000000,,,-1426932628717942323,0.0,1307020817.1110523,,,29,28,0.0,65587,15712503,43,20.787551879882812,-183.29379818053292,1.2415288330245868,16,-5488.279346583924,340282346638528860000000000000000000000,1561097980,,,,0,,5,46.276275634765625,15.787552833557129,9.342329576611519,2.500692349107121,9.342329576611519,1.5000000237487257,,1908060305505791,
Status,,3,0,5,28,1575449980,22.09,209.0,44.0,0,1,1,17.090437
Status,,3,1,1,18,1575449980,20.77,175.0,30.0,0,1,1,15.768825
Status,,3,2,3,21,1604249980,22.55,202.0,24.0,0,1,1,17.546124
Status,,3,0,5,28,1575449980,21.70,209.0,44.0,0,1,1,16.6959
Status,,3,1,1,18,1575449980,20.73,175.0,30.0,0,1,1,15.729492
Status,,3,2,3,21,1604249980,22.43,202.0,24.0,0,1,1,17.427334
Raw,1742897468822,58105000000,,,-1426932628717941313,0.0,1307021123.1110525,,,29,18,0.0,51,15419109,89,20.375503540039062,-349.6530121061205,1.2600055184978238,16,-14916.244252290226,340282346638528860000000000000000000000,1575420030,,,,0,,1,33.008399963378906,15.375503540039062,-0.08731148845780326,1.0,-0.08731148845780326,1.0,,1908061302545060,
Raw,1742897468822,58105000000,,,-1426932628717941313,0.0,1307021123.1110525,,,29,21,0.0,17,949361,165,21.35822105407715,-480.2569855015299,1.21626880676114,16,-5693.049804401357,340282346638528860000000000000000000000,1604249980,,,,1,,3,50.585201263427734,16.35822105407715,4.656612873077393,2.0000000474974513,4.656612873077393,2.0000000474974513,,1908061302545060,
Raw,1742897468822,58105000000,,,-1426932628717941313,0.0,1307021123.1110525,,,29,28,0.0,65587,15713098,53,18.145063400268555,-183.40219743350372,1.3603589153065148,16,-5672.657856165197,340282346638528860000000000000000000000,1561097980,,,,0,,5,46.061798095703125,13.145063400268555,9.342329576611519,2.500692349107121,9.342329576611519,1.5000000237487257,,1908061302545060,
Fix,FLP,45.0661128000,7.6465279000,307.1000061035156,0.010698307,15.508,,1742897466948,1.5,,1908059063000000,2.826679,0,,,
Fix,NLP,45.0661128000,7.6465278000,307.1000061035156,,15.508,,1742897466949,,,1908059063000000,2.826679,0,,,
Raw,1742897469822,59105000000,,,-1426932628717940303,0.0,1307021429.1110523,,,29,18,0.0,51,15420260,93,19.88741111755371,-349.57554268244417,1.2819546204985137,16,-15265.360033499195,340282346638528860000000000000000000000,1575420030,,,,1,,1,32.40216064453125,14.887411117553711,-0.08731148845780326,1.0,-0.08731148845780326,1.0,,1908062323440828,
Raw,1742897469822,59105000000,,,-1426932628717940303,0.0,1307021429.1110523,,,29,21,0.0,17,950912,214,18.133203506469727,-479.9733853808036,1.3612945852457425,16,-6174.71564034594,340282346638528860000000000000000000000,1604249980,,,,1,,3,49.67959976196289,13.133203506469727,4.656612873077393,2.0000000474974513,4.656612873077393,2.0000000474974513,,1908062323440828,
Raw,1742897469822,59105000000,,,-1426932628717940303,0.0,1307021429.1110523,,,29,28,0.0,65586,15713706,1000000000,13.093551635742188,-183.4683514816145,299792458,16,-5857.225754458739,340282346638528860000000000000000000000,1561097980,,,,0,,5,46.061798095703125,8.093551635742188,9.342329576611519,2.500692349107121,9.342329576611519,1.5000000237487257,,1908062323440828,
Status,,3,0,5,28,1575449980,20.84,209.0,44.0,0,1,1,15.835665
Status,,3,1,1,18,1575449980,20.65,175.0,30.0,0,1,1,15.645284
Status,,3,2,3,21,1604249980,22.00,202.0,24.0,0,1,1,16.997921
Raw,1742897470822,60105000000,,,-1426932628717939294,0.0,1307021735.1110525,,,29,18,0.0,51,15421352,94,19.779769897460938,-349.5139216010509,1.2867953944015191,16,-15614.14599107304,340282346638528860000000000000000000000,1575420030,,,,1,,1,26.329078674316406,14.779768943786621,-0.08731148845780326,1.0,-0.08731148845780326,1.0,,1908063304029751,
Raw,1742897470822,60105000000,,,-1426932628717939294,0.0,1307021735.1110525,,,29,21,0.0,17,952465,193,19.398685455322266,-480.1958756569845,1.3043875336203126,16,-6656.1983096777985,340282346638528860000000000000000000000,1604249980,,,,1,,3,49.46214294433594,14.398685455322266,4.656612873077393,2.0000000474974513,4.656612873077393,2.0000000474974513,,1908063304029751,
Raw,1742897470822,60105000000,,,-1426932628717939294,0.0,1307021735.1110525,,,29,28,0.0,65586,15714297,1000000000,13.283166885375977,-183.71902794933976,299792458,16,-6041.139664680999,340282346638528860000000000000000000000,1561097980,,,,1,,5,43.753929138183594,8.283166885375977,9.342329576611519,2.500692349107121,9.342329576611519,1.5000000237487257,,1908063304029751,
Status,,3,0,5,28,1575449980,20.08,209.0,44.0,0,1,1,15.080415
Status,,3,1,1,18,1575449980,20.56,175.0,30.0,0,1,1,15.558732
Status,,3,2,3,21,1604249980,21.74,202.0,24.0,0,1,1,16.737997
Raw,1742897471822,61105000000,,,-1426932628717938284,0.0,1307022041.1110523,,,29,18,0.0,51,15422588,89,20.395139694213867,-349.50185641144185,1.259123102396913,16,-15962.700788681232,340282346638528860000000000000000000000,1575420030,,,,0,,1,33.93330383300781,15.395139694213867,-0.08731148845780326,1.0,-0.08731148845780326,1.0,,1908064308610096,
Raw,1742897471822,61105000000,,,-1426932628717938284,0.0,1307022041.1110523,,,29,21,0.0,17,953991,154,22.251815795898438,-480.69971661176123,1.1760857236553424,16,-7137.796154114084,340282346638528860000000000000000000000,1604249980,,,,1,,3,50.585201263427734,17.251815795898438,4.656612873077393,2.0000000474974513,4.656612873077393,2.0000000474974513,,1908064308610096,
Raw,1742897471822,61105000000,,,-1426932628717938284,0.0,1307022041.1110523,,,29,28,0.0,65587,15714926,34,23.594512939453125,-183.66701812068595,1.1153034567828901,16,-6224.990040804094,340282346638528860000000000000000000000,1561097980,,,,0,,5,47.765228271484375,18.594512939453125,9.342329576611519,2.500692349107121,9.342329576611519,1.5000000237487257,,1908064308610096,
Status,,3,0,5,28,1575449980,23.59,209.0,44.0,0,1,1,18.594513
Status,,3,1,1,18,1575449980,20.54,175.0,30.0,0,1,1,15.542373
Status,,3,2,3,21,1604249980,22.25,202.0,24.0,0,1,1,17.251816
Raw,1742897472822,62105000000,,,-1426932628717937274,0.0,1307022347.1110523,,,29,18,0.0,51,15423807,89,20.44318199157715,-349.5403014223996,1.256962993580184,16,-16311.153792686066,340282346638528860000000000000000000000,1575420030,,,,0,,1,34.6890754699707,15.443181991577148,-0.08731148845780326,1.0,-0.08731148845780326,1.0,,1908065309171365,
Raw,1742897472822,62105000000,,,-1426932628717937274,0.0,1307022347.1110523,,,29,21,0.0,17,955525,178,20.45646095275879,-480.82289060963467,1.2568212052356653,16,-7619.271674652527,340282346638528860000000000000000000000,1604249980,,,,1,,3,51.326629638671875,15.456460952758789,4.656612873077393,2.0000000474974513,4.656612873077393,2.0000000474974513,,1908065309171365,
Raw,1742897472822,62105000000,,,-1426932628717937274,0.0,1307022347.1110523,,,29,28,0.0,65587,15715547,25,27.498851776123047,-183.84687124375682,0.939729878726463,16,-6408.810759214988,340282346638528860000000000000000000000,1561097980,,,,0,,5,48.11504364013672,22.498851776123047,9.342329576611519,2.500692349107121,9.342329576611519,1.5000000237487257,,1908065309171365,
Status,,3,0,5,28,1575449980,27.50,209.0,44.0,0,1,1,22.498852
Status,,3,1,1,18,1575449980,20.53,175.0,30.0,0,1,1,15.532454
Status,,3,2,3,21,1604249980,22.07,202.0,24.0,0,1,1,17.07228
Raw,1742897473822,63105000000,,,-1426932628717936264,0.0,1307022653.1110525,,,29,18,0.0,51,15425024,84,21.135074615478516,-349.59108428261857,1.2258494385435403,16,-16659.116155559328,340282346638528860000000000000000000000,1575420030,,,,1,,1,36.299468994140625,16.135074615478516,-0.08731148845780326,1.0,-0.08731148845780326,1.0,,1908066309308056,
Raw,1742897473822,63105000000,,,-1426932628717936264,0.0,1307022653.1110525,,,29,21,0.0,17,957229,106,26.804866790771484,-481.2974547342583,0.9713408246129864,16,-8100.561685824955,340282346638528860000000000000000000000,1604249980,,,,0,,3,53.42133331298828,21.804866790771484,4.656612873077393,2.0000000474974513,4.656612873077393,2.0000000474974513,,1908066309308056,
Raw,1742897473822,63105000000,,,-1426932628717936264,0.0,1307022653.1110525,,,29,28,0.0,65587,15716167,27,26.667774200439453,-184.35493842314236,0.9771025570823846,16,-6592.741414160044,340282346638528860000000000000000000000,1561097980,,,,0,,5,49.77452850341797,21.667774200439453,9.342329576611519,2.500692349107121,9.342329576611519,1.5000000237487257,,1908066309308056,
Status,,3,0,5,28,1575449980,27.42,209.0,44.0,0,1,1,22.415745
Status,,3,1,1,18,1575449980,21.14,175.0,30.0,0,1,1,16.135075
Status,,3,2,3,21,1604249980,26.80,202.0,24.0,0,1,1,21.804867
Fix,NLP,45.0661174000,7.6465376000,307.1000061035156,,15.921,,1742897471964,,,1908064078000000,2.7881184,0,,,
Fix,FLP,45.0661173000,7.6465375000,307.1000061035156,0.16974038,15.921,55.689766,1742897471964,1.5,45.0,1908064078000000,2.7881184,0,,,
Status,,3,0,5,28,1575449980,31.09,209.0,44.0,0,1,1,26.08591
Status,,3,1,1,18,1575449980,25.96,175.0,30.0,0,1,1,20.95876
Status,,3,2,3,21,1604249980,30.18,202.0,24.0,0,1,1,25.183369
Raw,1742897474822,64105000000,,,-1426932628717935254,0.0,1307022959.1110523,,,29,18,0.0,51,15426112,57,25.958759307861328,-349.67485896075164,1.0089340404268379,16,-17008.822341346862,340282346638528860000000000000000000000,1575420030,,,,0,,1,35.95880126953125,20.958759307861328,-0.08731148845780326,1.0,-0.08731148845780326,1.0,,1908067320151171,
Raw,1742897474822,64105000000,,,-1426932628717935254,0.0,1307022959.1110523,,,29,21,0.0,17,958895,81,30.183368682861328,-481.2986476202366,0.8194136815190043,16,-8581.129822696847,340282346638528860000000000000000000000,1604249980,,,,1,,3,52.296875,25.183368682861328,4.656612873077393,2.0000000474974513,4.656612873077393,2.0000000474974513,,1908067320151171,
Raw,1742897474822,64105000000,,,-1426932628717935254,0.0,1307022959.1110523,,,29,28,0.0,65587,15716751,18,31.08591079711914,-184.1655422122451,0.7784240690318973,16,-6776.590552494839,340282346638528860000000000000000000000,1561097980,,,,1,,5,49.08715057373047,26.08591079711914,9.342329576611519,2.500692349107121,9.342329576611519,1.5000000237487257,,1908067320151171,
Raw,1742897475822,65105000000,,,-1426932628717934244,0.0,1307023265.1110525,,,29,18,0.0,51,15427280,44,29.0776424407959,-350.3852396020566,0.868681603172472,16,-17359.318383529037,340282346638528860000000000000000000000,1575420030,,,,1,,1,34.44438552856445,24.0776424407959,-0.08731148845780326,1.0,-0.08731148845780326,1.0,,1908068304551901,
Raw,1742897475822,65105000000,,,-1426932628717934244,0.0,1307023265.1110525,,,29,21,0.0,17,960531,70,31.955883026123047,-481.66227334887844,0.7397059990181973,16,-9063.055323539847,340282346638528860000000000000000000000,1604249980,,,,0,,3,51.326629638671875,26.955883026123047,4.656612873077393,2.0000000474974513,4.656612873077393,2.0000000474974513,,1908068304551901,
Raw,1742897475822,65105000000,,,-1426932628717934244,0.0,1307023265.1110525,,,29,28,0.0,65587,15717386,17,32.02174377441406,-184.45309589792805,0.7965265797236603,16,-6960.875719845642,340282346638528860000000000000000000000,1561097980,,,,0,,5,48.451316833496094,27.02174186706543,9.342329576611519,2.500692349107121,9.342329576611519,1.5000000237487257,,1908068304551901,
Status,,3,0,5,28,1575449980,32.02,209.0,44.0,0,1,1,27.021742
Status,,3,1,1,18,1575449980,29.08,175.0,30.0,0,1,1,24.077642
Status,,3,2,3,21,1604249980,31.96,202.0,24.0,0,1,1,26.955883
Raw,1742897476822,66105000000,,,-1426932628717933234,0.0,1307023571.1110523,,,29,18,0.0,51,15428478,31,33.52760314941406,-350.0274419734801,0.6685719847845162,17,-17709.656066193143,0.09835612812367057,1575420030,,,,0,,1,35.818702697753906,28.527605056762695,-0.08731148845780326,1.0,-0.08731148845780326,1.0,,1908069300705054,
Raw,1742897476822,66105000000,,,-1426932628717933234,0.0,1307023571.1110523,,,29,21,0.0,49,7962127,49,36.27060317993164,-481.49073634519914,0.15,25,-9545.003486391031,0.0022981774527579546,1604249980,,,,0,,3,52.77764129638672,31.27060317993164,4.656612873077393,2.0000000474974513,4.656612873077393,2.0000000474974513,,1908069300705054,
Raw,1742897476822,66105000000,,,-1426932628717933234,0.0,1307023571.1110523,,,29,28,0.0,65587,15717988,20,29.979320526123047,-183.92031893756348,0.8281863860068395,16,-7144.758066572507,340282346638528860000000000000000000000,1561097980,,,,0,,5,49.28915786743164,24.979320526123047,9.342329576611519,2.500692349107121,9.342329576611519,1.5000000237487257,,1908069300705054,
Status,,3,0,5,28,1575449980,31.82,209.0,44.0,0,1,1,26.8175
Status,,3,1,1,18,1575449980,33.53,175.0,31.0,0,1,1,28.527605
Status,,3,2,3,21,1604249980,36.27,202.0,24.0,0,1,1,31.270603
Fix,FLP,45.0661166000,7.6465483000,307.1000061035156,0.13754408,27.262,93.76013,1742897478172,1.5,180.0,1908070286789553,2.7881184,0,,,
Raw,1742897477822,67105000000,,,-1426932628717932224,0.0,1307023877.1110525,,,29,18,0.0,51,15429643,55,30.359394073486328,-349.6915593644478,299.79521792207515,16,-18059.735561653575,340282346638528860000000000000000000000,1575420030,,,,0,,1,34.6890754699707,25.359394073486328,-0.08731148845780326,1.0,-0.08731148845780326,1.0,,1908070307132592,
Raw,1742897477822,67105000000,,,-1426932628717932224,0.0,1307023877.1110525,,,29,21,0.0,49,7963754,58,34.35872268676758,-481.55634507400555,0.6316536282367355,25,-10026.669702180392,0.0028640301898121834,1604249980,,,,0,,3,52.0823974609375,29.358722686767578,4.656612873077393,2.0000000474974513,4.656612873077393,2.0000000474974513,,1908070307132592,
Raw,1742897477822,67105000000,,,-1426932628717932224,0.0,1307023877.1110525,,,29,28,0.0,65587,15718605,18,31.559555053710938,-183.62956150096738,0.7571251298297588,16,-7328.421463457184,340282346638528860000000000000000000000,1561097980,,,,0,,5,47.88340759277344,26.559555053710938,9.342329576611519,2.500692349107121,9.342329576611519,1.5000000237487257,,1908070307132592,
Status,,3,0,5,28,1575449980,31.79,209.0,44.0,0,1,1,26.791704
Status,,3,1,1,18,1575449980,33.21,175.0,31.0,0,1,1,28.210785
Status,,3,2,3,21,1604249980,36.08,202.0,24.0,0,1,1,31.079414
Fix,FLP,45.0661163000,7.6465516000,307.1000061035156,0.725815,27.27,90.03758,1742897478923,0.37399054,180.0,1908071038743553,2.7881184,0,,,
Raw,1742897478822,68105000000,,,-1426932628717931214,0.0,1307024183.1110523,,,29,18,0.0,51,15430790,34,32.34312057495117,-348.65122646154555,0.7218373392439434,21,-18409.021348359707,0.09882501993615901,1575420030,,,,0,,1,36.56269836425781,27.343120574951172,-0.08731148845780326,1.0,-0.08731148845780326,1.0,,1908071302964591,
Raw,1742897478822,68105000000,,,-1426932628717931214,0.0,1307024183.1110523,,,29,21,0.0,51,17965337,58,34.29564666748047,-480.7144402329791,0.6344903270692805,25,-10507.626769146062,0.0028849043883383274,1604249980,,,,0,,3,52.77764129638672,29.29564666748047,4.656612873077393,2.0000000474974513,4.656612873077393,2.0000000474974513,,1908071302964591,
Raw,1742897478822,68105000000,,,-1426932628717931214,0.0,1307024183.1110523,,,29,28,0.0,65587,15719228,23,28.320331573486328,-182.67204896741555,0.9977590552925277,16,-7511.3371985440135,340282346638528860000000000000000000000,1561097980,,,,0,,5,51.483131408691406,23.320331573486328,9.342329576611519,2.500692349107121,9.342329576611519,1.5000000237487257,,1908071302964591,
Status,,3,0,5,28,1575449980,31.44,209.0,44.0,0,1,1,26.444567
Status,,3,1,1,18,1575449980,33.12,175.0,31.0,0,1,1,28.124018
Status,,3,2,3,21,1604249980,35.90,202.0,24.0,0,1,1,30.901037
Fix,FLP,45.0661132000,7.6465536000,307.1000061035156,0.643983,26.951,260.99634,1742897479644,0.26243952,103.179306,1908071759440437,2.7881184,0,,,
Fix,NLP,45.0661135000,7.6465177000,307.1000061035156,,13.425,,1742897476982,,,1908069096000000,3.034703,0,,,
Raw,1742897479822,69105000000,,,-1426932628717930203,0.0,1307024489.1110523,,,29,18,0.0,51,15431951,45,28.916797637939453,-348.91706962242347,1.0176986237043297,16,-18756.991927722163,340282346638528860000000000000000000000,1575420030,,,,0,,1,36.69137954711914,23.916797637939453,-0.08731148845780326,1.0,-0.08731148845780326,1.0,,1908072326152398,
Raw,1742897479822,69105000000,,,-1426932628717930203,0.0,1307024489.1110523,,,29,21,0.0,51,17966929,86,29.42024803161621,-479.2920429924561,0.8537318528436648,16,-10987.740941344739,340282346638528860000000000000000000000,1604249980,,,,0,,3,54.47191619873047,24.42024803161621,4.656612873077393,2.0000000474974513,4.656612873077393,2.0000000474974513,,1908072326152398,
Raw,1742897479822,69105000000,,,-1426932628717930203,0.0,1307024489.1110523,,,29,28,0.0,65587,15719837,15,33.83185958862305,-182.5324983491829,0.6549423971075847,17,-7694.119984983026,0.09914699350987528,1561097980,,,,0,,5,50.053245544433594,28.831859588623047,9.342329576611519,2.500692349107121,9.342329576611519,1.5000000237487257,,1908072326152398,
Status,,3,0,5,28,1575449980,33.83,209.0,44.0,0,1,1,28.83186
Status,,3,1,1,18,1575449980,32.70,175.0,31.0,0,1,1,27.703297
Status,,3,2,3,21,1604249980,35.25,202.0,24.0,0,1,1,30.252958
Raw,1742897480822,70105000000,,,-1426932628717929193,0.0,1307024795.1110525,,,29,18,0.0,51,15433164,46,28.4545841217041,-348.7059969691777,0.8967008439337127,16,-19105.536530025587,340282346638528860000000000000000000000,1575420030,,,,0,,1,33.75603485107422,23.4545841217041,-0.08731148845780326,1.0,-0.08731148845780326,1.0,,1908073312208167,
Raw,1742897480822,70105000000,,,-1426932628717929193,0.0,1307024795.1110525,,,29,21,0.0,51,17968528,94,28.370758056640625,-479.1004995867979,0.9009265360041581,16,-11467.808143027718,340282346638528860000000000000000000000,1604249980,,,,0,,3,53.040870666503906,23.370758056640625,4.656612873077393,2.0000000474974513,4.656612873077393,2.0000000474974513,,1908073312208167,
Raw,1742897480822,70105000000,,,-1426932628717929193,0.0,1307024795.1110525,,,29,28,0.0,65587,15720431,15,33.50992202758789,-182.10132119171283,0.6694197193232232,17,-7876.354382300544,0.09926507822741722,1561097980,,,,0,,5,48.66847229003906,28.50992202758789,9.342329576611519,2.500692349107121,9.342329576611519,1.5000000237487257,,1908073312208167,
Status,,3,0,5,28,1575449980,33.80,209.0,44.0,0,1,1,28.799665
Status,,3,1,1,18,1575449980,32.28,175.0,31.0,0,1,1,27.278425
Status,,3,2,3,21,1604249980,34.56,202.0,24.0,0,1,1,29.56474
Raw,1742897481822,71105000000,,,-1426932628717928183,0.0,1307025101.1110523,,,29,18,0.0,51,15434306,36,31.676509857177734,-347.88041762482567,0.7518147236400963,16,-19453.661627699577,340282346638528860000000000000000000000,1575420030,,,,0,,1,33.296356201171875,26.676509857177734,-0.08731148845780326,1.0,-0.08731148845780326,1.0,,1908074309653935,
Raw,1742897481822,71105000000,,,-1426932628717928183,0.0,1307025101.1110523,,,29,9,0.0,16,3726481,1000000000,20.734811782836914,793.0654988082315,299792458,16,4398.580186962588,340282346638528860000000000000000000000,1600875010,,,,0,,3,52.296875,15.734811782836914,4.656612873077393,2.0000000474974513,4.656612873077393,2.0000000474974513,,1908074309653935,
Raw,1742897481822,71105000000,,,-1426932628717928183,0.0,1307025101.1110523,,,29,21,0.0,51,17970178,83,29.890958786010742,-479.58331166590006,0.8325650497278501,25,-11947.35040674201,0.004790334030985832,1604249980,,,,0,,3,52.296875,24.890958786010742,4.656612873077393,2.0000000474974513,4.656612873077393,2.0000000474974513,,1908074309653935,
Raw,1742897481822,71105000000,,,-1426932628717928183,0.0,1307025101.1110523,,,29,28,0.0,65587,15721046,15,33.80351638793945,-181.63181831188285,0.6562171608622953,17,-8058.1640561692,0.09915721500796233,1561097980,,,,0,,5,45.841888427734375,28.803516387939453,9.342329576611519,2.500692349107121,9.342329576611519,1.5000000237487257,,1908074309653935,
Status,,4,0,5,28,1575449980,33.80,209.0,44.0,0,1,1,28.803516
Status,,4,1,3,9,1600875010,20.73,123.0,44.0,0,1,1,15.734812
Status,,4,2,1,18,1575449980,32.22,175.0,31.0,0,1,1,27.218233
Status,,4,3,3,21,1604249980,34.10,202.0,24.0,0,1,1,29.09736
Raw,1742897482822,72105000000,,,-1426932628717927173,0.0,1307025407.1110525,,,29,18,0.0,51,15435455,18,39.680320739746094,-348.2573014290549,0.15,17,-19801.933661727326,0.09682312832501506,1575420030,,,,0,,1,38.422760009765625,34.680320739746094,-0.08731148845780326,1.0,-0.08731148845780326,1.0,,1908075317870011,
Raw,1742897482822,72105000000,,,-1426932628717927173,0.0,1307025407.1110525,,,29,9,0.0,17,724055,633,23.068809509277344,793.3802843766762,1.1367870536693925,16,5191.445356240028,340282346638528860000000000000000000000,1600875010,,,,0,,3,53.90400695800781,18.068809509277344,4.656612873077393,2.0000000474974513,4.656612873077393,2.0000000474974513,,1908075317870011,
Raw,1742897482822,72105000000,,,-1426932628717927173,0.0,1307025407.1110525,,,29,21,0.0,51,17971711,53,35.31407928466797,-480.205555074637,0.5886937568664994,25,-12427.056965338657,0.0025657236110419035,1604249980,,,,0,,3,53.90400695800781,30.31407928466797,4.656612873077393,2.0000000474974513,4.656612873077393,2.0000000474974513,,1908075317870011,
Raw,1742897482822,72105000000,,,-1426932628717927173,0.0,1307025407.1110525,,,29,28,0.0,65587,15721664,10,38.21781921386719,-182.0499418885047,0.15,17,-8240.170679491492,0.09802163662892734,1561097980,,,,0,,5,50.585201263427734,33.21781921386719,9.342329576611519,2.500692349107121,9.342329576611519,1.5000000237487257,,1908075317870011,
Status,,4,0,5,28,1575449980,38.22,209.0,44.0,0,1,1,33.21782
Status,,4,1,3,9,1600875010,23.07,123.0,44.0,0,1,1,18.06881
Status,,4,2,1,18,1575449980,39.68,175.0,31.0,0,1,1,34.68032
Status,,4,3,3,21,1604249980,35.31,202.0,24.0,0,1,1,30.31408
Fix,FLP,45.0661223000,7.6465355000,307.1000061035156,0.12880336,18.655,252.47165,1742897484133,0.15346557,90.905945,1908076248548318,3.034703,0,,,
Raw,1742897483822,73105000000,,,-1426932628717926164,0.0,1307025713.1110523,,,29,18,0.0,51,15436611,20,38.464263916015625,-348.6275391542622,0.15,16,-20150.321579945645,340282346638528860000000000000000000000,1575420030,,,,0,,1,37.066368103027344,33.464263916015625,-0.08731148845780326,1.0,-0.08731148845780326,1.0,,1908076314033357,
Raw,1742897483822,73105000000,,,-1426932628717926164,0.0,1307025713.1110523,,,29,9,0.0,17,721922,105,26.95541763305664,793.2208466450625,1.0291961939642444,16,5984.598434654787,340282346638528860000000000000000000000,1600875010,,,,0,,3,53.42133331298828,21.95541763305664,4.656612873077393,2.0000000474974513,4.656612873077393,2.0000000474974513,,1908076314033357,
Raw,1742897483822,73105000000,,,-1426932628717926164,0.0,1307025713.1110523,,,29,21,0.0,51,17973385,34,41.00507736206055,-479.7855569629064,0.15,25,-12906.850974222458,0.001413305988535285,1604249980,,,,0,,3,53.42133331298828,36.00507736206055,4.656612873077393,2.0000000474974513,4.656612873077393,2.0000000474974513,,1908076314033357,
Raw,1742897483822,73105000000,,,-1426932628717926164,0.0,1307025713.1110523,,,29,28,0.0,65587,15722271,6,44.72477722167969,-181.94174713027303,0.15,17,-8422.139523204394,0.0969661830742002,1561097980,,,,0,,5,51.1672477722168,39.72477722167969,9.342329576611519,2.500692349107121,9.342329576611519,1.5000000237487257,,1908076314033357,
Status,,4,0,5,28,1575449980,44.72,209.0,44.0,0,1,1,39.724777
Status,,4,1,3,9,1600875010,26.96,123.0,44.0,0,1,1,21.955418
Status,,4,2,1,18,1575449980,39.56,175.0,31.0,0,1,1,34.558716
Status,,4,3,3,21,1604249980,41.01,202.0,24.0,0,1,1,36.005077
Fix,FLP,45.0661217000,7.6465384000,307.1000061035156,0.06363867,16.096,,1742897484611,0.106132194,,1908076726680587,3.034703,0,,,
Fix,FLP,45.0661214000,7.6465416000,307.1000061035156,0.06175522,14.818,,1742897484778,0.106132194,,1908076893835246,3.1118064,0,,,
Fix,NLP,45.0661046000,7.6465186000,307.1000061035156,,14.024,,1742897481978,,,1908074093000000,3.1118064,0,,,
Raw,1742897484822,74105000000,,,-1426932628717925154,0.0,1307026019.1110523,,,29,18,0.0,51,15437774,15,42.23615646362305,-347.0639042139087,0.15,16,-20498.577464760296,340282346638528860000000000000000000000,1575420030,,,,0,,1,38.422760009765625,37.23615646362305,-0.08731148845780326,1.0,-0.08731148845780326,1.0,,1908077326635818,
Raw,1742897484822,74105000000,,,-1426932628717925154,0.0,1307026019.1110523,,,29,9,0.0,17,719236,84,29.761539459228516,793.164883251452,0.8358214553736301,16,6778.266872544018,340282346638528860000000000000000000000,1600875010,,,,1,,3,52.77764129638672,24.761539459228516,4.656612873077393,2.0000000474974513,4.656612873077393,2.0000000474974513,,1908077326635818,
Raw,1742897484822,74105000000,,,-1426932628717925154,0.0,1307026019.1110523,,,29,21,0.0,99,697974958,35,40.31577682495117,-479.04627439847013,0.15,16,-13386.010635561577,340282346638528860000000000000000000000,1604249980,,,,0,,3,52.77764129638672,35.31577682495117,4.656612873077393,2.0000000474974513,4.656612873077393,2.0000000474974513,,1908077326635818,
Raw,1742897484822,74105000000,,,-1426932628717925154,0.0,1307026019.1110523,,,29,28,0.0,65587,15722871,6,43.89772415161133,-181.3432080700477,0.15,16,-8603.503151842879,340282346638528860000000000000000000000,1561097980,,,,0,,5,50.585201263427734,38.89772415161133,9.342329576611519,2.500692349107121,9.342329576611519,1.5000000237487257,,1908077326635818,
Status,,4,0,5,28,1575449980,44.64,209.0,44.0,0,1,1,39.64207
Status,,4,1,3,9,1600875010,29.76,123.0,44.0,0,1,1,24.76154
Status,,4,2,1,18,1575449980,42.24,175.0,31.0,0,1,1,37.236156
Status,,4,3,3,21,1604249980,40.94,202.0,24.0,0,1,1,35.936146
Fix,FLP,45.0661188000,7.6465317000,307.1000061035156,0.10459148,10.364,194.17303,1742897485437,0.1300362,85.507385,1908077552004587,3.1118064,0,,,
Fix,FLP,45.0661178000,7.6465308000,307.1000061035156,0.09439955,10.017,,1742897485953,0.121161796,,1908078068639740,3.1118064,0,,,
Status,,4,0,5,28,1575449980,44.69,209.0,44.0,0,1,1,39.693226
Status,,4,1,3,9,1600875010,40.01,123.0,44.0,0,1,1,35.014805
Status,,4,2,1,18,1575449980,43.35,175.0,31.0,0,1,1,38.345623
Status,,4,3,3,21,1604249980,42.22,202.0,24.0,0,1,1,37.21983
Raw,1742897485822,75105000000,,,-1426932628717924144,0.0,1307026325.1110523,,,29,18,0.0,51,15438931,14,43.34562301635742,-348.01020361926453,0.15,17,-20846.595019352575,0.09624605629415041,1575420030,,,,0,,1,37.993743896484375,38.34562301635742,-0.08731148845780326,1.0,-0.08731148845780326,1.0,,1908078315745509,
Raw,1742897485822,75105000000,,,-1426932628717924144,0.0,1307026325.1110523,,,29,9,0.0,99,1703716610,36,40.01480484008789,793.4867579708534,0.15,16,7571.801407438932,340282346638528860000000000000000000000,1600875010,,,,0,,3,53.78582763671875,35.01480484008789,4.656612873077393,2.0000000474974513,4.656612873077393,2.0000000474974513,,1908078315745509,
Raw,1742897485822,75105000000,,,-1426932628717924144,0.0,1307026325.1110523,,,29,21,0.0,99,1697976526,33,42.21982955932617,-479.514533268637,0.15,25,-13865.516253511822,0.0012288490543141961,1604249980,,,,0,,3,53.78582763671875,37.21982955932617,4.656612873077393,2.0000000474974513,4.656612873077393,2.0000000474974513,,1908078315745509,
Raw,1742897485822,75105000000,,,-1426932628717924144,0.0,1307026325.1110523,,,29,28,0.0,65587,15723485,6,44.6932258605957,-181.69137740465646,0.15,17,-8785.237436356436,0.09696962716328879,1561097980,,,,0,,5,49.77452850341797,39.6932258605957,9.342329576611519,2.500692349107121,9.342329576611519,1.5000000237487257,,1908078315745509,
Fix,FLP,45.0661166000,7.6465302000,307.1000061035156,0.12535428,9.81,218.45538,1742897486913,0.14955042,84.01467,1908079027947816,3.1118064,0,,,
Status,,6,0,6,15,1575449980,31.47,68.0,45.0,0,1,1,26.467884
Status,,6,1,5,28,1575449980,44.89,209.0,44.0,0,1,1,39.886192
Status,,6,2,3,9,1600875010,42.68,123.0,44.0,0,1,1,37.684277
Status,,6,3,6,13,1575449980,43.34,150.0,44.0,0,1,1,38.341362
Status,,6,4,1,18,1575449980,43.41,175.0,31.0,0,1,1,38.40639
Status,,6,5,3,21,1604249980,41.79,202.0,24.0,0,1,1,36.793797
Raw,1742897486822,76105000000,,,-1426932628717923134,0.0,1307026631.1110523,,,29,18,0.0,51,15440101,14,43.40639114379883,-347.6101437445998,0.15,17,-21194.25045488221,0.09623839278992986,1575420030,,,,0,,1,38.210899353027344,38.40639114379883,-0.08731148845780326,1.0,-0.08731148845780326,1.0,,1908079321979085,
Raw,1742897486822,76105000000,,,-1426932628717923134,0.0,1307026631.1110523,,,29,9,0.0,99,703713943,33,42.68427658081055,793.758054324775,0.15,25,8365.522600560656,0.0011673225089907646,1600875010,,,,0,,3,54.68907165527344,37.68427658081055,4.656612873077393,2.0000000474974513,4.656612873077393,2.0000000474974513,,1908079321979085,
Raw,1742897486822,76105000000,,,-1426932628717923134,0.0,1307026631.1110523,,,29,21,0.0,99,697978189,43,37.959503173828125,-479.35243710541454,0.15,16,-14344.323933908901,340282346638528860000000000000000000000,1604249980,,,,0,,3,54.68907165527344,32.959503173828125,4.656612873077393,2.0000000474974513,4.656612873077393,2.0000000474974513,,1908079321979085,
Raw,1742897486822,76105000000,,,-1426932628717923134,0.0,1307026631.1110523,,,29,28,0.0,65587,15724100,6,44.886192321777344,-181.19726699121702,0.15,17,-8966.453103173075,0.09694875715571423,1561097980,,,,0,,5,50.411476135253906,39.886192321777344,9.342329576611519,2.500692349107121,9.342329576611519,1.5000000237487257,,1908079321979085,
Raw,1742897486822,76105000000,,,-1426932628717923134,0.0,1307026631.1110523,,,29,13,0.0,1074,1674113,92,43.34136199951172,-144.0929065020399,0.15,16,-467.40375842627293,340282346638528860000000000000000000000,1575420030,,,,1,,6,38.210899353027344,38.34136199951172,1.3096723705530164,1.5000000237487257,1.3096723705530164,1.5000000237487257,,1908079321979085,
Raw,1742897486822,76105000000,,,-1426932628717923134,0.0,1307026631.1110523,,,29,15,0.0,50,5604785,1000000000,31.467884063720703,408.43464996398984,299792458,16,2167.0593127889533,340282346638528860000000000000000000000,1575420030,,,,0,,6,38.210899353027344,26.467884063720703,1.3096723705530164,1.5000000237487257,1.3096723705530164,1.5000000237487257,,1908079321979085,
Fix,FLP,45.0661160000,7.6465294000,307.1000061035156,0.15973857,9.448,219.3954,1742897487483,0.17409368,84.1626,1908079597010047,3.1118064,0,,,
Status,,8,0,6,15,1575449980,31.02,68.0,45.0,0,1,1,26.018248
Status,,8,1,5,28,1575449980,44.82,209.0,44.0,1,1,1,39.82055
Status,,8,2,6,13,1575449980,43.20,150.0,44.0,1,1,1,38.204517
Status,,8,3,3,9,1600875010,42.56,123.0,44.0,1,1,1,37.555756
Status,,8,4,1,18,1575449980,43.38,175.0,31.0,1,1,1,38.384346
Status,,8,5,3,11,1602000000,20.38,318.0,30.0,0,1,1,15.38224
Status,,8,6,3,21,1604249980,40.99,202.0,24.0,1,1,1,35.99298
Status,,8,7,6,23,1575449980,38.85,291.0,18.0,1,1,1,33.84567
Raw,1742897487772,77105000000,,,-1426932628667344016,0.0,1011000.0,,,29,18,0.0,51,15441257,14,43.18593978881836,-347.511849939988,0.15,17,-21541.706104766636,0.09626645144362724,1575420030,,,,0,,1,36.164798736572266,38.18593978881836,-0.08731148845780326,1.0,-0.08731148845780326,1.0,,1908080325221892,
Raw,1742897487772,77105000000,,,-1426932628667344016,0.0,1011000.0,,,29,9,0.0,99,1703711292,33,41.39907455444336,793.7636438476447,0.15,25,9159.36644721675,0.0013534772442653775,1600875010,,,,0,,3,54.90093231201172,36.39907455444336,4.656612873077393,2.0000000474974513,4.656612873077393,2.0000000474974513,,1908080325221892,
Raw,1742897487772,77105000000,,,-1426932628667344016,0.0,1011000.0,,,29,11,0.0,16,19677563,1000000000,20.382240295410156,-358.36687376530745,299792458,16,-2596.2712296703485,340282346638528860000000000000000000000,1602000000,,,,0,,3,54.90093231201172,15.382240295410156,4.656612873077393,2.0000000474974513,4.656612873077393,2.0000000474974513,,1908080325221892,
Raw,1742897487772,77105000000,,,-1426932628667344016,0.0,1011000.0,,,29,21,0.0,99,1697979726,60,33.78563690185547,-478.69682697174176,0.6574276206072383,16,-14822.40225468787,340282346638528860000000000000000000000,1604249980,,,,1,,3,54.90093231201172,28.785634994506836,4.656612873077393,2.0000000474974513,4.656612873077393,2.0000000474974513,,1908080325221892,
Raw,1742897487772,77105000000,,,-1426932628667344016,0.0,1011000.0,,,29,28,0.0,81967,209491695724699,6,44.229774475097656,-181.14384274061752,0.15,17,-9147.546135730612,0.09702168652360295,1561097980,,,,0,,5,51.483131408691406,39.229774475097656,9.342329576611519,2.500692349107121,9.342329576611519,1.5000000237487257,,1908080325221892,
Raw,1742897487772,77105000000,,,-1426932628667344016,0.0,1011000.0,,,29,13,0.0,68642,89674627,89,41.97290802001953,-144.18146976531443,0.15,16,-611.5466861136458,340282346638528860000000000000000000000,1575420030,,,,0,,6,36.164798736572266,36.97290802001953,1.3096723705530164,1.5000000237487257,1.3096723705530164,1.5000000237487257,,1908080325221892,
Raw,1742897487772,77105000000,,,-1426932628667344016,0.0,1011000.0,,,29,15,0.0,67618,89603427,1000000000,26.971515655517578,408.43464996398984,299792458,16,2575.8251402821597,340282346638528860000000000000000000000,1575420030,,,,0,,6,36.164798736572266,21.971515655517578,1.3096723705530164,1.5000000237487257,1.3096723705530164,1.5000000237487257,,1908080325221892,
Raw,1742897487772,77105000000,,,-1426932628667344016,0.0,1011000.0,,,29,23,0.0,68642,82143240,20,38.84566879272461,-153.63139319679624,0.15,19,-807.5544436394532,0.096653570805758,1575420030,,,,0,,6,36.164798736572266,33.84566879272461,1.3096723705530164,1.5000000237487257,1.3096723705530164,1.5000000237487257,,1908080325221892,
Fix,GPS,45.0658555755,7.6464288538,294.1869876361788,0.0,64.0,,1742897487772,0.52199703,,1908080442689585,143.41772,0,,,
Fix,FLP,45.0661145000,7.6465283000,307.1000061035156,0.18078496,9.38,209.63507,1742897488328,0.19477925,80.76104,1908080442689585,3.1753032,0,,,
Status,1742897487772,10,0,3,20,1603124990,33.38,160.0,74.0,1,1,1,28.37509
Status,1742897487772,10,1,6,15,1575449980,30.20,68.0,45.0,0,1,1,25.195498
Status,1742897487772,10,2,6,13,1575449980,43.91,150.0,44.0,1,1,1,38.90907
Status,1742897487772,10,3,3,9,1600875010,42.55,123.0,44.0,1,1,1,37.54608
Status,1742897487772,10,4,5,28,1575449980,44.96,209.0,44.0,1,1,1,39.9618
Status,1742897487772,10,5,1,18,1575449980,43.18,175.0,31.0,0,1,1,38.181545
Status,1742897487772,10,6,3,11,1602000000,20.33,318.0,30.0,0,1,1,15.32983
Status,1742897487772,10,7,3,21,1604249980,40.32,202.0,24.0,1,1,1,35.31914
Status,1742897487772,10,8,6,23,1575449980,38.63,291.0,18.0,1,1,1,33.634056
Status,1742897487772,10,9,5,23,1575449980,41.67,150.0,68.0,0,1,0,36.668114
Raw,1742897488772,78105000000,,,-1426932628667343085,0.0,1011000.0,,,29,18,0.0,51,15442413,16,41.35633087158203,-347.63655764840496,0.15,17,-21889.288699269957,0.09652896741227036,1575420030,,,,0,,1,35.384315490722656,36.35633087158203,-0.08731148845780326,1.0,-0.08731148845780326,1.0,,1908081332304584,
Raw,1742897488772,78105000000,,,-1426932628667343085,0.0,1011000.0,,,29,9,0.0,99,703708646,33,42.45900344848633,793.8146993675159,0.15,25,9953.186730597297,0.0011979935225099325,1600875010,,,,0,,3,54.36126708984375,37.45900344848633,4.656612873077393,2.0000000474974513,4.656612873077393,2.0000000474974513,,1908081332304584,
Raw,1742897488772,78105000000,,,-1426932628667343085,0.0,1011000.0,,,29,11,0.0,17,678197,744,19.858139038085938,-358.35896663539415,1.2840368455767042,16,-2955.5538553478596,340282346638528860000000000000000000000,1602000000,,,,0,,3,54.36126708984375,14.858139991760254,4.656612873077393,2.0000000474974513,4.656612873077393,2.0000000474974513,,1908081332304584,
Raw,1742897488772,78105000000,,,-1426932628667343085,0.0,1011000.0,,,29,20,0.0,17,819829,62,33.375091552734375,84.39150243121776,0.6758606379330554,16,393.386606922646,340282346638528860000000000000000000000,1603124990,,,,0,,3,54.36126708984375,28.375089645385742,4.656612873077393,2.0000000474974513,4.656612873077393,2.0000000474974513,,1908081332304584,
Raw,1742897488772,78105000000,,,-1426932628667343085,0.0,1011000.0,,,29,21,0.0,99,697981313,58,34.254600524902344,-478.53469672606275,0.6363390340664514,16,-15301.097078460374,340282346638528860000000000000000000000,1604249980,,,,0,,3,54.36126708984375,29.254600524902344,4.656612873077393,2.0000000474974513,4.656612873077393,2.0000000474974513,,1908081332304584,
Raw,1742897488772,78105000000,,,-1426932628667343085,0.0,1011000.0,,,29,23,0.0,17,420441,8,41.668113708496094,543.6831419571322,0.15,16,524292.7846519276,340282346638528860000000000000000000000,1561097980,,,,0,,5,49.28915786743164,36.668113708496094,9.342329576611519,2.500692349107121,9.342329576611519,1.5000000237487257,,1908081332304584,
Raw,1742897488772,78105000000,,,-1426932628667343085,0.0,1011000.0,,,29,28,0.0,81967,209492695725299,6,44.96179962158203,-181.26025137087117,0.15,17,-9328.7497539884,0.09694070546460305,1561097980,,,,0,,5,49.28915786743164,39.96179962158203,9.342329576611519,2.500692349107121,9.342329576611519,1.5000000237487257,,1908081332304584,
Raw,1742897488772,78105000000,,,-1426932628667343085,0.0,1011000.0,,,29,13,0.0,68642,89675109,64,43.9090690612793,-144.21413779989155,0.15,17,-755.749270489048,0.09598797324633947,1575420030,,,,0,,6,35.384315490722656,38.9090690612793,1.3096723705530164,1.5000000237487257,1.3096723705530164,1.5000000237487257,,1908081332304584,
Raw,1742897488772,78105000000,,,-1426932628667343085,0.0,1011000.0,,,29,15,0.0,67618,89602057,1000000000,22.790748596191406,408.43464996398984,299792458,16,2984.6712479073703,340282346638528860000000000000000000000,1575420030,,,,0,,6,35.384315490722656,17.790748596191406,1.3096723705530164,1.5000000237487257,1.3096723705530164,1.5000000237487257,,1908081332304584,
Raw,1742897488772,78105000000,,,-1426932628667343085,0.0,1011000.0,,,29,23,0.0,68642,82143755,107,36.72953796386719,-153.80315173644294,0.15,17,-961.2927427124298,0.0970692334585709,1575420030,,,,1,,6,35.384315490722656,31.72953987121582,1.3096723705530164,1.5000000237487257,1.3096723705530164,1.5000000237487257,,1908081332304584,
Fix,GPS,45.0660915651,7.6463636217,295.43428461474065,0.0,64.0,,1742897488772,0.6314072,,1908081438534315,94.13638,0,,,
Fix,FLP,45.0661135000,7.6465282000,307.1000061035156,0.12802729,9.106,210.90993,1742897489324,0.15202901,77.99247,1908081438534315,3.1852617,0,,,
Fix,NLP,45.0660829000,7.6465135000,307.1000061035156,,15.271,,1742897487021,,,1908079136000000,2.5236654,0,,,
Fix,FLP,45.0661157000,7.6465286000,307.1000061035156,0.06847043,9.107,,1742897489838,0.11740982,,1908081953834765,2.5466907,0,,,
Fix,FLP,45.0661102000,7.6465244000,307.1000061035156,0.10901588,8.773,219.49474,1742897490033,0.1497563,81.9835,1908082148140506,2.5466907,0,,,
Status,1742897488772,19,0,1,29,1575449980,25.52,31.0,82.0,0,1,1,20.51693
Status,1742897488772,19,1,3,20,1603124990,33.31,160.0,74.0,1,1,1,28.307514
Status,1742897488772,19,2,1,28,1575449980,34.81,252.0,61.0,1,1,1,29.806438
Status,1742897488772,19,3,5,37,1575449980,35.06,302.0,55.0,1,1,1,30.062191
Status,1742897488772,19,4,1,25,1575449980,25.72,102.0,52.0,0,1,1,20.717861
Status,1742897488772,19,5,1,31,1575449980,33.05,294.0,48.0,1,1,1,28.045404
Status,1742897488772,19,6,6,15,1575449980,29.19,68.0,45.0,0,1,1,24.190031
Status,1742897488772,19,7,6,13,1575449980,44.40,150.0,44.0,1,1,1,39.39839
Status,1742897488772,19,8,5,28,1575449980,44.93,209.0,44.0,1,1,1,39.925938
Status,1742897488772,19,9,3,9,1600875010,42.49,123.0,44.0,1,1,1,37.486515
Status,1742897488772,19,10,1,18,1575449980,42.98,175.0,31.0,1,1,1,37.977825
Status,1742897488772,19,11,3,11,1602000000,20.31,318.0,30.0,1,1,1,15.305909
Status,1742897488772,19,12,1,26,1575449980,35.98,297.0,25.0,1,1,1,30.982195
Status,1742897488772,19,13,3,21,1604249980,39.58,202.0,24.0,1,1,1,34.579536
Status,1742897488772,19,14,6,23,1575449980,38.45,291.0,18.0,1,1,1,33.451733
Status,1742897488772,19,15,5,25,1575449980,38.84,137.0,17.0,1,1,1,33.837154
Status,1742897488772,19,16,1,5,1575449980,26.62,95.0,9.0,0,1,1,21.619442
Status,1742897488772,19,17,3,1,1602562560,26.61,302.0,6.0,1,1,1,21.606533
Status,1742897488772,19,18,5,23,1575449980,42.75,150.0,68.0,0,1,0,37.750286
Raw,1742897489772,79105000000,,,-1426932628667342058,0.0,71.38232700391572,,,29,5,0.0,16385,209507689671812,65,26.619441986083984,-183.98130949351105,5.8652424874730755,16,-319.72655469672884,340282346638528860000000000000000000000,1575420030,,,,1,,1,34.848453521728516,21.619441986083984,-0.37834980195649376,1.0,-0.37834980195649376,1.0,,1908082340796968,
Raw,1742897489772,79105000000,,,-1426932628667342058,0.0,71.38232700391572,,,29,18,0.0,16419,209507695443577,16,41.14434814453125,-347.7017573877331,0.15,17,-22236.891619346912,0.09656311388880735,1575420030,,,,0,,1,34.848453521728516,36.14434814453125,-0.08731148845780326,1.0,-0.08731148845780326,1.0,,1908082340796968,
Raw,1742897489772,79105000000,,,-1426932628667342058,0.0,71.38232700391572,,,29,25,0.0,16385,209507702292835,65,25.71786117553711,706.0352644281047,5.773977656980737,16,511.14744532079646,340282346638528860000000000000000000000,1575420030,,,,1,,1,34.848453521728516,20.71786117553711,-1.8917489103726217,1.0,-1.8917489103726217,1.0,,1908082340796968,
Raw,1742897489772,79105000000,,,-1426932628667342058,0.0,71.38232700391572,,,29,26,0.0,16385,209507695601151,25,35.98219299316406,-275.72279592124244,0.5582229756583406,16,-1022.9689315640583,340282346638528860000000000000000000000,1575420030,,,,0,,1,34.848453521728516,30.982194900512695,-0.8440110737314445,1.0,-0.8440110737314445,1.0,,1908082340796968,
Raw,1742897489772,79105000000,,,-1426932628667342058,0.0,71.38232700391572,,,29,28,0.0,16385,209507702304753,93,34.80643844604492,379.19837793415786,0.6087036869121776,16,1426.0638883690544,340282346638528860000000000000000000000,1575420030,,,,0,,1,34.848453521728516,29.806438446044922,-0.34924595383121304,1.0,-0.34924595383121304,1.0,,1908082340796968,
Raw,1742897489772,79105000000,,,-1426932628667342058,0.0,71.38232700391572,,,29,29,0.0,16385,209507704327747,76,25.516929626464844,381.3295880229857,5.864281255691456,16,658.8666281959022,340282346638528860000000000000000000000,1575420030,,,,1,,1,34.848453521728516,20.516929626464844,-0.9604263668227204,1.0,-0.9604263668227204,1.0,,1908082340796968,
Raw,1742897489772,79105000000,,,-1426932628667342058,0.0,71.38232700391572,,,29,31,0.0,16385,209507700861780,32,33.04540252685547,59.86192818073752,0.6912333568726945,16,224.84053400919584,340282346638528860000000000000000000000,1575420030,,,,0,,1,34.848453521728516,28.0454044342041,-0.2619344840127561,1.0,-0.2619344840127561,1.0,,1908082340796968,
Raw,1742897489772,79105000000,,,-1426932628667342058,0.0,71.38232700391572,,,29,9,0.0,32867,47489703705984,33,41.95042419433594,793.7986806129502,0.15,25,10746.990648649939,0.0012702333042398095,1600875010,,,,0,,3,56.25480651855469,36.95042419433594,4.656612873077393,2.0000000474974513,4.656612873077393,2.0000000474974513,,1908082340796968,
Raw,1742897489772,79105000000,,,-1426932628667342058,0.0,71.38232700391572,,,29,11,0.0,32769,47489699679478,183,20.090618133544922,-358.38837979537334,1.2735828508459068,16,-3315.2888229163013,340282346638528860000000000000000000000,1602000000,,,,0,,3,56.25480651855469,15.090619087219238,4.656612873077393,2.0000000474974513,4.656612873077393,2.0000000474974513,,1908082340796968,
Raw,1742897489772,79105000000,,,-1426932628667342058,0.0,71.38232700391572,,,29,1,0.0,32769,47489692089914,333,26.60653305053711,738.2645214599438,0.9792043529461565,16,4349.380965297174,340282346638528860000000000000000000000,1602562560,,,,0,,3,56.25480651855469,21.60653305053711,4.656612873077393,2.0000000474974513,4.656612873077393,2.0000000474974513,,1908082340796968,
Raw,1742897489772,79105000000,,,-1426932628667342058,0.0,71.38232700391572,,,29,20,0.0,32833,47489707819590,66,32.6993293762207,83.8163524567812,0.7044499610334785,25,477.13764722471797,0.0034693805500864983,1603124990,,,,1,,3,56.25480651855469,27.699329376220703,4.656612873077393,2.0000000474974513,4.656612873077393,2.0000000474974513,,1908082340796968,
Raw,1742897489772,79105000000,,,-1426932628667342058,0.0,71.38232700391572,,,29,21,0.0,32867,47489697982897,65,32.92308044433594,-479.0077953050559,0.6962161853894102,25,-15780.035460484787,0.0033787775319069624,1604249980,,,,0,,3,56.25480651855469,27.92308235168457,4.656612873077393,2.0000000474974513,4.656612873077393,2.0000000474974513,,1908082340796968,
Raw,1742897489772,79105000000,,,-1426932628667342058,0.0,71.38232700391572,,,29,23,0.0,65586,18418616,1000000000,42.75028610229492,544.1768945047781,299792458,16,524289.5207743216,340282346638528860000000000000000000000,1561097980,,,,1,,5,50.755516052246094,37.75028610229492,9.342329576611519,2.500692349107121,9.342329576611519,1.5000000237487257,,1908082340796968,
Raw,1742897489772,79105000000,,,-1426932628667342058,0.0,71.38232700391572,,,29,25,0.0,81955,209493688247447,10,38.837154388427734,902.1697814746608,0.15,16,3369.1845540464337,340282346638528860000000000000000000000,1561097980,,,,0,,5,50.755516052246094,33.837154388427734,9.342329576611519,2.500692349107121,9.342329576611519,1.5000000237487257,,1908082340796968,
Raw,1742897489772,79105000000,,,-1426932628667342058,0.0,71.38232700391572,,,29,28,0.0,81967,209493695725907,6,44.60316467285156,-181.23349664250077,0.15,17,-9509.951393897318,0.09697952752971058,1561097980,,,,0,,5,50.755516052246094,39.60316467285156,9.342329576611519,2.500692349107121,9.342329576611519,1.5000000237487257,,1908082340796968,
Raw,1742897489772,79105000000,,,-1426932628667342058,0.0,71.38232700391572,,,29,37,0.0,81955,209493696404259,13,35.062191009521484,-31.029801660045962,0.5997389357699121,16,-117.07315977373811,340282346638528860000000000000000000000,1561097980,,,,1,,5,50.755516052246094,30.062191009521484,9.342329576611519,2.500692349107121,9.342329576611519,1.5000000237487257,,1908082340796968,
Raw,1742897489772,79105000000,,,-1426932628667342058,0.0,71.38232700391572,,,29,13,0.0,85026,209507689675625,12,44.39839172363281,-144.2345531913487,0.15,25,-899.8776166943405,0.0009737471118569374,1575420030,,,,0,,6,34.848453521728516,39.39839172363281,1.3096723705530164,1.5000000237487257,1.3096723705530164,1.5000000237487257,,1908082340796968,
Raw,1742897489772,79105000000,,,-1426932628667342058,0.0,71.38232700391572,,,29,15,0.0,84002,209507689600695,1000000000,20.140838623046875,408.43464996398984,299792458,16,3391.9927761573904,340282346638528860000000000000000000000,1575420030,,,,1,,6,34.848453521728516,15.140839576721191,1.3096723705530164,1.5000000237487257,1.3096723705530164,1.5000000237487257,,1908082340796968,
Raw,1742897489772,79105000000,,,-1426932628667342058,0.0,71.38232700391572,,,29,23,0.0,85026,209507682144298,23,36.810829162597656,-153.8730718959995,0.15,25,-1115.0901665353233,0.0021991145331412554,1575420030,,,,0,,6,34.848453521728516,31.81083106994629,1.3096723705530164,1.5000000237487257,1.3096723705530164,1.5000000237487257,,1908082340796968,
Fix,GPS,45.0659963045,7.6464212963,301.67270664651517,0.0,24.0,,1742897489772,0.20851682,,1908082443985122,36.762947,0,,,
Fix,FLP,45.0661091000,7.6465233000,307.1000061035156,0.109736845,8.723,220.48587,1742897490329,0.1498891,82.019424,1908082443985122,2.5567453,0,,,
Fix,FLP,45.0661094000,7.6465231000,307.1000061035156,0.08569094,8.714,,1742897490692,0.119286686,,1908082806408968,2.5567453,0,,,
Status,1742897489772,21,0,1,29,1575449980,28.04,31.0,82.0,1,1,1,23.038944
Status,1742897489772,21,1,3,10,1598062460,23.15,19.0,79.0,0,1,1,18.151894
Status,1742897489772,21,2,3,20,1603124990,33.20,160.0,74.0,1,1,1,28.203384
Status,1742897489772,21,3,1,28,1575449980,36.90,252.0,61.0,1,1,1,31.901638
Status,1742897489772,21,4,5,37,1575449980,35.03,302.0,55.0,1,1,1,30.03268
Status,1742897489772,21,5,1,25,1575449980,25.41,102.0,52.0,0,1,1,20.41333
Status,1742897489772,21,6,1,31,1575449980,33.90,294.0,48.0,1,1,1,28.895342
Status,1742897489772,21,7,6,15,1575449980,28.20,68.0,45.0,0,1,1,23.199091
Status,1742897489772,21,8,5,28,1575449980,45.50,209.0,44.0,1,1,1,40.5017
Status,1742897489772,21,9,3,9,1600875010,42.38,123.0,44.0,1,1,1,37.37582
Status,1742897489772,21,10,6,13,1575449980,44.44,150.0,44.0,1,1,1,39.439854
Status,1742897489772,21,11,1,18,1575449980,42.77,175.0,31.0,1,1,1,37.769157
Status,1742897489772,21,12,3,11,1602000000,20.53,318.0,30.0,1,1,1,15.532728
Status,1742897489772,21,13,1,26,1575449980,35.96,297.0,25.0,1,1,1,30.95607
Status,1742897489772,21,14,3,21,1604249980,38.96,202.0,24.0,1,1,1,33.956505
Status,1742897489772,21,15,6,23,1575449980,38.23,291.0,18.0,1,1,1,33.231075
Status,1742897489772,21,16,5,25,1575449980,38.69,137.0,17.0,1,1,1,33.69279
Status,1742897489772,21,17,1,20,1575449980,21.62,60.0,14.0,0,1,1,16.623402
Status,1742897489772,21,18,1,5,1575449980,25.93,95.0,9.0,0,1,1,20.930182
Status,1742897489772,21,19,3,1,1602562560,26.53,302.0,6.0,1,1,1,21.526543
Status,1742897489772,21,20,5,23,1575449980,42.72,150.0,68.0,0,1,0,37.715317
Raw,1742897490772,80105000000,,,-1426932628667341064,0.0,41.15570529654455,,,29,5,0.0,16384,209508689672697,1000000000,19.726839065551758,-184.1221382038633,299792458,16,-686.4602637307828,340282346638528860000000000000000000000,1575420030,,,,0,,1,33.296356201171875,14.726839065551758,-0.37834980195649376,1.0,-0.37834980195649376,1.0,,1908083343235198,
Raw,1742897490772,80105000000,,,-1426932628667341064,0.0,41.15570529654455,,,29,18,0.0,16431,209508695444739,17,40.89116668701172,-347.6466119730792,0.15,25,-22584.451388127323,0.001458167564123869,1575420030,,,,0,,1,33.296356201171875,35.89116668701172,-0.08731148845780326,1.0,-0.08731148845780326,1.0,,1908083343235198,
Raw,1742897490772,80105000000,,,-1426932628667341064,0.0,41.15570529654455,,,29,20,0.0,16385,209508691235592,108,21.623401641845703,192.33565236006712,5.8547312448660875,16,312.02488673839764,340282346638528860000000000000000000000,1575420030,,,,1,,1,33.296356201171875,16.623401641845703,0.0,1.0,0.0,1.0,,1908083343235198,
Raw,1742897490772,80105000000,,,-1426932628667341064,0.0,41.15570529654455,,,29,25,0.0,16384,209508702290447,1000000000,22.672557830810547,706.3831781442896,299792458,16,1922.2243977881799,340282346638528860000000000000000000000,1575420030,,,,0,,1,33.296356201171875,17.672557830810547,-1.8917489103726217,1.0,-1.8917489103726217,1.0,,1908083343235198,
Raw,1742897490772,80105000000,,,-1426932628667341064,0.0,41.15570529654455,,,29,26,0.0,16397,209508695602071,26,35.72093963623047,-275.40081895447145,0.5699713714967278,25,-1298.2817682226669,0.0024931151419878006,1575420030,,,,0,,1,33.296356201171875,30.7209415435791,-0.8440110737314445,1.0,-0.8440110737314445,1.0,,1908083343235198,
Raw,1742897490772,80105000000,,,-1426932628667341064,0.0,41.15570529654455,,,29,28,0.0,16397,209508702303517,79,36.90163803100586,379.17622433741803,0.15,25,1805.3353391518258,0.0021762438118457794,1575420030,,,,0,,1,33.296356201171875,31.90163803100586,-0.34924595383121304,1.0,-0.34924595383121304,1.0,,1908083343235198,
Raw,1742897490772,80105000000,,,-1426932628667341064,0.0,41.15570529654455,,,29,29,0.0,16397,209508704326519,128,28.038944244384766,381.70524485878013,0.9133939917944192,16,1420.7389181199674,340282346638528860000000000000000000000,1575420030,,,,0,,1,33.296356201171875,23.038944244384766,-0.9604263668227204,1.0,-0.9604263668227204,1.0,,1908083343235198,
Raw,1742897490772,80105000000,,,-1426932628667341064,0.0,41.15570529654455,,,29,31,0.0,16397,209508700861581,30,33.89533996582031,60.21426835596327,0.6530125445742785,25,285.12631499698216,0.003076255088672042,1575420030,,,,0,,1,33.296356201171875,28.895341873168945,-0.2619344840127561,1.0,-0.2619344840127561,1.0,,1908083343235198,
Raw,1742897490772,80105000000,,,-1426932628667341064,0.0,41.15570529654455,,,29,10,0.0,32768,47490707856831,1000000000,23.151893615722656,210.19760321576985,299792458,16,1497.01429948911,340282346638528860000000000000000000000,1598062460,,,,0,,3,52.642974853515625,18.151893615722656,4.656612873077393,2.0000000474974513,4.656612873077393,2.0000000474974513,,1908083343235198,
Raw,1742897490772,80105000000,,,-1426932628667341064,0.0,41.15570529654455,,,29,9,0.0,32867,47490703703344,33,41.37955856323242,793.835694160734,0.15,25,11540.782634006757,0.0013565216213464737,1600875010,,,,0,,3,52.642974853515625,36.37955856323242,4.656612873077393,2.0000000474974513,4.656612873077393,2.0000000474974513,,1908083343235198,
Raw,1742897490772,80105000000,,,-1426932628667341064,0.0,41.15570529654455,,,29,11,0.0,32769,47490699680893,177,20.53272819519043,-357.58331808984804,1.2537017285216576,16,-3673.523213246841,340282346638528860000000000000000000000,1602000000,,,,0,,3,52.642974853515625,15.53272819519043,4.656612873077393,2.0000000474974513,4.656612873077393,2.0000000474974513,,1908083343235198,
Raw,1742897490772,80105000000,,,-1426932628667341064,0.0,41.15570529654455,,,29,1,0.0,32769,47490692087481,306,25.806636810302734,738.5157091645169,1.0151741920662154,16,5086.486458089079,340282346638528860000000000000000000000,1602562560,,,,0,,3,52.642974853515625,20.806636810302734,4.656612873077393,2.0000000474974513,4.656612873077393,2.0000000474974513,,1908083343235198,
Raw,1742897490772,80105000000,,,-1426932628667341064,0.0,41.15570529654455,,,29,20,0.0,32833,47490707819262,68,32.2662239074707,83.82544395205866,0.7239262210519235,25,560.9465841167669,0.0036467607133090496,1603124990,,,,1,,3,52.642974853515625,27.266223907470703,4.656612873077393,2.0000000474974513,4.656612873077393,2.0000000474974513,,1908083343235198,
Raw,1742897490772,80105000000,,,-1426932628667341064,0.0,41.15570529654455,,,29,21,0.0,32867,47490697984525,63,33.34923553466797,-479.0166567437518,0.6770529248056727,25,-16259.003576556957,0.003217007964849472,1604249980,,,,0,,3,52.642974853515625,28.349233627319336,4.656612873077393,2.0000000474974513,4.656612873077393,2.0000000474974513,,1908083343235198,
Raw,1742897490772,80105000000,,,-1426932628667341064,0.0,41.15570529654455,,,29,23,0.0,48,18416787,1000000000,42.400577545166016,541.4584777725188,299792458,16,262264.4991705837,340282346638528860000000000000000000000,1561097980,,,,0,,5,47.52394104003906,37.400577545166016,9.342329576611519,2.500692349107121,9.342329576611519,1.5000000237487257,,1908083343235198,
Raw,1742897490772,80105000000,,,-1426932628667341064,0.0,41.15570529654455,,,29,25,0.0,81955,209494688244423,11,37.393531799316406,902.1135454213982,0.15,17,4271.360701040966,0.09822092196476613,1561097980,,,,0,,5,47.52394104003906,32.393531799316406,9.342329576611519,2.500692349107121,9.342329576611519,1.5000000237487257,,1908083343235198,
Raw,1742897490772,80105000000,,,-1426932628667341064,0.0,41.15570529654455,,,29,28,0.0,81967,209494695726505,6,45.50170135498047,-181.24021088643576,0.15,17,-9691.201754127736,0.09688520300473054,1561097980,,,,0,,5,47.52394104003906,40.50170135498047,9.342329576611519,2.500692349107121,9.342329576611519,1.5000000237487257,,1908083343235198,
Raw,1742897490772,80105000000,,,-1426932628667341064,0.0,41.15570529654455,,,29,37,0.0,81955,209494696404356,14,34.76708984375,-31.00607600999902,0.613009392874694,17,-148.09867833433375,0.09882776965890978,1561097980,,,,0,,5,47.52394104003906,29.767087936401367,9.342329576611519,2.500692349107121,9.342329576611519,1.5000000237487257,,1908083343235198,
Raw,1742897490772,80105000000,,,-1426932628667341064,0.0,41.15570529654455,,,29,13,0.0,85026,209508689676096,12,44.43985366821289,-144.27954203395882,0.15,25,-1044.1446588270403,0.0009691097657196224,1575420030,,,,0,,6,33.296356201171875,39.43985366821289,1.3096723705530164,1.5000000237487257,1.3096723705530164,1.5000000237487257,,1908083343235198,
Raw,1742897490772,80105000000,,,-1426932628667341064,0.0,41.15570529654455,,,29,15,0.0,84002,209508689599433,1000000000,19.28063201904297,399.5247800973402,299792458,16,3793.1716667491987,340282346638528860000000000000000000000,1575420030,,,,0,,6,33.296356201171875,14.280632972717285,1.3096723705530164,1.5000000237487257,1.3096723705530164,1.5000000237487257,,1908083343235198,
Raw,1742897490772,80105000000,,,-1426932628667341064,0.0,41.15570529654455,,,29,23,0.0,85026,209508682144822,24,36.24516677856445,-153.92095774741404,0.15,25,-1268.9902274897338,0.0023470972664654255,1575420030,,,,0,,6,33.296356201171875,31.245166778564453,1.3096723705530164,1.5000000237487257,1.3096723705530164,1.5000000237487257,,1908083343235198,
Fix,GPS,45.0659963045,7.6464212963,310.18752171812747,0.0,24.0,,1742897490772,0.18190221,,1908083445553198,17.989828,0,,,
Fix,FLP,45.0661095000,7.6465228000,307.1000061035156,0.1159515,8.693,223.98724,1742897491199,0.13795848,81.19116,1908083313834818,2.566761,0,,,
Raw,1742897492000,81333000000,,,-1426932628667339854,0.0,31.277665319065186,,,29,5,0.0,16385,209509917673142,417,20.004188537597656,-183.61015154197764,299.7956269115534,16,-912.9599865484217,340282346638528860000000000000000000000,1575420030,,,,0,,1,38.62957763671875,15.00418758392334,-0.37834980195649376,1.0,-0.37834980195649376,1.0,,1908084599228735,
Raw,1742897492000,81333000000,,,-1426932628667339854,0.0,31.277665319065186,,,29,11,0.0,16385,209509917445370,222,25.675071716308594,879.0629665908041,299.7955928290969,16,2162.4025994812173,340282346638528860000000000000000000000,1575420030,,,,0,,1,38.62957763671875,20.675071716308594,-0.20372681261465636,1.0,-0.20372681261465636,1.0,,1908084599228735,
Raw,1742897492000,81333000000,,,-1426932628667339854,0.0,31.277665319065186,,,29,12,0.0,16385,209509919636720,152,27.021516799926758,908.9091100976552,0.9619005166945511,16,2228.285401742527,340282346638528860000000000000000000000,1575420030,,,,0,,1,38.62957763671875,22.021516799926758,-0.6984919076624261,1.0,-0.6984919076624261,1.0,,1908084599228735,
Raw,1742897492000,81333000000,,,-1426932628667339854,0.0,31.277665319065186,,,29,18,0.0,16431,209509923446155,14,43.020973205566406,-347.342289718787,0.15,25,-23011.131608367694,0.0011410826118662953,1575420030,,,,0,,1,38.62957763671875,38.020973205566406,-0.08731148845780326,1.0,-0.08731148845780326,1.0,,1908084599228735,
Raw,1742897492000,81333000000,,,-1426932628667339854,0.0,31.277665319065186,,,29,20,0.0,16384,209509919234790,1000000000,21.160736083984375,192.98683177439193,299792458,16,742.1351187005758,340282346638528860000000000000000000000,1575420030,,,,0,,1,38.62957763671875,16.160736083984375,0.0,1.0,0.0,1.0,,1908084599228735,
Raw,1742897492000,81333000000,,,-1426932628667339854,0.0,31.277665319065186,,,29,25,0.0,16385,209509930287602,163,21.022655487060547,706.176229468283,1.2299806050509732,16,2790.688161716048,340282346638528860000000000000000000000,1575420030,,,,0,,1,38.62957763671875,16.022655487060547,-1.8917489103726217,1.0,-1.8917489103726217,1.0,,1908084599228735,
Raw,1742897492000,81333000000,,,-1426932628667339854,0.0,31.277665319065186,,,29,26,0.0,16397,209509923603179,25,36.1600456237793,-275.1396791725937,0.15,25,-1636.2762329516536,0.0023702122271060944,1575420030,,,,0,,1,38.62957763671875,31.160045623779297,-0.8440110737314445,1.0,-0.8440110737314445,1.0,,1908084599228735,
Raw,1742897492000,81333000000,,,-1426932628667339854,0.0,31.277665319065186,,,29,28,0.0,16397,209509930301969,21,37.8726692199707,379.59925578777916,0.15,25,2271.335110792836,0.0019460588227957487,1575420030,,,,0,,1,38.62957763671875,32.8726692199707,-0.34924595383121304,1.0,-0.34924595383121304,1.0,,1908084599228735,
Raw,1742897492000,81333000000,,,-1426932628667339854,0.0,31.277665319065186,,,29,29,0.0,16397,209509932324928,113,28.924026489257812,382.24316827007965,0.8750315908533781,17,1890.01643724426,0.10059924159486568,1575420030,,,,1,,1,38.62957763671875,23.924026489257812,-0.9604263668227204,1.0,-0.9604263668227204,1.0,,1908084599228735,
Raw,1742897492000,81333000000,,,-1426932628667339854,0.0,31.277665319065186,,,29,31,0.0,16397,209509928861328,33,32.76068878173828,60.583666800678685,0.7054756299594618,25,359.3584542769487,0.00350554077886045,1575420030,,,,0,,1,38.62957763671875,27.76068878173828,-0.2619344840127561,1.0,-0.2619344840127561,1.0,,1908084599228735,
Raw,1742897492000,81333000000,,,-1426932628667339854,0.0,31.277665319065186,,,29,10,0.0,32769,47491935856032,144,24.48025131225586,210.176165350617,299.7953201694447,16,1755.235757131103,340282346638528860000000000000000000000,1598062460,,,,0,,3,55.107749938964844,19.48025131225586,4.656612873077393,2.0000000474974513,4.656612873077393,2.0000000474974513,,1908084599228735,
Raw,1742897492000,81333000000,,,-1426932628667339854,0.0,31.277665319065186,,,29,2,0.0,32768,47491920398784,1000000000,23.350980758666992,200.09237639272396,299792458,16,495.45287850305226,340282346638528860000000000000000000000,1599750020,,,,0,,3,55.107749938964844,18.350980758666992,4.656612873077393,2.0000000474974513,4.656612873077393,2.0000000474974513,,1908084599228735,
Raw,1742897492000,81333000000,,,-1426932628667339854,0.0,31.277665319065186,,,29,9,0.0,32995,47491931700102,33,42.718475341796875,794.1865389681798,0.15,25,12515.883047161995,0.0011627355124801397,1600875010,,,,0,,3,55.107749938964844,37.718475341796875,4.656612873077393,2.0000000474974513,4.656612873077393,2.0000000474974513,,1908084599228735,
Raw,1742897492000,81333000000,,,-1426932628667339854,0.0,31.277665319065186,,,29,11,0.0,32769,47491927682408,203,20.647382736206055,-357.49037523091033,299.79743328174914,16,-4109.130334042795,340282346638528860000000000000000000000,1602000000,,,,1,,3,55.107749938964844,15.647382736206055,4.656612873077393,2.0000000474974513,4.656612873077393,2.0000000474974513,,1908084599228735,
Raw,1742897492000,81333000000,,,-1426932628667339854,0.0,31.277665319065186,,,29,1,0.0,32769,47491920084485,112,26.180347442626953,738.7236121493061,0.999807464183387,16,5993.5077448181,340282346638528860000000000000000000000,1602562560,,,,0,,3,55.107749938964844,21.180347442626953,4.656612873077393,2.0000000474974513,4.656612873077393,2.0000000474974513,,1908084599228735,
Raw,1742897492000,81333000000,,,-1426932628667339854,0.0,31.277665319065186,,,29,20,0.0,32995,47491935818926,75,31.06847381591797,84.32572329012874,0.7792266043753329,25,664.2936674405009,0.004185957368463278,1603124990,,,,0,,3,55.107749938964844,26.06847381591797,4.656612873077393,2.0000000474974513,4.656612873077393,2.0000000474974513,,1908084599228735,
Raw,1742897492000,81333000000,,,-1426932628667339854,0.0,31.277665319065186,,,29,19,0.0,32768,47491928065560,1000000000,21.60049819946289,970.042471538055,299792458,16,2385.646345704711,340282346638528860000000000000000000000,1603687550,,,,0,,3,55.107749938964844,16.60049819946289,4.656612873077393,2.0000000474974513,4.656612873077393,2.0000000474974513,,1908084599228735,
Raw,1742897492000,81333000000,,,-1426932628667339854,0.0,31.277665319065186,,,29,21,0.0,32995,47491925986539,72,31.687374114990234,-478.6313204903049,1.0711931693704133,16,-16846.9099533242,340282346638528860000000000000000000000,1604249980,,,,0,,3,55.107749938964844,26.687374114990234,4.656612873077393,2.0000000474974513,4.656612873077393,2.0000000474974513,,1908084599228735,
Raw,1742897492000,81333000000,,,-1426932628667339854,0.0,31.277665319065186,,,29,8,0.0,81954,209495868013909,1000000000,22.782726287841797,-14.987124405076365,299792458,16,-33.486379065900195,340282346638528860000000000000000000000,1561097980,,,,0,,5,49.486572265625,17.782726287841797,9.342329576611519,2.500692349107121,9.342329576611519,1.5000000237487257,,1908084599228735,
Raw,1742897492000,81333000000,,,-1426932628667339854,0.0,31.277665319065186,,,29,11,0.0,81955,209495922934345,64,25.637836456298828,731.2443533952014,1.024716148248538,16,1793.5902437744157,340282346638528860000000000000000000000,1561097980,,,,0,,5,49.486572265625,20.637836456298828,9.342329576611519,2.500692349107121,9.342329576611519,1.5000000237487257,,1908084599228735,
Raw,1742897492000,81333000000,,,-1426932628667339854,0.0,31.277665319065186,,,29,13,0.0,81954,209495867589264,1000000000,21.267364501953125,-49.46052481050842,299792458,16,-119.83770919223737,340282346638528860000000000000000000000,1561097980,,,,0,,5,49.486572265625,16.267364501953125,9.342329576611519,2.500692349107121,9.342329576611519,1.5000000237487257,,1908084599228735,
Raw,1742897492000,81333000000,,,-1426932628667339854,0.0,31.277665319065186,,,29,23,0.0,65587,6414553,6,43.89227294921875,544.4939295153533,0.15,16,262931.74209933204,340282346638528860000000000000000000000,1561097980,,,,0,,5,49.486572265625,38.89227294921875,9.342329576611519,2.500692349107121,9.342329576611519,1.5000000237487257,,1908084599228735,
Raw,1742897492000,81333000000,,,-1426932628667339854,0.0,31.277665319065186,,,29,25,0.0,81955,209495916240742,12,36.465965270996094,902.4335115232343,0.15,17,5379.48041258726,0.0984689964963213,1561097980,,,,0,,5,49.486572265625,31.46596336364746,9.342329576611519,2.500692349107121,9.342329576611519,1.5000000237487257,,1908084599228735,
Raw,1742897492000,81333000000,,,-1426932628667339854,0.0,31.277665319065186,,,29,28,0.0,81967,209495923727249,6,45.599273681640625,-180.92274984515404,0.15,17,-9913.508312183145,0.09687553506149878,1561097980,,,,0,,5,49.486572265625,40.599273681640625,9.342329576611519,2.500692349107121,9.342329576611519,1.5000000237487257,,1908084599228735,
Raw,1742897492000,81333000000,,,-1426932628667339854,0.0,31.277665319065186,,,29,34,0.0,81954,209495916562638,1000000000,19.348299026489258,877.1993378681368,299792458,16,2154.008938588694,340282346638528860000000000000000000000,1561097980,,,,0,,5,49.486572265625,14.348299026489258,9.342329576611519,2.500692349107121,9.342329576611519,1.5000000237487257,,1908084599228735,
Raw,1742897492000,81333000000,,,-1426932628667339854,0.0,31.277665319065186,,,29,37,0.0,81955,209495924404499,53,31.789974212646484,-30.785385713553225,1.101894140294697,16,-185.9373354616907,340282346638528860000000000000000000000,1561097980,,,,0,,5,49.486572265625,26.789974212646484,9.342329576611519,2.500692349107121,9.342329576611519,1.5000000237487257,,1908084599228735,
Raw,1742897492000,81333000000,,,-1426932628667339854,0.0,31.277665319065186,,,29,4,0.0,84002,209509909047650,1000000000,32.58322525024414,313.16542479140844,299792458,16,770.7270508068681,340282346638528860000000000000000000000,1575420030,,,,0,,6,38.62957763671875,27.58322525024414,1.3096723705530164,1.5000000237487257,1.3096723705530164,1.5000000237487257,,1908084599228735,
Raw,1742897492000,81333000000,,,-1426932628667339854,0.0,31.277665319065186,,,29,6,0.0,16384,209509905957952,1000000000,33.42436218261719,101.36609096950673,299792458,16,5.290618997849347,340282346638528860000000000000000000000,1575420030,,,,0,,6,38.62957763671875,28.424362182617188,1.3096723705530164,1.5000000237487257,1.3096723705530164,1.5000000237487257,,1908084599228735,
Raw,1742897492000,81333000000,,,-1426932628667339854,0.0,31.277665319065186,,,29,13,0.0,85026,209509917676691,13,44.101600646972656,-143.9419041784156,0.15,25,-1221.0216428611225,0.0010075942846015096,1575420030,,,,0,,6,38.62957763671875,39.101600646972656,1.3096723705530164,1.5000000237487257,1.3096723705530164,1.5000000237487257,,1908084599228735,
Raw,1742897492000,81333000000,,,-1426932628667339854,0.0,31.277665319065186,,,29,15,0.0,84002,209509917597815,1000000000,18.858470916748047,399.52215574818797,299792458,16,4281.884884950996,340282346638528860000000000000000000000,1575420030,,,,1,,6,38.62957763671875,13.85846996307373,1.3096723705530164,1.5000000237487257,1.3096723705530164,1.5000000237487257,,1908084599228735,
Raw,1742897492000,81333000000,,,-1426932628667339854,0.0,31.277665319065186,,,29,18,0.0,84002,209509898086720,1000000000,31.602069854736328,-149.3893372869129,299792458,16,-366.88700232756514,340282346638528860000000000000000000000,1575420030,,,,0,,6,38.62957763671875,26.602069854736328,1.3096723705530164,1.5000000237487257,1.3096723705530164,1.5000000237487257,,1908084599228735,
Raw,1742897492000,81333000000,,,-1426932628667339854,0.0,31.277665319065186,,,29,21,0.0,84002,209509920986222,1000000000,26.539703369140625,126.46566448318151,299792458,16,314.36350624921977,340282346638528860000000000000000000000,1575420030,,,,0,,6,38.62957763671875,21.539703369140625,1.3096723705530164,1.5000000237487257,1.3096723705530164,1.5000000237487257,,1908084599228735,
Raw,1742897492000,81333000000,,,-1426932628667339854,0.0,31.277665319065186,,,29,23,0.0,85026,209509910145474,26,35.51240539550781,-153.63076267135057,0.5790870972706217,25,-1457.786485671442,0.0025536962784826756,1575420030,,,,0,,6,38.62957763671875,30.51240348815918,1.3096723705530164,1.5000000237487257,1.3096723705530164,1.5000000237487257,,1908084599228735,
Raw,1742897492000,81333000000,,,-1426932628667339854,0.0,31.277665319065186,,,29,26,0.0,16384,209509906148511,1000000000,30.2967472076416,-329.3469912519388,299792458,16,-17.096960253399125,340282346638528860000000000000000000000,1575420030,,,,0,,6,38.62957763671875,25.2967472076416,1.3096723705530164,1.5000000237487257,1.3096723705530164,1.5000000237487257,,1908084599228735,
Raw,1742897492000,81333000000,,,-1426932628667339854,0.0,31.277665319065186,,,29,27,0.0,84002,209509918349032,1000000000,32.17753601074219,569.6284460675781,299792458,16,1400.5538098565687,340282346638528860000000000000000000000,1575420030,,,,0,,6,38.62957763671875,27.177536010742188,1.3096723705530164,1.5000000237487257,1.3096723705530164,1.5000000237487257,,1908084599228735,
Raw,1742897492000,81333000000,,,-1426932628667339854,0.0,31.277665319065186,,,29,34,0.0,84002,209509906414900,1000000000,31.328290939331055,804.5005719611127,299792458,16,1976.4085835138353,340282346638528860000000000000000000000,1575420030,,,,0,,6,38.62957763671875,26.328290939331055,1.3096723705530164,1.5000000237487257,1.3096723705530164,1.5000000237487257,,1908084599228735,
Status,1742897490772,36,0,1,29,1575449980,28.92,31.0,82.0,1,1,1,23.924026
Status,1742897490772,36,1,3,10,1598062460,24.48,19.0,79.0,0,1,1,19.480251
Status,1742897490772,36,2,3,20,1603124990,32.99,160.0,74.0,1,1,1,27.989893
Status,1742897490772,36,3,6,21,1575449980,26.54,314.0,68.0,0,1,1,21.539703
Status,1742897490772,36,4,1,28,1575449980,37.87,252.0,61.0,1,1,1,32.87267
Status,1742897490772,36,5,5,37,1575449980,34.71,302.0,55.0,1,1,1,29.70841
Status,1742897490772,36,6,1,25,1575449980,24.97,102.0,52.0,1,1,1,19.974262
Status,1742897490772,36,7,6,27,1575449980,32.18,93.0,51.0,0,1,1,27.177536
Status,1742897490772,36,8,1,31,1575449980,33.78,294.0,48.0,1,1,1,28.781876
Status,1742897490772,36,9,6,15,1575449980,27.27,68.0,45.0,0,1,1,22.265028
Status,1742897490772,36,10,6,13,1575449980,44.41,150.0,44.0,1,1,1,39.40603
Status,1742897490772,36,11,3,9,1600875010,42.72,123.0,44.0,1,1,1,37.718475
Status,1742897490772,36,12,5,28,1575449980,45.60,209.0,44.0,1,1,1,40.599274
Status,1742897490772,36,13,5,11,1575449980,25.64,51.0,42.0,1,1,1,20.637836
Status,1742897490772,36,14,1,18,1575449980,43.02,175.0,31.0,1,1,1,38.020973
Status,1742897490772,36,15,3,19,1603687550,21.60,34.0,31.0,0,1,1,16.600498
Status,1742897490772,36,16,3,11,1602000000,20.65,318.0,30.0,0,1,1,15.647383
Status,1742897490772,36,17,1,26,1575449980,36.16,297.0,25.0,1,1,1,31.160046
Status,1742897490772,36,18,3,21,1604249980,38.23,202.0,24.0,1,1,1,33.22959
Status,1742897490772,36,19,5,8,1575449980,22.78,69.0,20.0,0,1,1,17.782726
Status,1742897490772,36,20,5,13,1575449980,21.27,83.0,20.0,0,1,1,16.267365
Status,1742897490772,36,21,5,34,1575449980,19.35,48.0,18.0,0,1,1,14.348299
Status,1742897490772,36,22,6,23,1575449980,37.96,291.0,18.0,1,1,1,32.95921
Status,1742897490772,36,23,5,25,1575449980,38.47,137.0,17.0,1,1,1,33.470108
Status,1742897490772,36,24,1,12,1575449980,27.02,104.0,16.0,1,1,1,22.021517
Status,1742897490772,36,25,6,4,1575449980,32.58,309.0,15.0,0,1,1,27.583225
Status,1742897490772,36,26,1,20,1575449980,21.58,60.0,14.0,0,1,1,16.577135
Status,1742897490772,36,27,1,11,1575449980,25.68,36.0,11.0,0,1,1,20.675072
Status,1742897490772,36,28,1,5,1575449980,25.34,95.0,9.0,0,1,1,20.337582
Status,1742897490772,36,29,6,18,1575449980,31.60,241.0,7.0,0,0,1,26.60207
Status,1742897490772,36,30,3,2,1599750020,23.35,348.0,7.0,0,1,1,18.35098
Status,1742897490772,36,31,6,34,1575449980,31.33,30.0,7.0,0,1,1,26.32829
Status,1742897490772,36,32,6,6,1575449980,33.42,332.0,6.0,0,1,1,28.424362
Status,1742897490772,36,33,6,26,1575449980,30.30,188.0,6.0,0,1,1,25.296747
Status,1742897490772,36,34,3,1,1602562560,26.49,302.0,6.0,1,1,1,21.491922
Status,1742897490772,36,35,5,23,1575449980,43.89,150.0,68.0,0,1,0,38.892273
Fix,GPS,45.0659963045,7.6464212963,306.8096622626987,0.0,12.0,,1742897492000,0.18917009,,1908084711604928,12.880661,0,,,
Fix,FLP,45.0661101000,7.6465220000,307.1000061035156,0.028564025,8.554,,1742897492558,0.062392328,,1908084673830202,2.5794215,0,,,
Status,1742897492000,36,0,1,29,1575449980,29.52,31.0,82.0,1,1,1,24.523243
Status,1742897492000,36,1,3,10,1598062460,25.16,19.0,79.0,1,1,1,20.156582
Status,1742897492000,36,2,3,20,1603124990,32.89,160.0,74.0,1,1,1,27.885492
Status,1742897492000,36,3,6,21,1575449980,26.09,314.0,68.0,1,1,1,21.092333
Status,1742897492000,36,4,1,28,1575449980,38.13,252.0,61.0,1,1,1,33.126373
Status,1742897492000,36,5,5,37,1575449980,34.29,302.0,55.0,1,1,1,29.285894
Status,1742897492000,36,6,1,25,1575449980,24.69,102.0,52.0,1,1,1,19.685513
Status,1742897492000,36,7,6,27,1575449980,31.88,93.0,51.0,1,1,1,26.876865
Status,1742897492000,36,8,1,31,1575449980,33.86,294.0,48.0,1,1,1,28.86279
Status,1742897492000,36,9,6,15,1575449980,26.17,68.0,45.0,1,1,1,21.170982
Status,1742897492000,36,10,6,13,1575449980,45.09,150.0,44.0,1,1,1,40.087578
Status,1742897492000,36,11,3,9,1600875010,43.52,123.0,44.0,1,1,1,38.519096
Status,1742897492000,36,12,5,28,1575449980,46.21,209.0,44.0,1,1,1,41.21026
Status,1742897492000,36,13,5,11,1575449980,25.45,51.0,41.0,1,1,1,20.445396
Status,1742897492000,36,14,1,18,1575449980,42.99,175.0,31.0,1,1,1,37.99151
Status,1742897492000,36,15,3,19,1603687550,21.52,34.0,31.0,0,1,1,16.521471
Status,1742897492000,36,16,3,11,1602000000,22.51,318.0,30.0,0,1,1,17.507248
Status,1742897492000,36,17,1,26,1575449980,36.47,297.0,25.0,1,1,1,31.470121
Status,1742897492000,36,18,3,21,1604249980,37.41,202.0,24.0,1,1,1,32.40572
Status,1742897492000,36,19,5,8,1575449980,22.24,69.0,20.0,0,1,1,17.241997
Status,1742897492000,36,20,5,13,1575449980,20.84,83.0,20.0,0,1,1,15.838393
Status,1742897492000,36,21,5,34,1575449980,18.73,48.0,18.0,0,1,1,13.727976
Status,1742897492000,36,22,6,23,1575449980,37.64,291.0,18.0,1,1,1,32.63869
Status,1742897492000,36,23,5,25,1575449980,38.43,137.0,17.0,1,1,1,33.42852
Status,1742897492000,36,24,1,12,1575449980,26.70,104.0,16.0,1,1,1,21.703136
Status,1742897492000,36,25,6,4,1575449980,32.05,309.0,15.0,1,1,1,27.051945
Status,1742897492000,36,26,1,20,1575449980,21.34,60.0,14.0,1,1,1,16.335175
Status,1742897492000,36,27,1,11,1575449980,25.60,36.0,11.0,0,1,1,20.601454
Status,1742897492000,36,28,1,5,1575449980,24.64,95.0,9.0,0,1,1,19.643234
Status,1742897492000,36,29,6,18,1575449980,30.95,241.0,7.0,0,0,1,25.953522
Status,1742897492000,36,30,3,2,1599750020,23.28,348.0,7.0,0,1,1,18.279823
Status,1742897492000,36,31,6,34,1575449980,30.67,30.0,7.0,0,1,1,25.673548
Status,1742897492000,36,32,6,6,1575449980,33.34,332.0,6.0,0,1,1,28.335081
Status,1742897492000,36,33,6,26,1575449980,30.24,188.0,6.0,0,1,1,25.237843
Status,1742897492000,36,34,3,1,1602562560,26.64,302.0,6.0,1,1,1,21.644651
Status,1742897492000,36,35,5,23,1575449980,43.77,150.0,68.0,0,1,0,38.768703
Raw,1742897493000,82333000000,,,-1426932628667338855,0.0,26.57624122693484,,,29,5,0.0,16384,209510917674076,1000000000,19.68328285217285,-183.61015154197764,299792458,16,-1096.3162055593175,340282346638528860000000000000000000000,1575420030,,,,1,,1,38.422760009765625,14.683282852172852,-0.37834980195649376,1.0,-0.37834980195649376,1.0,,1908085611976850,
Raw,1742897493000,82333000000,,,-1426932628667338855,0.0,26.57624122693484,,,29,11,0.0,16385,209510917442398,279,25.075580596923828,879.0629665908041,299.7955928290969,16,3042.56613300045,340282346638528860000000000000000000000,1575420030,,,,0,,1,38.422760009765625,20.075580596923828,-0.20372681261465636,1.0,-0.20372681261465636,1.0,,1908085611976850,
Raw,1742897493000,82333000000,,,-1426932628667338855,0.0,26.57624122693484,,,29,12,0.0,16385,209510919633705,147,24.42884635925293,908.5420420409046,1.0784893446236148,16,3137.0582643215853,340282346638528860000000000000000000000,1575420030,,,,0,,1,38.422760009765625,19.42884635925293,-0.6984919076624261,1.0,-0.6984919076624261,1.0,,1908085611976850,
Raw,1742897493000,82333000000,,,-1426932628667338855,0.0,26.57624122693484,,,29,18,0.0,16431,209510923447315,14,42.781028747558594,-347.1768875572818,0.15,25,-23358.386102192024,0.001173043972812593,1575420030,,,,0,,1,38.422760009765625,37.781028747558594,-0.08731148845780326,1.0,-0.08731148845780326,1.0,,1908085611976850,
Raw,1742897493000,82333000000,,,-1426932628667338855,0.0,26.57624122693484,,,29,20,0.0,16385,209510919234126,163,19.606767654418945,193.38425025867616,1.2952608908095637,16,935.5854329213115,340282346638528860000000000000000000000,1575420030,,,,0,,1,38.422760009765625,14.606767654418945,0.0,1.0,0.0,1.0,,1908085611976850,
Raw,1742897493000,82333000000,,,-1426932628667338855,0.0,26.57624122693484,,,29,25,0.0,16385,209510930285295,74,22.62287712097168,706.5113281808153,1.1580201578139118,16,3497.1604841333196,340282346638528860000000000000000000000,1575420030,,,,0,,1,38.422760009765625,17.62287712097168,-1.8917489103726217,1.0,-1.8917489103726217,1.0,,1908085611976850,
Raw,1742897493000,82333000000,,,-1426932628667338855,0.0,26.57624122693484,,,29,26,0.0,16397,209510923604100,24,36.470123291015625,-274.9079866331516,0.15,25,-1911.3208835134078,0.0022870905231684446,1575420030,,,,0,,1,38.422760009765625,31.470121383666992,-0.8440110737314445,1.0,-0.8440110737314445,1.0,,1908085611976850,
Raw,1742897493000,82333000000,,,-1426932628667338855,0.0,26.57624122693484,,,29,28,0.0,16397,209510930300718,21,38.126373291015625,379.9160522211587,0.15,25,2651.1288573147594,0.0018900391878560185,1575420030,,,,0,,1,38.422760009765625,33.126373291015625,-0.34924595383121304,1.0,-0.34924595383121304,1.0,,1908085611976850,
Raw,1742897493000,82333000000,,,-1426932628667338855,0.0,26.57624122693484,,,29,29,0.0,16397,209510932323634,42,29.523242950439453,382.48341550610894,0.8480851486650312,17,2272.416420802897,0.10023577573065436,1575420030,,,,1,,1,38.422760009765625,24.523242950439453,-0.9604263668227204,1.0,-0.9604263668227204,1.0,,1908085611976850,
Raw,1742897493000,82333000000,,,-1426932628667338855,0.0,26.57624122693484,,,29,31,0.0,16397,209510928861126,30,33.862789154052734,60.85977304127704,0.6523178482534346,25,420.1261445589577,0.003087806049734354,1575420030,,,,0,,1,38.422760009765625,28.862789154052734,-0.2619344840127561,1.0,-0.2619344840127561,1.0,,1908085611976850,
Raw,1742897493000,82333000000,,,-1426932628667338855,0.0,26.57624122693484,,,29,10,0.0,32769,47492935855154,121,25.15658187866211,210.4678430135392,1.0450842769241953,16,1964.9679782140256,340282346638528860000000000000000000000,1598062460,,,,0,,3,53.90400695800781,20.15658187866211,4.656612873077393,2.0000000474974513,4.656612873077393,2.0000000474974513,,1908085611976850,
Raw,1742897493000,82333000000,,,-1426932628667338855,0.0,26.57624122693484,,,29,2,0.0,32768,47492920398126,1000000000,22.771520614624023,200.09237639272396,299792458,16,696.5617679634439,340282346638528860000000000000000000000,1599750020,,,,0,,3,53.90400695800781,17.771520614624023,4.656612873077393,2.0000000474974513,4.656612873077393,2.0000000474974513,,1908085611976850,
Raw,1742897493000,82333000000,,,-1426932628667338855,0.0,26.57624122693484,,,29,9,0.0,32995,47492931697454,33,43.51909637451172,794.4959395084938,0.15,25,13310.214043714192,0.0010603514965623617,1600875010,,,,0,,3,53.90400695800781,38.51909637451172,4.656612873077393,2.0000000474974513,4.656612873077393,2.0000000474974513,,1908085611976850,
Raw,1742897493000,82333000000,,,-1426932628667338855,0.0,26.57624122693484,,,29,11,0.0,32769,47492927683937,158,22.507247924804688,-357.3991705772553,299.79385462381424,16,-4466.332628292579,340282346638528860000000000000000000000,1602000000,,,,1,,3,53.90400695800781,17.507247924804688,4.656612873077393,2.0000000474974513,4.656612873077393,2.0000000474974513,,1908085611976850,
Raw,1742897493000,82333000000,,,-1426932628667338855,0.0,26.57624122693484,,,29,1,0.0,32769,47492920082012,108,26.644651412963867,739.7000063637715,1.1285261851350805,16,6733.454185908773,340282346638528860000000000000000000000,1602562560,,,,0,,3,53.90400695800781,21.644651412963867,4.656612873077393,2.0000000474974513,4.656612873077393,2.0000000474974513,,1908085611976850,
Raw,1742897493000,82333000000,,,-1426932628667338855,0.0,26.57624122693484,,,29,20,0.0,32995,47492935818657,69,32.139732360839844,84.70087740968944,0.7310534485030646,25,748.7873112641116,0.0037002572789788246,1603124990,,,,0,,3,53.90400695800781,27.13973045349121,4.656612873077393,2.0000000474974513,4.656612873077393,2.0000000474974513,,1908085611976850,
Raw,1742897493000,82333000000,,,-1426932628667338855,0.0,26.57624122693484,,,29,19,0.0,32768,47492928062334,1000000000,20.956953048706055,970.042471538055,299792458,16,3357.0905255670023,340282346638528860000000000000000000000,1603687550,,,,0,,3,53.90400695800781,15.956953048706055,4.656612873077393,2.0000000474974513,4.656612873077393,2.0000000474974513,,1908085611976850,
Raw,1742897493000,82333000000,,,-1426932628667338855,0.0,26.57624122693484,,,29,21,0.0,32995,47492925988135,73,31.520553588867188,-478.406546689537,0.7571287244638452,25,-17325.465415939172,0.003970874473452568,1604249980,,,,0,,3,53.90400695800781,26.520553588867188,4.656612873077393,2.0000000474974513,4.656612873077393,2.0000000474974513,,1908085611976850,
Raw,1742897493000,82333000000,,,-1426932628667338855,0.0,26.57624122693484,,,29,8,0.0,81955,209496868013765,259,18.37939453125,-14.987124405076365,299.79388870627076,16,-48.361328013219776,340282346638528860000000000000000000000,1561097980,,,,0,,5,51.1672477722168,13.37939453125,9.342329576611519,2.500692349107121,9.342329576611519,1.5000000237487257,,1908085611976850,
Raw,1742897493000,82333000000,,,-1426932628667338855,0.0,26.57624122693484,,,29,11,0.0,81955,209496922931929,63,24.070728302001953,730.7263000560547,1.0915892563111869,16,2524.0798471775784,340282346638528860000000000000000000000,1561097980,,,,0,,5,51.1672477722168,19.070728302001953,9.342329576611519,2.500692349107121,9.342329576611519,1.5000000237487257,,1908085611976850,
Raw,1742897493000,82333000000,,,-1426932628667338855,0.0,26.57624122693484,,,29,13,0.0,81955,209496867589500,130,17.77411651611328,-49.46052481050842,299.7938205413577,16,-168.90175886676658,340282346638528860000000000000000000000,1561097980,,,,0,,5,51.1672477722168,12.774116516113281,9.342329576611519,2.500692349107121,9.342329576611519,1.5000000237487257,,1908085611976850,
Raw,1742897493000,82333000000,,,-1426932628667338855,0.0,26.57624122693484,,,29,23,0.0,65587,6412740,7,42.8859977722168,544.8539425036038,0.15,17,263476.4593990329,0.09718932877798532,1561097980,,,,0,,5,51.1672477722168,37.8859977722168,9.342329576611519,2.500692349107121,9.342329576611519,1.5000000237487257,,1908085611976850,
Raw,1742897493000,82333000000,,,-1426932628667338855,0.0,26.57624122693484,,,29,25,0.0,81955,209496916237734,10,38.131439208984375,902.6374609430668,0.15,17,6282.040064476173,0.0980416442317978,1561097980,,,,0,,5,51.1672477722168,33.131439208984375,9.342329576611519,2.500692349107121,9.342329576611519,1.5000000237487257,,1908085611976850,
Raw,1742897493000,82333000000,,,-1426932628667338855,0.0,26.57624122693484,,,29,28,0.0,81967,209496923727856,6,46.21025848388672,-180.6762996020376,0.15,25,-10094.30323379769,0.000797661894466728,1561097980,,,,0,,5,51.1672477722168,41.21025848388672,9.342329576611519,2.500692349107121,9.342329576611519,1.5000000237487257,,1908085611976850,
Raw,1742897493000,82333000000,,,-1426932628667338855,0.0,26.57624122693484,,,29,34,0.0,81955,209496916559285,520,14.296808242797852,877.1993378681368,299.7954224168143,16,3030.6813597647774,340282346638528860000000000000000000000,1561097980,,,,0,,5,51.1672477722168,9.296808242797852,9.342329576611519,2.500692349107121,9.342329576611519,1.5000000237487257,,1908085611976850,
Raw,1742897493000,82333000000,,,-1426932628667338855,0.0,26.57624122693484,,,29,37,0.0,81955,209496924404623,18,31.267723083496094,-30.4919208518171,0.7682134443422082,17,-216.48856481208864,0.10022090529595469,1561097980,,,,0,,5,51.1672477722168,26.267723083496094,9.342329576611519,2.500692349107121,9.342329576611519,1.5000000237487257,,1908085611976850,
Raw,1742897493000,82333000000,,,-1426932628667338855,0.0,26.57624122693484,,,29,4,0.0,85026,209510909046578,47,28.2568359375,313.4178394644164,0.9037251583423065,16,1084.4253807079326,340282346638528860000000000000000000000,1575420030,,,,0,,6,38.422760009765625,23.2568359375,1.3096723705530164,1.5000000237487257,1.3096723705530164,1.5000000237487257,,1908085611976850,
Raw,1742897493000,82333000000,,,-1426932628667338855,0.0,26.57624122693484,,,29,6,0.0,16384,209510905957662,1000000000,32.697322845458984,101.73740229209449,299792458,16,3.2595250554445165,340282346638528860000000000000000000000,1575420030,,,,0,,6,38.422760009765625,27.697322845458984,1.3096723705530164,1.5000000237487257,1.3096723705530164,1.5000000237487257,,1908085611976850,
Raw,1742897493000,82333000000,,,-1426932628667338855,0.0,26.57624122693484,,,29,13,0.0,85026,209510917677169,12,45.08757781982422,-143.6932215343969,0.15,25,-1364.8252513623142,0.0008994705276563764,1575420030,,,,0,,6,38.422760009765625,40.08757781982422,1.3096723705530164,1.5000000237487257,1.3096723705530164,1.5000000237487257,,1908085611976850,
Raw,1742897493000,82333000000,,,-1426932628667338855,0.0,26.57624122693484,,,29,15,0.0,85026,209510917596280,105,18.35586929321289,400.0781769439011,1.3490591164886494,16,4682.18428701071,340282346638528860000000000000000000000,1575420030,,,,1,,6,38.422760009765625,13.355870246887207,1.3096723705530164,1.5000000237487257,1.3096723705530164,1.5000000237487257,,1908085611976850,
Raw,1742897493000,82333000000,,,-1426932628667338855,0.0,26.57624122693484,,,29,18,0.0,84002,209510898087235,1000000000,26.320730209350586,-149.52991037884124,299792458,16,-517.6683387979035,340282346638528860000000000000000000000,1575420030,,,,0,,6,38.422760009765625,21.320730209350586,1.3096723705530164,1.5000000237487257,1.3096723705530164,1.5000000237487257,,1908085611976850,
Raw,1742897493000,82333000000,,,-1426932628667338855,0.0,26.57624122693484,,,29,21,0.0,85026,209510920985777,124,22.89662742614746,126.50197081999244,1.1440372974870456,16,442.7653407961934,340282346638528860000000000000000000000,1575420030,,,,0,,6,38.422760009765625,17.89662742614746,1.3096723705530164,1.5000000237487257,1.3096723705530164,1.5000000237487257,,1908085611976850,
Raw,1742897493000,82333000000,,,-1426932628667338855,0.0,26.57624122693484,,,29,23,0.0,85026,209510910145985,26,35.34913635253906,-153.55116309414154,0.5849901521134533,25,-1611.3762685753793,0.002602152293547988,1575420030,,,,0,,6,38.422760009765625,30.34913444519043,1.3096723705530164,1.5000000237487257,1.3096723705530164,1.5000000237487257,,1908085611976850,
Raw,1742897493000,82333000000,,,-1426932628667338855,0.0,26.57624122693484,,,29,26,0.0,16384,209510906149612,1000000000,29.81707000732422,-328.97566288812277,299792458,16,-10.529692932056893,340282346638528860000000000000000000000,1575420030,,,,0,,6,38.422760009765625,24.81707000732422,1.3096723705530164,1.5000000237487257,1.3096723705530164,1.5000000237487257,,1908085611976850,
Raw,1742897493000,82333000000,,,-1426932628667338855,0.0,26.57624122693484,,,29,27,0.0,85026,209510918347096,147,29.729082107543945,569.8023347607575,1.292164579515224,16,1970.0507247913947,340282346638528860000000000000000000000,1575420030,,,,1,,6,38.422760009765625,24.729082107543945,1.3096723705530164,1.5000000237487257,1.3096723705530164,1.5000000237487257,,1908085611976850,
Raw,1742897493000,82333000000,,,-1426932628667338855,0.0,26.57624122693484,,,29,34,0.0,84002,209510906412216,1000000000,25.996505737304688,804.7982481363829,299792458,16,2780.8318803613497,340282346638528860000000000000000000000,1575420030,,,,0,,6,38.422760009765625,20.996505737304688,1.3096723705530164,1.5000000237487257,1.3096723705530164,1.5000000237487257,,1908085611976850,
Fix,GPS,45.0659963045,7.6464212963,309.9408402905557,0.0,12.0,,1742897493000,0.16412722,,1908085722430542,10.934912,0,,,
Fix,FLP,45.0661102000,7.6465226000,307.1000061035156,0.023934474,8.47,,1742897493559,0.0608395,,1908085673830001,2.5895298,0,,,
Status,1742897493000,35,0,1,29,1575449980,29.51,31.0,82.0,1,1,1,24.508896
Status,1742897493000,35,1,3,10,1598062460,25.10,19.0,79.0,1,1,1,20.097103
Status,1742897493000,35,2,3,20,1603124990,32.84,160.0,74.0,1,1,1,27.840944
Status,1742897493000,35,3,6,21,1575449980,25.69,314.0,68.0,1,1,1,20.689537
Status,1742897493000,35,4,1,28,1575449980,38.06,252.0,61.0,1,1,1,33.06171
Status,1742897493000,35,5,5,37,1575449980,34.15,302.0,55.0,1,1,1,29.148376
Status,1742897493000,35,6,1,25,1575449980,25.30,102.0,52.0,1,1,1,20.304493
Status,1742897493000,35,7,6,27,1575449980,31.56,93.0,51.0,1,1,1,26.556797
Status,1742897493000,35,8,1,31,1575449980,34.15,294.0,48.0,1,1,1,29.154486
Status,1742897493000,35,9,6,15,1575449980,25.31,68.0,45.0,0,1,1,20.308208
Status,1742897493000,35,10,6,13,1575449980,45.07,150.0,44.0,1,1,1,40.068745
Status,1742897493000,35,11,3,9,1600875010,43.40,123.0,44.0,1,1,1,38.404896
Status,1742897493000,35,12,5,28,1575449980,46.06,209.0,44.0,1,1,1,41.061333
Status,1742897493000,35,13,5,11,1575449980,25.28,51.0,41.0,1,1,1,20.280485
Status,1742897493000,35,14,1,18,1575449980,42.80,175.0,31.0,1,1,1,37.79518
Status,1742897493000,35,15,3,19,1603687550,21.38,34.0,31.0,0,1,1,16.378998
Status,1742897493000,35,16,3,11,1602000000,22.46,318.0,30.0,0,1,1,17.46462
Status,1742897493000,35,17,1,26,1575449980,36.34,297.0,25.0,1,1,1,31.343065
Status,1742897493000,35,18,3,21,1604249980,36.90,202.0,24.0,1,1,1,31.899702
Status,1742897493000,35,19,5,8,1575449980,21.35,69.0,20.0,0,1,1,16.350588
Status,1742897493000,35,20,5,13,1575449980,20.29,83.0,20.0,0,1,1,15.291801
Status,1742897493000,35,21,6,23,1575449980,37.42,291.0,18.0,1,1,1,32.41932
Status,1742897493000,35,22,5,25,1575449980,38.41,137.0,17.0,1,1,1,33.409683
Status,1742897493000,35,23,1,12,1575449980,26.37,104.0,16.0,1,1,1,21.373276
Status,1742897493000,35,24,6,4,1575449980,31.43,309.0,15.0,1,1,1,26.430328
Status,1742897493000,35,25,1,20,1575449980,21.32,60.0,14.0,1,1,1,16.31753
Status,1742897493000,35,26,1,11,1575449980,25.49,36.0,11.0,0,1,1,20.49432
Status,1742897493000,35,27,1,5,1575449980,24.17,95.0,9.0,0,1,1,19.166256
Status,1742897493000,35,28,6,18,1575449980,30.01,241.0,7.0,0,0,1,25.010546
Status,1742897493000,35,29,3,2,1599750020,23.19,348.0,7.0,0,1,1,18.194162
Status,1742897493000,35,30,6,34,1575449980,30.13,30.0,7.0,0,1,1,25.12624
Status,1742897493000,35,31,6,6,1575449980,32.67,332.0,6.0,0,1,1,27.674696
Status,1742897493000,35,32,6,26,1575449980,29.54,188.0,6.0,0,1,1,24.544212
Status,1742897493000,35,33,3,1,1602562560,26.44,302.0,6.0,1,1,1,21.441895
Status,1742897493000,35,34,5,23,1575449980,43.75,150.0,68.0,0,1,0,38.748665
Raw,1742897494000,83333000000,,,-1426932628667337858,0.0,23.790141090398038,,,29,5,0.0,16384,209511917674684,1000000000,19.873455047607422,-183.23884021938989,299792458,16,-1278.8196135548458,340282346638528860000000000000000000000,1575420030,,,,0,,1,37.307655334472656,14.873456001281738,-0.37834980195649376,1.0,-0.37834980195649376,1.0,,1908086602873772,
Raw,1742897494000,83333000000,,,-1426932628667337858,0.0,23.790141090398038,,,29,11,0.0,16385,209511917439423,81,24.530115127563477,879.6198739303868,299.7955928290969,16,3921.7097166908584,340282346638528860000000000000000000000,1575420030,,,,0,,1,37.307655334472656,19.530115127563477,-0.20372681261465636,1.0,-0.20372681261465636,1.0,,1908086602873772,
Raw,1742897494000,83333000000,,,-1426932628667337858,0.0,23.790141090398038,,,29,12,0.0,16385,209511919630689,70,23.404529571533203,908.4583355276845,1.124551185508512,16,4046.617984561709,340282346638528860000000000000000000000,1575420030,,,,0,,1,37.307655334472656,18.404529571533203,-0.6984919076624261,1.0,-0.6984919076624261,1.0,,1908086602873772,
Raw,1742897494000,83333000000,,,-1426932628667337858,0.0,23.790141090398038,,,29,18,0.0,16431,209511923448478,16,41.02825164794922,-346.8432203079235,0.15,25,-23705.3432126536,0.001435334561392665,1575420030,,,,0,,1,37.307655334472656,36.02825164794922,-0.08731148845780326,1.0,-0.08731148845780326,1.0,,1908086602873772,
Raw,1742897494000,83333000000,,,-1426932628667337858,0.0,23.790141090398038,,,29,20,0.0,16385,209511919233462,84,21.158729553222656,193.6196577858792,1.2254708037531072,16,1129.9385168813496,340282346638528860000000000000000000000,1575420030,,,,0,,1,37.307655334472656,16.158729553222656,0.0,1.0,0.0,1.0,,1908086602873772,
Raw,1742897494000,83333000000,,,-1426932628667337858,0.0,23.790141090398038,,,29,25,0.0,16385,209511930282987,60,25.304492950439453,707.0463545833104,1.2649683768251707,16,4204.429255966939,340282346638528860000000000000000000000,1575420030,,,,0,,1,37.307655334472656,20.304492950439453,-1.8917489103726217,1.0,-1.8917489103726217,1.0,,1908086602873772,
Raw,1742897494000,83333000000,,,-1426932628667337858,0.0,23.790141090398038,,,29,26,0.0,16431,209511923605010,27,35.199554443359375,-274.65350997152404,0.5912594602293093,25,-2186.103020503625,0.0026473517064005136,1575420030,,,,0,,1,37.307655334472656,30.199556350708008,-0.8440110737314445,1.0,-0.8440110737314445,1.0,,1908086602873772,
Raw,1742897494000,83333000000,,,-1426932628667337858,0.0,23.790141090398038,,,29,28,0.0,16431,209511930299442,22,37.47975158691406,380.3001955886273,0.15,25,3031.2962906106127,0.002036113291978836,1575420030,,,,0,,1,37.307655334472656,32.47975158691406,-0.34924595383121304,1.0,-0.34924595383121304,1.0,,1908086602873772,
Raw,1742897494000,83333000000,,,-1426932628667337858,0.0,23.790141090398038,,,29,29,0.0,16397,209511932322354,43,29.37977409362793,382.940733907732,0.8545365849079309,17,2655.1574805554346,0.10032053120721852,1575420030,,,,0,,1,37.307655334472656,24.37977409362793,-0.9604263668227204,1.0,-0.9604263668227204,1.0,,1908086602873772,
Raw,1742897494000,83333000000,,,-1426932628667337858,0.0,23.790141090398038,,,29,31,0.0,16397,209511928860919,29,34.15448760986328,61.34018230719431,0.6392005625011117,25,481.2616674499762,0.002985830418765545,1575420030,,,,0,,1,37.307655334472656,29.15448570251465,-0.2619344840127561,1.0,-0.2619344840127561,1.0,,1908086602873772,
Raw,1742897494000,83333000000,,,-1426932628667337858,0.0,23.790141090398038,,,29,10,0.0,32769,47493935854474,127,24.56180191040039,210.59006270263,1.0718306843823644,16,2176.15863162591,340282346638528860000000000000000000000,1598062460,,,,0,,3,55.70020294189453,19.56180191040039,4.656612873077393,2.0000000474974513,4.656612873077393,2.0000000474974513,,1908086602873772,
Raw,1742897494000,83333000000,,,-1426932628667337858,0.0,23.790141090398038,,,29,2,0.0,32769,47493920396999,172,22.423208236694336,200.54901314521658,299.79613814840127,16,897.685726206267,340282346638528860000000000000000000000,1599750020,,,,0,,3,55.70020294189453,17.423208236694336,4.656612873077393,2.0000000474974513,4.656612873077393,2.0000000474974513,,1908086602873772,
Raw,1742897494000,83333000000,,,-1426932628667337858,0.0,23.790141090398038,,,29,9,0.0,32995,47493931694781,33,42.377105712890625,794.7795737116767,0.15,25,14104.871039420459,0.0012093427358195186,1600875010,,,,0,,3,55.70020294189453,37.377105712890625,4.656612873077393,2.0000000474974513,4.656612873077393,2.0000000474974513,,1908086602873772,
Raw,1742897494000,83333000000,,,-1426932628667337858,0.0,23.790141090398038,,,29,11,0.0,32769,47493927685120,163,22.080974578857422,-357.12555661629017,299.79385462381424,16,-4823.241609813379,340282346638528860000000000000000000000,1602000000,,,,1,,3,55.70020294189453,17.080974578857422,4.656612873077393,2.0000000474974513,4.656612873077393,2.0000000474974513,,1908086602873772,
Raw,1742897494000,83333000000,,,-1426932628667337858,0.0,23.790141090398038,,,29,1,0.0,32769,47493920079530,127,24.617090225219727,740.5188714641886,1.0701044612133224,16,7474.388115740783,340282346638528860000000000000000000000,1602562560,,,,0,,3,55.70020294189453,19.617090225219727,4.656612873077393,2.0000000474974513,4.656612873077393,2.0000000474974513,,1908086602873772,
Raw,1742897494000,83333000000,,,-1426932628667337858,0.0,23.790141090398038,,,29,20,0.0,32995,47493935818397,67,32.44001007080078,84.99113213005182,0.7175500724229442,25,833.6740788945615,0.0035745222121477127,1603124990,,,,0,,3,55.70020294189453,27.44001007080078,4.656612873077393,2.0000000474974513,4.656612873077393,2.0000000474974513,,1908086602873772,
Raw,1742897494000,83333000000,,,-1426932628667337858,0.0,23.790141090398038,,,29,19,0.0,32768,47493928059095,1000000000,20.09674072265625,970.4979494870258,299792458,16,4327.842782888855,340282346638528860000000000000000000000,1603687550,,,,0,,3,55.70020294189453,15.096739768981934,4.656612873077393,2.0000000474974513,4.656612873077393,2.0000000474974513,,1908086602873772,
Raw,1742897494000,83333000000,,,-1426932628667337858,0.0,23.790141090398038,,,29,21,0.0,32995,47493925989718,68,32.34553527832031,-478.01695012902474,0.7200305030771492,25,-17803.68062899214,0.0036110789515078068,1604249980,,,,0,,3,55.70020294189453,27.345535278320312,4.656612873077393,2.0000000474974513,4.656612873077393,2.0000000474974513,,1908086602873772,
Raw,1742897494000,83333000000,,,-1426932628667337858,0.0,23.790141090398038,,,29,8,0.0,81954,209497868013766,1000000000,13.32790756225586,-14.612413357450457,299792458,16,-62.5203896115174,340282346638528860000000000000000000000,1561097980,,,,0,,5,51.1672477722168,8.32790756225586,9.342329576611519,2.500692349107121,9.342329576611519,1.5000000237487257,,1908086602873772,
Raw,1742897494000,83333000000,,,-1426932628667337858,0.0,23.790141090398038,,,29,11,0.0,81955,209497922929489,33,23.796287536621094,730.7024423364887,1.1039301676681474,16,3254.8317039318417,340282346638528860000000000000000000000,1561097980,,,,0,,5,51.1672477722168,18.796287536621094,9.342329576611519,2.500692349107121,9.342329576611519,1.5000000237487257,,1908086602873772,
Raw,1742897494000,83333000000,,,-1426932628667337858,0.0,23.790141090398038,,,29,13,0.0,81955,209497867589554,74,15.37247085571289,-49.08581376288251,299.7938205413577,16,-217.61284507237485,340282346638528860000000000000000000000,1561097980,,,,0,,5,51.1672477722168,10.37247085571289,9.342329576611519,2.500692349107121,9.342329576611519,1.5000000237487257,,1908086602873772,
Raw,1742897494000,83333000000,,,-1426932628667337858,0.0,23.790141090398038,,,29,23,0.0,65587,6410918,6,43.56831359863281,545.161400343896,0.15,17,264021.4966734322,0.0971009686173961,1561097980,,,,0,,5,51.1672477722168,38.56831359863281,9.342329576611519,2.500692349107121,9.342329576611519,1.5000000237487257,,1908086602873772,
Raw,1742897494000,83333000000,,,-1426932628667337858,0.0,23.790141090398038,,,29,25,0.0,81955,209497916234721,10,38.24013900756836,902.9017363109447,0.15,17,7184.881524362588,0.09801649875511383,1561097980,,,,0,,5,51.1672477722168,33.24013900756836,9.342329576611519,2.500692349107121,9.342329576611519,1.5000000237487257,,1908086602873772,
Raw,1742897494000,83333000000,,,-1426932628667337858,0.0,23.790141090398038,,,29,28,0.0,81967,209497923728454,6,44.72101593017578,-180.38344609436535,0.15,25,-10274.800256766403,0.0009468497009947896,1561097980,,,,0,,5,51.1672477722168,39.72101593017578,9.342329576611519,2.500692349107121,9.342329576611519,1.5000000237487257,,1908086602873772,
Raw,1742897494000,83333000000,,,-1426932628667337858,0.0,23.790141090398038,,,29,34,0.0,81954,209497916556788,1000000000,12.0,877.9488110870734,299792458,16,3908.642139697162,340282346638528860000000000000000000000,1561097980,,,,0,,5,51.1672477722168,7.0,9.342329576611519,2.500692349107121,9.342329576611519,1.5000000237487257,,1908086602873772,
Raw,1742897494000,83333000000,,,-1426932628667337858,0.0,23.790141090398038,,,29,37,0.0,81955,209497924404720,16,32.91070556640625,-30.138698793028823,0.6943304004073112,17,-246.7498388873934,0.09949686928224717,1561097980,,,,0,,5,51.1672477722168,27.91070556640625,9.342329576611519,2.500692349107121,9.342329576611519,1.5000000237487257,,1908086602873772,
Raw,1742897494000,83333000000,,,-1426932628667337858,0.0,23.790141090398038,,,29,4,0.0,85026,209511909045538,57,25.83578109741211,313.62475405796636,1.0125970391281673,16,1401.529025578675,340282346638528860000000000000000000000,1575420030,,,,1,,6,37.307655334472656,20.83578109741211,1.3096723705530164,1.5000000237487257,1.3096723705530164,1.5000000237487257,,1908086602873772,
Raw,1742897494000,83333000000,,,-1426932628667337858,0.0,23.790141090398038,,,29,6,0.0,16384,209511905957313,1000000000,26.731229782104492,102.10869657345398,299792458,16,3.270481614582394,340282346638528860000000000000000000000,1575420030,,,,0,,6,37.307655334472656,21.731229782104492,1.3096723705530164,1.5000000237487257,1.3096723705530164,1.5000000237487257,,1908086602873772,
Raw,1742897494000,83333000000,,,-1426932628667337858,0.0,23.790141090398038,,,29,13,0.0,85026,209511917677647,12,44.89925765991211,-143.37127865008244,0.15,25,-1508.3220439366373,0.0009191847057081759,1575420030,,,,0,,6,37.307655334472656,39.89925765991211,1.3096723705530164,1.5000000237487257,1.3096723705530164,1.5000000237487257,,1908086602873772,
Raw,1742897494000,83333000000,,,-1426932628667337858,0.0,23.790141090398038,,,29,15,0.0,84002,209511917595149,1000000000,17.54323959350586,400.4625929710219,299792458,16,5082.427773701014,340282346638528860000000000000000000000,1575420030,,,,0,,6,37.307655334472656,12.543238639831543,1.3096723705530164,1.5000000237487257,1.3096723705530164,1.5000000237487257,,1908086602873772,
Raw,1742897494000,83333000000,,,-1426932628667337858,0.0,23.790141090398038,,,29,18,0.0,84002,209511898087736,1000000000,21.523765563964844,-149.99194920069272,299792458,29,-667.5392387750273,0.009038289077579975,1575420030,,,,0,,6,37.307655334472656,16.523765563964844,1.3096723705530164,1.5000000237487257,1.3096723705530164,1.5000000237487257,,1908086602873772,
Raw,1742897494000,83333000000,,,-1426932628667337858,0.0,23.790141090398038,,,29,21,0.0,85026,209511920985389,78,22.064369201660156,126.54970330035263,1.1814627637101989,16,570.1468247700092,340282346638528860000000000000000000000,1575420030,,,,0,,6,37.307655334472656,17.064369201660156,1.3096723705530164,1.5000000237487257,1.3096723705530164,1.5000000237487257,,1908086602873772,
Raw,1742897494000,83333000000,,,-1426932628667337858,0.0,23.790141090398038,,,29,23,0.0,85026,209511910146499,26,35.444984436035156,-153.19435385680424,0.5806799861419778,25,-1764.7128042657614,0.0025735951494425535,1575420030,,,,0,,6,37.307655334472656,30.444984436035156,1.3096723705530164,1.5000000237487257,1.3096723705530164,1.5000000237487257,,1908086602873772,
Raw,1742897494000,83333000000,,,-1426932628667337858,0.0,23.790141090398038,,,29,26,0.0,16384,209511906150702,1000000000,23.30154037475586,-328.790015747443,299792458,16,-10.515727349522008,340282346638528860000000000000000000000,1575420030,,,,0,,6,37.307655334472656,18.30154037475586,1.3096723705530164,1.5000000237487257,1.3096723705530164,1.5000000237487257,,1908086602873772,
Raw,1742897494000,83333000000,,,-1426932628667337858,0.0,23.790141090398038,,,29,27,0.0,85026,209511918345131,45,28.676172256469727,570.2327280217276,0.8851016254099107,16,2540.6722424268482,340282346638528860000000000000000000000,1575420030,,,,1,,6,37.307655334472656,23.676172256469727,1.3096723705530164,1.5000000237487257,1.3096723705530164,1.5000000237487257,,1908086602873772,
Raw,1742897494000,83333000000,,,-1426932628667337858,0.0,23.790141090398038,,,29,34,0.0,84002,209511906409516,1000000000,25.20047378540039,804.8092226873832,299792458,16,3585.801772767957,340282346638528860000000000000000000000,1575420030,,,,0,,6,37.307655334472656,20.20047378540039,1.3096723705530164,1.5000000237487257,1.3096723705530164,1.5000000237487257,,1908086602873772,
Fix,GPS,45.0659963045,7.6464212963,311.92958314798574,0.0,12.0,,1742897494000,0.16312473,,1908086707242811,9.684577,0,,,
Fix,FLP,45.0661095000,7.6465206000,307.1000061035156,0.026969705,8.386,,1742897494467,0.06706383,,1908086582182089,2.5993779,0,,,
Fix,FLP,45.0661087000,7.6465190000,307.1000061035156,0.07172399,8.4,,1742897495037,0.09952313,,1908087152836819,2.548412,0,,,
Fix,NLP,45.0660915000,7.6465063000,307.1000061035156,,14.163,,1742897492018,,,1908084133000000,2.5226696,0,,,
Raw,1742897495000,84333000000,,,-1426932628667336861,0.0,21.649255396636082,,,29,5,0.0,16384,209512917675290,1000000000,19.56494140625,-182.86752889680213,299792458,16,-1461.6487120125314,340282346638528860000000000000000000000,1575420030,,,,0,,1,37.307655334472656,14.564942359924316,-0.37834980195649376,1.0,-0.37834980195649376,1.0,,1908087610048926,
Raw,1742897495000,84333000000,,,-1426932628667336861,0.0,21.649255396636082,,,29,11,0.0,16385,209512917436484,85,23.79926872253418,879.8055551535231,299.7955928290969,16,4802.2254642128555,340282346638528860000000000000000000000,1575420030,,,,0,,1,37.307655334472656,18.79926872253418,-0.20372681261465636,1.0,-0.20372681261465636,1.0,,1908087610048926,
Raw,1742897495000,84333000000,,,-1426932628667336861,0.0,21.649255396636082,,,29,12,0.0,16385,209512919627654,66,24.040966033935547,908.0354404071495,1.0959307754799714,16,4955.37536726998,340282346638528860000000000000000000000,1575420030,,,,0,,1,37.307655334472656,19.040966033935547,-0.6984919076624261,1.0,-0.6984919076624261,1.0,,1908087610048926,
Raw,1742897495000,84333000000,,,-1426932628667336861,0.0,21.649255396636082,,,29,18,0.0,16431,209512923449633,16,41.03281784057617,-346.7386553313115,0.15,25,-24052.111276683336,0.0014345801901072264,1575420030,,,,0,,1,37.307655334472656,36.03281784057617,-0.08731148845780326,1.0,-0.08731148845780326,1.0,,1908087610048926,
Raw,1742897495000,84333000000,,,-1426932628667336861,0.0,21.649255396636082,,,29,20,0.0,16385,209512919232819,84,21.099788665771484,194.31096929275964,1.2281211141515431,16,1325.287085064018,340282346638528860000000000000000000000,1575420030,,,,0,,1,37.307655334472656,16.099788665771484,0.0,1.0,0.0,1.0,,1908087610048926,
Raw,1742897495000,84333000000,,,-1426932628667336861,0.0,21.649255396636082,,,29,25,0.0,16385,209512930280663,50,27.535114288330078,707.5729967015009,0.9371216388602974,21,4912.133146754705,0.10154468208838975,1575420030,,,,1,,1,37.307655334472656,22.535114288330078,-1.8917489103726217,1.0,-1.8917489103726217,1.0,,1908087610048926,
Raw,1742897495000,84333000000,,,-1426932628667336861,0.0,21.649255396636082,,,29,26,0.0,16431,209512923605939,28,34.608001708984375,-274.57278567324977,0.6178611503818523,25,-2460.718605927392,0.0028339310083538294,1575420030,,,,0,,1,37.307655334472656,29.608003616333008,-0.8440110737314445,1.0,-0.8440110737314445,1.0,,1908087610048926,
Raw,1742897495000,84333000000,,,-1426932628667336861,0.0,21.649255396636082,,,29,28,0.0,16431,209512930298162,24,36.658321380615234,380.53072932454756,0.15,25,3411.724448638609,0.0022380687296390533,1575420030,,,,0,,1,37.307655334472656,31.658321380615234,-0.34924595383121304,1.0,-0.34924595383121304,1.0,,1908087610048926,
Raw,1742897495000,84333000000,,,-1426932628667336861,0.0,21.649255396636082,,,29,29,0.0,16431,209512932321051,41,29.805543899536133,383.10139860778054,0.8353900327159653,17,3038.116012840863,0.10007303921793377,1575420030,,,,0,,1,37.307655334472656,24.805543899536133,-0.9604263668227204,1.0,-0.9604263668227204,1.0,,1908087610048926,
Raw,1742897495000,84333000000,,,-1426932628667336861,0.0,21.649255396636082,,,29,31,0.0,16431,209512928860708,28,34.453426361083984,61.52977875252364,0.6257574963928851,25,542.6512994942086,0.00288481661118567,1575420030,,,,0,,1,37.307655334472656,29.453426361083984,-0.2619344840127561,1.0,-0.2619344840127561,1.0,,1908087610048926,
Raw,1742897495000,84333000000,,,-1426932628667336861,0.0,21.649255396636082,,,29,10,0.0,32769,47494935853855,148,22.72318458557129,210.70043873807913,1.154511129272616,16,2387.6901940538655,340282346638528860000000000000000000000,1598062460,,,,0,,3,53.78582763671875,17.72318458557129,4.656612873077393,2.0000000474974513,4.656612873077393,2.0000000474974513,,1908087610048926,
Raw,1742897495000,84333000000,,,-1426932628667336861,0.0,21.649255396636082,,,29,2,0.0,32769,47494920396329,176,22.072675704956055,201.00563285648093,299.79613814840127,16,1098.7745230456405,340282346638528860000000000000000000000,1599750020,,,,0,,3,53.78582763671875,17.072675704956055,4.656612873077393,2.0000000474974513,4.656612873077393,2.0000000474974513,,1908087610048926,
Raw,1742897495000,84333000000,,,-1426932628667336861,0.0,21.649255396636082,,,29,9,0.0,32995,47494931692152,33,41.249671936035156,794.930899818638,0.15,25,14899.760410753363,0.0013769593788310885,1600875010,,,,0,,3,53.78582763671875,36.249671936035156,4.656612873077393,2.0000000474974513,4.656612873077393,2.0000000474974513,,1908087610048926,
Raw,1742897495000,84333000000,,,-1426932628667336861,0.0,21.649255396636082,,,29,11,0.0,32769,47494927686274,180,20.293766021728516,-357.26464712135976,1.2622902412962143,16,-5179.631521240355,340282346638528860000000000000000000000,1602000000,,,,1,,3,53.78582763671875,15.293766021728516,4.656612873077393,2.0000000474974513,4.656612873077393,2.0000000474974513,,1908087610048926,
Raw,1742897495000,84333000000,,,-1426932628667336861,0.0,21.649255396636082,,,29,1,0.0,32769,47494920077075,146,22.920101165771484,740.7588801230222,1.1464157470408738,16,8214.82695540987,340282346638528860000000000000000000000,1602562560,,,,0,,3,53.78582763671875,17.920101165771484,4.656612873077393,2.0000000474974513,4.656612873077393,2.0000000474974513,,1908087610048926,
Raw,1742897495000,84333000000,,,-1426932628667336861,0.0,21.649255396636082,,,29,20,0.0,32995,47494935818112,64,33.14553451538086,85.25370337510356,0.6858233660053794,25,918.8676970897291,0.0032956546638160944,1603124990,,,,0,,3,53.78582763671875,28.14553451538086,4.656612873077393,2.0000000474974513,4.656612873077393,2.0000000474974513,,1908087610048926,
Raw,1742897495000,84333000000,,,-1426932628667336861,0.0,21.649255396636082,,,29,19,0.0,32768,47494928055853,1000000000,19.236530303955078,970.7713589532518,299792458,16,5298.957248181076,340282346638528860000000000000000000000,1603687550,,,,1,,3,53.78582763671875,14.236531257629395,4.656612873077393,2.0000000474974513,4.656612873077393,2.0000000474974513,,1908087610048926,
Raw,1742897495000,84333000000,,,-1426932628667336861,0.0,21.649255396636082,,,29,21,0.0,32995,47494925991307,80,30.37595558166504,-478.09319258426626,0.8086006227833553,25,-18281.736863264767,0.004530185833573341,1604249980,,,,0,,3,53.78582763671875,25.37595558166504,4.656612873077393,2.0000000474974513,4.656612873077393,2.0000000474974513,,1908087610048926,
Raw,1742897495000,84333000000,,,-1426932628667336861,0.0,21.649255396636082,,,29,8,0.0,81954,209498868014063,1000000000,12.0,-14.612413357450457,299792458,16,-77.03450452282976,340282346638528860000000000000000000000,1561097980,,,,1,,5,50.755516052246094,7.0,9.342329576611519,2.500692349107121,9.342329576611519,1.5000000237487257,,1908087610048926,
Raw,1742897495000,84333000000,,,-1426932628667336861,0.0,21.649255396636082,,,29,11,0.0,81955,209498922927040,38,22.328144073486328,730.8108927131443,1.1699504820774491,16,3985.962070642744,340282346638528860000000000000000000000,1561097980,,,,0,,5,50.755516052246094,17.328144073486328,9.342329576611519,2.500692349107121,9.342329576611519,1.5000000237487257,,1908087610048926,
Raw,1742897495000,84333000000,,,-1426932628667336861,0.0,21.649255396636082,,,29,13,0.0,81954,209498867589621,1000000000,12.0,-48.7111027152566,299792458,16,-265.9492438030649,340282346638528860000000000000000000000,1561097980,,,,1,,5,50.755516052246094,7.0,9.342329576611519,2.500692349107121,9.342329576611519,1.5000000237487257,,1908087610048926,
Raw,1742897495000,84333000000,,,-1426932628667336861,0.0,21.649255396636082,,,29,23,0.0,65587,6409099,7,42.722049713134766,545.3185204684662,0.15,17,264566.7591456385,0.09721161474511926,1561097980,,,,0,,5,50.755516052246094,37.722049713134766,9.342329576611519,2.500692349107121,9.342329576611519,1.5000000237487257,,1908087610048926,
Raw,1742897495000,84333000000,,,-1426932628667336861,0.0,21.649255396636082,,,29,25,0.0,81955,209498916231713,11,37.448524475097656,903.0394976002099,0.15,17,8087.885228393064,0.09820702942592059,1561097980,,,,0,,5,50.755516052246094,32.448524475097656,9.342329576611519,2.500692349107121,9.342329576611519,1.5000000237487257,,1908087610048926,
Raw,1742897495000,84333000000,,,-1426932628667336861,0.0,21.649255396636082,,,29,28,0.0,81967,209498923729062,6,44.123931884765625,-180.25618220170918,0.15,25,-10455.09668878838,0.0010142275132238865,1561097980,,,,0,,5,50.755516052246094,39.123931884765625,9.342329576611519,2.500692349107121,9.342329576611519,1.5000000237487257,,1908087610048926,
Raw,1742897495000,84333000000,,,-1426932628667336861,0.0,21.649255396636082,,,29,34,0.0,81954,209498916553854,1000000000,12.0,877.9488110870734,299792458,16,4786.959660851735,340282346638528860000000000000000000000,1561097980,,,,0,,5,50.755516052246094,7.0,9.342329576611519,2.500692349107121,9.342329576611519,1.5000000237487257,,1908087610048926,
Raw,1742897495000,84333000000,,,-1426932628667336861,0.0,21.649255396636082,,,29,37,0.0,81955,209498924404807,15,33.502235412597656,-30.026207515121754,0.6677298418988324,17,-276.8106006791247,0.09926795065906797,1561097980,,,,0,,5,50.755516052246094,28.50223731994629,9.342329576611519,2.500692349107121,9.342329576611519,1.5000000237487257,,1908087610048926,
Raw,1742897495000,84333000000,,,-1426932628667336861,0.0,21.649255396636082,,,29,4,0.0,85026,209512909044474,68,23.756250381469727,313.91353471208413,1.10611104548182,16,1717.8146065049898,340282346638528860000000000000000000000,1575420030,,,,1,,6,37.307655334472656,18.756250381469727,1.3096723705530164,1.5000000237487257,1.3096723705530164,1.5000000237487257,,1908087610048926,
Raw,1742897495000,84333000000,,,-1426932628667336861,0.0,21.649255396636082,,,29,6,0.0,16384,209512905956963,1000000000,22.69775390625,102.66565503672149,299792458,16,3.2633518974117504,340282346638528860000000000000000000000,1575420030,,,,0,,6,37.307655334472656,17.69775390625,1.3096723705530164,1.5000000237487257,1.3096723705530164,1.5000000237487257,,1908087610048926,
Raw,1742897495000,84333000000,,,-1426932628667336861,0.0,21.649255396636082,,,29,13,0.0,85026,209512917678123,12,44.45067596435547,-143.28905472372116,0.15,25,-1651.6229552219165,0.0009679031209088862,1575420030,,,,0,,6,37.307655334472656,39.45067596435547,1.3096723705530164,1.5000000237487257,1.3096723705530164,1.5000000237487257,,1908087610048926,
Raw,1742897495000,84333000000,,,-1426932628667336861,0.0,21.649255396636082,,,29,15,0.0,84002,209512917593811,1000000000,17.397937774658203,400.8224355469897,299792458,16,5483.486967129631,340282346638528860000000000000000000000,1575420030,,,,0,,6,37.307655334472656,12.397936820983887,1.3096723705530164,1.5000000237487257,1.3096723705530164,1.5000000237487257,,1908087610048926,
Raw,1742897495000,84333000000,,,-1426932628667336861,0.0,21.649255396636082,,,29,18,0.0,84002,209512898088185,1000000000,21.003475189208984,-149.25938088019143,299792458,16,-816.6996387797378,340282346638528860000000000000000000000,1575420030,,,,0,,6,37.307655334472656,16.003475189208984,1.3096723705530164,1.5000000237487257,1.3096723705530164,1.5000000237487257,,1908087610048926,
Raw,1742897495000,84333000000,,,-1426932628667336861,0.0,21.649255396636082,,,29,21,0.0,84002,209512920984966,1000000000,22.918657302856445,126.59288577276703,299792458,16,697.6974591347303,340282346638528860000000000000000000000,1575420030,,,,1,,6,37.307655334472656,17.918657302856445,1.3096723705530164,1.5000000237487257,1.3096723705530164,1.5000000237487257,,1908087610048926,
Raw,1742897495000,84333000000,,,-1426932628667336861,0.0,21.649255396636082,,,29,23,0.0,85026,209512910147012,27,35.062255859375,-153.16502590296636,0.5978910941476139,25,-1917.9184328242084,0.002689532469958067,1575420030,,,,0,,6,37.307655334472656,30.062253952026367,1.3096723705530164,1.5000000237487257,1.3096723705530164,1.5000000237487257,,1908087610048926,
Raw,1742897495000,84333000000,,,-1426932628667336861,0.0,21.649255396636082,,,29,26,0.0,16384,209512906151793,1000000000,27.249258041381836,-328.4187214660835,299792458,16,-10.521227186601205,340282346638528860000000000000000000000,1575420030,,,,0,,6,37.307655334472656,22.249258041381836,1.3096723705530164,1.5000000237487257,1.3096723705530164,1.5000000237487257,,1908087610048926,
Raw,1742897495000,84333000000,,,-1426932628667336861,0.0,21.649255396636082,,,29,27,0.0,85026,209512918343233,43,29.287181854248047,570.9527539982284,0.8576247749919275,25,3111.6303897136663,0.005229142028838396,1575420030,,,,0,,6,37.307655334472656,24.287181854248047,1.3096723705530164,1.5000000237487257,1.3096723705530164,1.5000000237487257,,1908087610048926,
Raw,1742897495000,84333000000,,,-1426932628667336861,0.0,21.649255396636082,,,29,34,0.0,84002,209512906406832,1000000000,24.340267181396484,805.5464943868847,299792458,16,4391.573831632375,340282346638528860000000000000000000000,1575420030,,,,0,,6,37.307655334472656,19.340267181396484,1.3096723705530164,1.5000000237487257,1.3096723705530164,1.5000000237487257,,1908087610048926,
Fix,GPS,45.0659963045,7.6464212963,313.0044837640106,0.0,12.0,,1742897495000,0.16349725,,1908087715462503,8.818539,0,,,
Status,1742897495000,33,0,1,29,1575449980,29.81,31.0,82.0,1,1,1,24.805544
Status,1742897495000,33,1,3,10,1598062460,24.86,19.0,79.0,1,1,1,19.85971
Status,1742897495000,33,2,3,20,1603124990,33.15,160.0,74.0,1,1,1,28.145535
Status,1742897495000,33,3,6,21,1575449980,25.41,314.0,68.0,0,1,1,20.412449
Status,1742897495000,33,4,1,28,1575449980,37.92,252.0,61.0,1,1,1,32.92137
Status,1742897495000,33,5,5,37,1575449980,34.08,302.0,55.0,1,1,1,29.083763
Status,1742897495000,33,6,1,25,1575449980,27.54,102.0,52.0,1,1,1,22.535114
Status,1742897495000,33,7,6,27,1575449980,31.33,93.0,51.0,1,1,1,26.329836
Status,1742897495000,33,8,1,31,1575449980,34.45,294.0,48.0,1,1,1,29.453426
Status,1742897495000,33,9,6,15,1575449980,24.52,68.0,45.0,0,1,1,19.517181
Status,1742897495000,33,10,6,13,1575449980,45.01,150.0,44.0,1,1,1,40.00694
Status,1742897495000,33,11,3,9,1600875010,43.19,123.0,44.0,1,1,1,38.189373
Status,1742897495000,33,12,5,28,1575449980,45.87,209.0,44.0,1,1,1,40.86759
Status,1742897495000,33,13,5,11,1575449980,24.99,51.0,41.0,1,1,1,19.98525
Status,1742897495000,33,14,1,18,1575449980,42.62,175.0,31.0,1,1,1,37.618946
Status,1742897495000,33,15,3,19,1603687550,21.16,34.0,31.0,0,1,1,16.164751
Status,1742897495000,33,16,3,11,1602000000,22.25,318.0,30.0,1,1,1,17.247536
Status,1742897495000,33,17,1,26,1575449980,36.17,297.0,25.0,1,1,1,31.16956
Status,1742897495000,33,18,3,21,1604249980,36.25,202.0,24.0,1,1,1,31.247328
Status,1742897495000,33,19,6,23,1575449980,37.18,291.0,18.0,1,1,1,32.183613
Status,1742897495000,33,20,5,25,1575449980,38.31,137.0,17.0,1,1,1,33.31357
Status,1742897495000,33,21,1,12,1575449980,26.14,104.0,16.0,1,1,1,21.140045
Status,1742897495000,33,22,6,4,1575449980,30.66,309.0,15.0,1,1,1,25.66292
Status,1742897495000,33,23,1,20,1575449980,21.30,60.0,14.0,1,1,1,16.295755
Status,1742897495000,33,24,1,11,1575449980,25.32,36.0,11.0,0,1,1,20.324814
Status,1742897495000,33,25,1,5,1575449980,23.71,95.0,9.0,0,1,1,18.706125
Status,1742897495000,33,26,6,18,1575449980,29.11,241.0,7.0,0,0,1,24.109838
Status,1742897495000,33,27,3,2,1599750020,23.08,348.0,7.0,0,1,1,18.082014
Status,1742897495000,33,28,6,34,1575449980,29.55,30.0,7.0,0,1,1,24.547642
Status,1742897495000,33,29,6,6,1575449980,31.68,332.0,6.0,0,1,1,26.677002
Status,1742897495000,33,30,6,26,1575449980,29.31,188.0,6.0,0,1,1,24.314716
Status,1742897495000,33,31,3,1,1602562560,26.09,302.0,6.0,1,1,1,21.089716
Status,1742897495000,33,32,5,23,1575449980,43.65,150.0,68.0,0,1,0,38.646004
Fix,FLP,45.0661057000,7.6465168000,307.1000061035156,0.013509753,8.307,,1742897495497,0.04270626,,1908087612836772,2.558494,0,,,
Status,1742897495000,33,0,1,29,1575449980,29.97,31.0,82.0,1,1,1,24.971977
Status,1742897495000,33,1,3,10,1598062460,24.69,19.0,79.0,1,1,1,19.690517
Status,1742897495000,33,2,3,20,1603124990,33.60,160.0,74.0,1,1,1,28.598032
Status,1742897495000,33,3,6,21,1575449980,25.15,314.0,68.0,1,1,1,20.15446
Status,1742897495000,33,4,1,28,1575449980,37.79,252.0,61.0,1,1,1,32.7877
Status,1742897495000,33,5,5,37,1575449980,34.06,302.0,55.0,1,1,1,29.064056
Status,1742897495000,33,6,1,25,1575449980,29.53,102.0,52.0,1,1,1,24.53289
Status,1742897495000,33,7,6,27,1575449980,31.12,93.0,51.0,1,1,1,26.116886
Status,1742897495000,33,8,1,31,1575449980,34.35,294.0,48.0,1,1,1,29.353565
Status,1742897495000,33,9,6,15,1575449980,23.76,68.0,45.0,0,1,1,18.76385
Status,1742897495000,33,10,6,13,1575449980,45.02,150.0,44.0,1,1,1,40.0175
Status,1742897495000,33,11,3,9,1600875010,43.03,123.0,44.0,1,1,1,38.02588
Status,1742897495000,33,12,5,28,1575449980,45.70,209.0,44.0,1,1,1,40.702038
Status,1742897495000,33,13,5,11,1575449980,24.62,51.0,41.0,1,1,1,19.624882
Status,1742897495000,33,14,1,18,1575449980,42.58,175.0,31.0,1,1,1,37.582344
Status,1742897495000,33,15,3,19,1603687550,20.89,34.0,31.0,0,1,1,15.891689
Status,1742897495000,33,16,3,11,1602000000,21.84,318.0,30.0,1,1,1,16.83509
Status,1742897495000,33,17,1,26,1575449980,36.07,297.0,25.0,1,1,1,31.069563
Status,1742897495000,33,18,3,21,1604249980,35.59,202.0,24.0,1,1,1,30.585138
Status,1742897495000,33,19,6,23,1575449980,37.08,291.0,18.0,1,1,1,32.081665
Status,1742897495000,33,20,5,25,1575449980,38.29,137.0,17.0,1,1,1,33.2933
Status,1742897495000,33,21,1,12,1575449980,26.05,104.0,16.0,0,1,1,21.050293
Status,1742897495000,33,22,6,4,1575449980,29.66,309.0,15.0,1,1,1,24.66431
Status,1742897495000,33,23,1,20,1575449980,21.29,60.0,14.0,1,1,1,16.291592
Status,1742897495000,33,24,1,11,1575449980,25.11,36.0,11.0,0,1,1,20.112642
Status,1742897495000,33,25,1,5,1575449980,23.33,95.0,9.0,0,1,1,18.326729
Status,1742897495000,33,26,6,18,1575449980,28.21,241.0,7.0,0,0,1,23.21318
Status,1742897495000,33,27,3,2,1599750020,23.02,348.0,7.0,0,1,1,18.021233
Status,1742897495000,33,28,6,34,1575449980,28.95,30.0,7.0,0,1,1,23.94552
Status,1742897495000,33,29,6,6,1575449980,30.77,332.0,6.0,0,1,1,25.770353
Status,1742897495000,33,30,6,26,1575449980,29.00,188.0,6.0,0,1,1,23.995089
Status,1742897495000,33,31,3,1,1602562560,25.74,302.0,6.0,1,1,1,20.739056
Status,1742897495000,33,32,5,23,1575449980,43.61,150.0,68.0,0,1,0,38.611076
Raw,1742897496000,85333000000,,,-1426932628667335865,0.0,20.14206691841256,,,29,5,0.0,16384,209513917675893,1000000000,19.912166595458984,-182.49623461544263,299792458,16,-1643.9055886553322,340282346638528860000000000000000000000,1575420030,,,,0,,1,37.307655334472656,14.912165641784668,-0.37834980195649376,1.0,-0.37834980195649376,1.0,,1908088611961117,
Raw,1742897496000,85333000000,,,-1426932628667335865,0.0,20.14206691841256,,,29,11,0.0,16384,209513917433642,1000000000,23.203094482421875,880.1768494348826,299792458,16,5682.1982578018515,340282346638528860000000000000000000000,1575420030,,,,0,,1,37.307655334472656,18.203094482421875,-0.20372681261465636,1.0,-0.20372681261465636,1.0,,1908088611961117,
Raw,1742897496000,85333000000,,,-1426932628667335865,0.0,20.14206691841256,,,29,12,0.0,16385,209513919624610,80,25.24252700805664,907.8729352544487,299.7960018185752,16,5863.343866034751,340282346638528860000000000000000000000,1575420030,,,,0,,1,37.307655334472656,20.24252700805664,-0.6984919076624261,1.0,-0.6984919076624261,1.0,,1908088611961117,
Raw,1742897496000,85333000000,,,-1426932628667335865,0.0,20.14206691841256,,,29,18,0.0,16431,209513923450790,15,42.2529182434082,-346.6489843882,0.15,25,-24398.861317515402,0.0012465792242437601,1575420030,,,,0,,1,37.307655334472656,37.2529182434082,-0.08731148845780326,1.0,-0.08731148845780326,1.0,,1908088611961117,
Raw,1742897496000,85333000000,,,-1426932628667335865,0.0,20.14206691841256,,,29,20,0.0,16385,209513919232163,83,21.25411605834961,194.67531075298848,1.2211810739420859,16,1520.18620640914,340282346638528860000000000000000000000,1575420030,,,,0,,1,37.307655334472656,16.25411605834961,0.0,1.0,0.0,1.0,,1908088611961117,
Raw,1742897496000,85333000000,,,-1426932628667335865,0.0,20.14206691841256,,,29,25,0.0,16385,209513930278344,42,29.53289031982422,707.8661739925101,0.8472834786964683,17,5619.915919076473,0.10023012725923931,1575420030,,,,1,,1,37.307655334472656,24.53289031982422,-1.8917489103726217,1.0,-1.8917489103726217,1.0,,1908088611961117,
Raw,1742897496000,85333000000,,,-1426932628667335865,0.0,20.14206691841256,,,29,26,0.0,16431,209513923606852,27,35.16958999633789,-274.4818025555621,0.5926073814444077,25,-2735.3228619573815,0.002656501019373536,1575420030,,,,0,,1,37.307655334472656,30.16958999633789,-0.8440110737314445,1.0,-0.8440110737314445,1.0,,1908088611961117,
Raw,1742897496000,85333000000,,,-1426932628667335865,0.0,20.14206691841256,,,29,28,0.0,16431,209513930296894,24,36.584678649902344,380.66143554531254,0.15,25,3792.2435102274576,0.002257124288007617,1575420030,,,,0,,1,37.307655334472656,31.584680557250977,-0.34924595383121304,1.0,-0.34924595383121304,1.0,,1908088611961117,
Raw,1742897496000,85333000000,,,-1426932628667335865,0.0,20.14206691841256,,,29,29,0.0,16431,209513932319781,41,29.97197723388672,383.12324546241166,0.82790540544242,17,3421.1274972229717,0.09997954560731327,1575420030,,,,0,,1,37.307655334472656,24.97197723388672,-0.9604263668227204,1.0,-0.9604263668227204,1.0,,1908088611961117,
Raw,1742897496000,85333000000,,,-1426932628667335865,0.0,20.14206691841256,,,29,31,0.0,16431,209513928860504,31,33.454811096191406,61.63347462649429,0.6706639952554974,25,604.1057731844206,0.003236300079151988,1575420030,,,,0,,1,37.307655334472656,28.45481300354004,-0.2619344840127561,1.0,-0.2619344840127561,1.0,,1908088611961117,
Raw,1742897496000,85333000000,,,-1426932628667335865,0.0,20.14206691841256,,,29,10,0.0,32769,47495935853144,143,23.167783737182617,211.03766760414408,1.1345179076187097,16,2597.5834635355004,340282346638528860000000000000000000000,1598062460,,,,0,,3,54.135643005371094,18.167783737182617,4.656612873077393,2.0000000474974513,4.656612873077393,2.0000000474974513,,1908088611961117,
Raw,1742897496000,85333000000,,,-1426932628667335865,0.0,20.14206691841256,,,29,2,0.0,32768,47495920395866,1000000000,22.474193572998047,201.46225256774528,299792458,16,1300.4002974500597,340282346638528860000000000000000000000,1599750020,,,,0,,3,54.135643005371094,17.474193572998047,4.656612873077393,2.0000000474974513,4.656612873077393,2.0000000474974513,,1908088611961117,
Raw,1742897496000,85333000000,,,-1426932628667335865,0.0,20.14206691841256,,,29,9,0.0,32995,47495931689488,33,41.55442810058594,795.0799083185557,0.15,25,15694.721402954934,0.0013294846285134554,1600875010,,,,0,,3,54.135643005371094,36.55442810058594,4.656612873077393,2.0000000474974513,4.656612873077393,2.0000000474974513,,1908088611961117,
Raw,1742897496000,85333000000,,,-1426932628667335865,0.0,20.14206691841256,,,29,11,0.0,32769,47495927687438,214,18.123088836669922,-357.17770277477007,1.359903195585118,16,-5535.95259434133,340282346638528860000000000000000000000,1602000000,,,,1,,3,54.135643005371094,13.123088836669922,4.656612873077393,2.0000000474974513,4.656612873077393,2.0000000474974513,,1908088611961117,
Raw,1742897496000,85333000000,,,-1426932628667335865,0.0,20.14206691841256,,,29,1,0.0,32769,47495920074596,150,22.58310317993164,740.5470917381895,1.1615696592723284,16,8955.261022835664,340282346638528860000000000000000000000,1602562560,,,,0,,3,54.135643005371094,17.58310317993164,4.656612873077393,2.0000000474974513,4.656612873077393,2.0000000474974513,,1908088611961117,
Raw,1742897496000,85333000000,,,-1426932628667335865,0.0,20.14206691841256,,,29,20,0.0,32995,47495935817768,61,33.59803009033203,85.41447884313578,0.6654750743844953,25,1004.1920272635589,0.0031283609569072723,1603124990,,,,0,,3,54.135643005371094,28.598031997680664,4.656612873077393,2.0000000474974513,4.656612873077393,2.0000000474974513,,1908088611961117,
Raw,1742897496000,85333000000,,,-1426932628667335865,0.0,20.14206691841256,,,29,19,0.0,32768,47495928052611,1000000000,18.434133529663086,971.1357685783937,299792458,16,6270.165740659536,340282346638528860000000000000000000000,1603687550,,,,1,,3,54.135643005371094,13.434133529663086,4.656612873077393,2.0000000474974513,4.656612873077393,2.0000000474974513,,1908088611961117,
Raw,1742897496000,85333000000,,,-1426932628667335865,0.0,20.14206691841256,,,29,21,0.0,32995,47495925992909,85,29.625431060791016,-477.9529432756749,0.8423511081915578,25,-18759.743962787717,0.004939036909490824,1604249980,,,,0,,3,54.135643005371094,24.625431060791016,4.656612873077393,2.0000000474974513,4.656612873077393,2.0000000474974513,,1908088611961117,
Raw,1742897496000,85333000000,,,-1426932628667335865,0.0,20.14206691841256,,,29,8,0.0,16384,209499868014107,1000000000,12.0,-14.237703374901315,299792458,16,-91.3597118270254,340282346638528860000000000000000000000,1561097980,,,,1,,5,48.880332946777344,7.0,9.342329576611519,2.500692349107121,9.342329576611519,1.5000000237487257,,1908088611961117,
Raw,1742897496000,85333000000,,,-1426932628667335865,0.0,20.14206691841256,,,29,11,0.0,81955,209499922924590,41,21.381553649902344,731.3430561892915,1.212517073851715,16,4718.324038456961,340282346638528860000000000000000000000,1561097980,,,,1,,5,48.880332946777344,16.381553649902344,9.342329576611519,2.500692349107121,9.342329576611519,1.5000000237487257,,1908088611961117,
Raw,1742897496000,85333000000,,,-1426932628667335865,0.0,20.14206691841256,,,29,13,0.0,16384,209499867589760,1000000000,12.0,-48.33639166763069,299792458,16,-314.2830228545838,340282346638528860000000000000000000000,1561097980,,,,1,,5,48.880332946777344,7.0,9.342329576611519,2.500692349107121,9.342329576611519,1.5000000237487257,,1908088611961117,
Raw,1742897496000,85333000000,,,-1426932628667335865,0.0,20.14206691841256,,,29,23,0.0,65587,6407280,7,43.29673767089844,545.4157577169258,0.15,17,265112.07240970636,0.09713530845978265,1561097980,,,,0,,5,48.880332946777344,38.29673767089844,9.342329576611519,2.500692349107121,9.342329576611519,1.5000000237487257,,1908088611961117,
Raw,1742897496000,85333000000,,,-1426932628667335865,0.0,20.14206691841256,,,29,25,0.0,81955,209499916228691,10,38.11088562011719,903.1205456818211,0.15,17,8990.879006427347,0.09804643448946034,1561097980,,,,0,,5,48.880332946777344,33.11088562011719,9.342329576611519,2.500692349107121,9.342329576611519,1.5000000237487257,,1908088611961117,
Raw,1742897496000,85333000000,,,-1426932628667335865,0.0,20.14206691841256,,,29,28,0.0,81967,209499923729665,6,44.2120475769043,-180.11543869749823,0.15,25,-10635.346588004259,0.0010039902990683913,1561097980,,,,0,,5,48.880332946777344,39.2120475769043,9.342329576611519,2.500692349107121,9.342329576611519,1.5000000237487257,,1908088611961117,
Raw,1742897496000,85333000000,,,-1426932628667335865,0.0,20.14206691841256,,,29,34,0.0,16384,209499916550920,1000000000,12.0,878.3235136140852,299792458,16,5665.289153308759,340282346638528860000000000000000000000,1561097980,,,,0,,5,48.880332946777344,7.0,9.342329576611519,2.500692349107121,9.342329576611519,1.5000000237487257,,1908088611961117,
Raw,1742897496000,85333000000,,,-1426932628667335865,0.0,20.14206691841256,,,29,37,0.0,81955,209499924404898,15,33.88670349121094,-29.973060184481497,0.65044078358736,17,-306.832373475042,0.0991273095415995,1561097980,,,,0,,5,48.880332946777344,28.88670539855957,9.342329576611519,2.500692349107121,9.342329576611519,1.5000000237487257,,1908088611961117,
Raw,1742897496000,85333000000,,,-1426932628667335865,0.0,20.14206691841256,,,29,4,0.0,85026,209513909043423,87,20.676830291748047,314.0324484028922,1.2445889317088712,16,2031.7273905079867,340282346638528860000000000000000000000,1575420030,,,,1,,6,37.307655334472656,15.67682933807373,1.3096723705530164,1.5000000237487257,1.3096723705530164,1.5000000237487257,,1908088611961117,
Raw,1742897496000,85333000000,,,-1426932628667335865,0.0,20.14206691841256,,,29,6,0.0,16384,209513905956620,1000000000,22.610515594482422,102.66565503672149,299792458,16,3.265760475716859,340282346638528860000000000000000000000,1575420030,,,,0,,6,37.307655334472656,17.610515594482422,1.3096723705530164,1.5000000237487257,1.3096723705530164,1.5000000237487257,,1908088611961117,
Raw,1742897496000,85333000000,,,-1426932628667335865,0.0,20.14206691841256,,,29,13,0.0,85026,209513917678607,12,45.01750183105469,-143.12576567452038,0.15,25,-1794.872235792904,0.0009067566716112196,1575420030,,,,0,,6,37.307655334472656,40.01750183105469,1.3096723705530164,1.5000000237487257,1.3096723705530164,1.5000000237487257,,1908088611961117,
Raw,1742897496000,85333000000,,,-1426932628667335865,0.0,20.14206691841256,,,29,15,0.0,84002,209513917592475,1000000000,16.983863830566406,400.840840073512,299792458,16,5884.092396373734,340282346638528860000000000000000000000,1575420030,,,,1,,6,37.307655334472656,11.983864784240723,1.3096723705530164,1.5000000237487257,1.3096723705530164,1.5000000237487257,,1908088611961117,
Raw,1742897496000,85333000000,,,-1426932628667335865,0.0,20.14206691841256,,,29,18,0.0,84002,209513898088685,1000000000,20.143268585205078,-149.45346342886057,299792458,16,-966.3924335486217,340282346638528860000000000000000000000,1575420030,,,,1,,6,37.307655334472656,15.143268585205078,1.3096723705530164,1.5000000237487257,1.3096723705530164,1.5000000237487257,,1908088611961117,
Raw,1742897496000,85333000000,,,-1426932628667335865,0.0,20.14206691841256,,,29,21,0.0,85026,209513920984514,73,22.832569122314453,126.76602465190291,1.1469176644670105,16,825.309234909726,340282346638528860000000000000000000000,1575420030,,,,1,,6,37.307655334472656,17.832569122314453,1.3096723705530164,1.5000000237487257,1.3096723705530164,1.5000000237487257,,1908088611961117,
Raw,1742897496000,85333000000,,,-1426932628667335865,0.0,20.14206691841256,,,29,23,0.0,85026,209513910147521,25,36.16413497924805,-153.16475324331418,0.15,25,-2071.146927981571,0.0023690960370004177,1575420030,,,,0,,6,37.307655334472656,31.164134979248047,1.3096723705530164,1.5000000237487257,1.3096723705530164,1.5000000237487257,,1908088611961117,
Raw,1742897496000,85333000000,,,-1426932628667335865,0.0,20.14206691841256,,,29,26,0.0,16384,209513906152889,1000000000,26.118446350097656,-328.4187214660835,299792458,16,-10.528932024160198,340282346638528860000000000000000000000,1575420030,,,,0,,6,37.307655334472656,21.118446350097656,1.3096723705530164,1.5000000237487257,1.3096723705530164,1.5000000237487257,,1908088611961117,
Raw,1742897496000,85333000000,,,-1426932628667335865,0.0,20.14206691841256,,,29,27,0.0,85026,209513918341250,43,29.20034408569336,570.9329861734452,0.8615295461192156,25,3682.569057242607,0.005281682126224041,1575420030,,,,1,,6,37.307655334472656,24.20034408569336,1.3096723705530164,1.5000000237487257,1.3096723705530164,1.5000000237487257,,1908088611961117,
Raw,1742897496000,85333000000,,,-1426932628667335865,0.0,20.14206691841256,,,29,34,0.0,84002,209513906404140,1000000000,23.526430130004883,805.5442449447542,299792458,16,5196.671647525876,340282346638528860000000000000000000000,1575420030,,,,0,,6,37.307655334472656,18.526430130004883,1.3096723705530164,1.5000000237487257,1.3096723705530164,1.5000000237487257,,1908088611961117,
Fix,GPS,45.0659963045,7.6464212963,313.5122143003454,0.0,8.0,,1742897496000,0.15939258,,1908088716359463,8.115267,0,,,
Fix,FLP,45.0660995000,7.6465130000,307.1000061035156,0.02284028,8.163,,1742897496602,0.06230301,,1908088716359463,2.5685031,0,,,
Status,1742897496000,33,0,1,29,1575449980,30.12,31.0,82.0,1,1,1,25.122742
Status,1742897496000,33,1,3,10,1598062460,24.54,19.0,79.0,1,1,1,19.538406
Status,1742897496000,33,2,3,20,1603124990,33.66,160.0,74.0,1,1,1,28.661732
Status,1742897496000,33,3,6,21,1575449980,24.94,314.0,68.0,1,1,1,19.93981
Status,1742897496000,33,4,1,28,1575449980,37.50,252.0,61.0,1,1,1,32.502953
Status,1742897496000,33,5,5,37,1575449980,34.42,302.0,55.0,1,1,1,29.42382
Status,1742897496000,33,6,1,25,1575449980,30.72,102.0,52.0,1,1,1,25.72475
Status,1742897496000,33,7,6,27,1575449980,31.02,93.0,51.0,1,1,1,26.019438
Status,1742897496000,33,8,1,31,1575449980,34.30,294.0,48.0,1,1,1,29.30335
Status,1742897496000,33,9,6,15,1575449980,23.00,68.0,45.0,0,1,1,17.99983
Status,1742897496000,33,10,6,13,1575449980,44.98,150.0,44.0,1,1,1,39.97927
Status,1742897496000,33,11,3,9,1600875010,42.84,123.0,44.0,1,1,1,37.844273
Status,1742897496000,33,12,5,28,1575449980,45.46,209.0,44.0,1,1,1,40.46282
Status,1742897496000,33,13,5,11,1575449980,24.37,51.0,41.0,1,1,1,19.373322
Status,1742897496000,33,14,1,18,1575449980,42.46,175.0,31.0,1,1,1,37.456158
Status,1742897496000,33,15,3,19,1603687550,20.56,34.0,31.0,0,1,1,15.564928
Status,1742897496000,33,16,3,11,1602000000,21.38,318.0,30.0,0,1,1,16.377869
Status,1742897496000,33,17,1,26,1575449980,35.85,297.0,25.0,1,1,1,30.848614
Status,1742897496000,33,18,3,21,1604249980,34.73,202.0,24.0,1,1,1,29.72594
Status,1742897496000,33,19,6,23,1575449980,36.97,291.0,18.0,1,1,1,31.972979
Status,1742897496000,33,20,5,25,1575449980,38.25,137.0,17.0,1,1,1,33.252567
Status,1742897496000,33,21,1,12,1575449980,26.00,104.0,16.0,1,1,1,20.996155
Status,1742897496000,33,22,6,4,1575449980,28.52,309.0,15.0,1,1,1,23.515528
Status,1742897496000,33,23,1,20,1575449980,21.22,60.0,14.0,1,1,1,16.219873
Status,1742897496000,33,24,1,11,1575449980,24.88,36.0,11.0,0,1,1,19.884441
Status,1742897496000,33,25,1,5,1575449980,23.07,95.0,9.0,0,1,1,18.067596
Status,1742897496000,33,26,6,18,1575449980,27.37,241.0,7.0,0,0,1,22.36871
Status,1742897496000,33,27,3,2,1599750020,22.97,348.0,7.0,0,1,1,17.974396
Status,1742897496000,33,28,6,34,1575449980,28.32,30.0,7.0,0,1,1,23.31759
Status,1742897496000,33,29,6,6,1575449980,30.20,332.0,6.0,0,1,1,25.195705
Status,1742897496000,33,30,6,26,1575449980,28.82,188.0,6.0,0,1,1,23.820885
Status,1742897496000,33,31,3,1,1602562560,25.26,302.0,6.0,1,1,1,20.259758
Status,1742897496000,33,32,5,23,1575449980,43.59,150.0,68.0,0,1,0,38.59227
Raw,1742897497000,86333000000,,,-1426932628667334870,0.0,19.06970665440225,,,29,5,0.0,16384,209514917676504,1000000000,20.735410690307617,-182.49623461544263,299792458,16,-1826.4351865786828,340282346638528860000000000000000000000,1575420030,,,,0,,1,37.066368103027344,15.735410690307617,-0.37834980195649376,1.0,-0.37834980195649376,1.0,,1908089614918347,
Raw,1742897497000,86333000000,,,-1426932628667334870,0.0,19.06970665440225,,,29,11,0.0,16384,209514917430763,1000000000,22.83063507080078,880.1768494348826,299792458,16,6562.6398013992675,340282346638528860000000000000000000000,1575420030,,,,0,,1,37.066368103027344,17.83063507080078,-0.20372681261465636,1.0,-0.20372681261465636,1.0,,1908089614918347,
Raw,1742897497000,86333000000,,,-1426932628667334870,0.0,19.06970665440225,,,29,12,0.0,16385,209514919621570,59,25.5089168548584,908.013695799888,1.0299176503388425,16,6771.47319757717,340282346638528860000000000000000000000,1575420030,,,,0,,1,37.066368103027344,20.5089168548584,-0.6984919076624261,1.0,-0.6984919076624261,1.0,,1908089614918347,
Raw,1742897497000,86333000000,,,-1426932628667334870,0.0,19.06970665440225,,,29,18,0.0,16431,209514923451940,16,41.320472717285156,-346.49442044786906,0.15,25,-24745.418592109847,0.0013878487516194582,1575420030,,,,0,,1,37.066368103027344,36.320472717285156,-0.08731148845780326,1.0,-0.08731148845780326,1.0,,1908089614918347,
Raw,1742897497000,86333000000,,,-1426932628667334870,0.0,19.06970665440225,,,29,20,0.0,16385,209514919231514,88,20.574411392211914,194.5039441615918,1.2517466469824488,16,1715.6092477272857,340282346638528860000000000000000000000,1575420030,,,,0,,1,37.066368103027344,15.574411392211914,0.0,1.0,0.0,1.0,,1908089614918347,
Raw,1742897497000,86333000000,,,-1426932628667334870,0.0,19.06970665440225,,,29,25,0.0,16389,209514930275991,38,30.724750518798828,708.0850515282996,0.7936864193916247,25,6327.89251553169,0.004431512672454119,1575420030,,,,0,,1,37.066368103027344,25.724750518798828,-1.8917489103726217,1.0,-1.8917489103726217,1.0,,1908089614918347,
Raw,1742897497000,86333000000,,,-1426932628667334870,0.0,19.06970665440225,,,29,26,0.0,16431,209514923607757,30,33.860076904296875,-274.37413607540657,0.6514948101822471,25,-3009.7593929077357,0.0030887702014297247,1575420030,,,,0,,1,37.066368103027344,28.860078811645508,-0.8440110737314445,1.0,-0.8440110737314445,1.0,,1908089614918347,
Raw,1742897497000,86333000000,,,-1426932628667334870,0.0,19.06970665440225,,,29,28,0.0,16431,209514930295642,27,34.940208435058594,380.92039404997286,0.6041255875666702,25,4173.041065524712,0.0027275895699858665,1575420030,,,,0,,1,37.066368103027344,29.940208435058594,-0.34924595383121304,1.0,-0.34924595383121304,1.0,,1908089614918347,
Raw,1742897497000,86333000000,,,-1426932628667334870,0.0,19.06970665440225,,,29,29,0.0,16431,209514932318508,40,30.12274169921875,383.3783867319414,0.8211254595844029,25,3804.37941650316,0.0047495486214756966,1575420030,,,,0,,1,37.066368103027344,25.12274169921875,-0.9604263668227204,1.0,-0.9604263668227204,1.0,,1908089614918347,
Raw,1742897497000,86333000000,,,-1426932628667334870,0.0,19.06970665440225,,,29,31,0.0,16431,209514928860306,30,33.851409912109375,61.81149581752706,0.6528294179377663,25,665.8275850931789,0.003091854276135564,1575420030,,,,0,,1,37.066368103027344,28.851409912109375,-0.2619344840127561,1.0,-0.2619344840127561,1.0,,1908089614918347,
Raw,1742897497000,86333000000,,,-1426932628667334870,0.0,19.06970665440225,,,29,10,0.0,32769,47496935852369,143,23.16940689086914,211.36266086831733,1.1344448167256198,16,2808.30137347297,340282346638528860000000000000000000000,1598062460,,,,1,,3,53.040870666503906,18.16940689086914,4.656612873077393,2.0000000474974513,4.656612873077393,2.0000000474974513,,1908089614918347,
Raw,1742897497000,86333000000,,,-1426932628667334870,0.0,19.06970665440225,,,29,2,0.0,32768,47496920395266,1000000000,22.552860260009766,201.55357650999815,299792458,16,1501.9888853009018,340282346638528860000000000000000000000,1599750020,,,,0,,3,53.040870666503906,17.552860260009766,4.656612873077393,2.0000000474974513,4.656612873077393,2.0000000474974513,,1908089614918347,
Raw,1742897497000,86333000000,,,-1426932628667334870,0.0,19.06970665440225,,,29,9,0.0,32995,47496931686847,33,41.209800720214844,795.3175993703458,0.15,25,16489.91434004426,0.0013832945842295885,1600875010,,,,0,,3,53.040870666503906,36.209800720214844,4.656612873077393,2.0000000474974513,4.656612873077393,2.0000000474974513,,1908089614918347,
Raw,1742897497000,86333000000,,,-1426932628667334870,0.0,19.06970665440225,,,29,11,0.0,32769,47496927688536,238,17.262880325317383,-357.33502739407936,299.79385462381424,16,-5891.3122831789415,340282346638528860000000000000000000000,1602000000,,,,1,,3,53.040870666503906,12.262880325317383,4.656612873077393,2.0000000474974513,4.656612873077393,2.0000000474974513,,1908089614918347,
Raw,1742897497000,86333000000,,,-1426932628667334870,0.0,19.06970665440225,,,29,1,0.0,32769,47496920072127,171,20.946075439453125,740.7738764038922,1.235184436996704,16,9695.47204219081,340282346638528860000000000000000000000,1602562560,,,,1,,3,53.040870666503906,15.946075439453125,4.656612873077393,2.0000000474974513,4.656612873077393,2.0000000474974513,,1908089614918347,
Raw,1742897497000,86333000000,,,-1426932628667334870,0.0,19.06970665440225,,,29,20,0.0,32995,47496935817495,61,33.6617317199707,85.79863925183264,0.6626104172868339,25,1089.8365913647249,0.0031055016443133354,1603124990,,,,0,,3,53.040870666503906,28.661731719970703,4.656612873077393,2.0000000474974513,4.656612873077393,2.0000000474974513,,1908089614918347,
Raw,1742897497000,86333000000,,,-1426932628667334870,0.0,19.06970665440225,,,29,19,0.0,32768,47496928048289,1000000000,17.624073028564453,971.2268369022227,299792458,16,7241.480631230029,340282346638528860000000000000000000000,1603687550,,,,1,,3,53.040870666503906,12.624073028564453,4.656612873077393,2.0000000474974513,4.656612873077393,2.0000000474974513,,1908089614918347,
Raw,1742897497000,86333000000,,,-1426932628667334870,0.0,19.06970665440225,,,29,21,0.0,32995,47496925994471,105,26.993160247802734,-477.48280987039925,0.9607216764161088,29,-19237.528142420935,0.006687376648187637,1604249980,,,,0,,3,53.040870666503906,21.993160247802734,4.656612873077393,2.0000000474974513,4.656612873077393,2.0000000474974513,,1908089614918347,
Raw,1742897497000,86333000000,,,-1426932628667334870,0.0,19.06970665440225,,,29,8,0.0,16384,209500868014152,1000000000,12.0,-14.237703374901315,299792458,16,-105.57154181075023,340282346638528860000000000000000000000,1561097980,,,,1,,5,48.340667724609375,7.0,9.342329576611519,2.500692349107121,9.342329576611519,1.5000000237487257,,1908089614918347,
Raw,1742897497000,86333000000,,,-1426932628667334870,0.0,19.06970665440225,,,29,11,0.0,81955,209500922922146,38,22.109285354614258,731.4929508330788,1.1797913919946232,16,5450.03970999535,340282346638528860000000000000000000000,1561097980,,,,1,,5,48.340667724609375,17.109285354614258,9.342329576611519,2.500692349107121,9.342329576611519,1.5000000237487257,,1908089614918347,
Raw,1742897497000,86333000000,,,-1426932628667334870,0.0,19.06970665440225,,,29,13,0.0,16384,209500867590080,1000000000,12.0,-48.33639166763069,299792458,16,-362.6194112647905,340282346638528860000000000000000000000,1561097980,,,,1,,5,48.340667724609375,7.0,9.342329576611519,2.500692349107121,9.342329576611519,1.5000000237487257,,1908089614918347,
Raw,1742897497000,86333000000,,,-1426932628667334870,0.0,19.06970665440225,,,29,23,0.0,65587,6405458,6,43.42300033569336,545.6494270388462,0.15,17,265657.61612999125,0.09711920950134252,1561097980,,,,0,,5,48.340667724609375,38.42300033569336,9.342329576611519,2.500692349107121,9.342329576611519,1.5000000237487257,,1908089614918347,
Raw,1742897497000,86333000000,,,-1426932628667334870,0.0,19.06970665440225,,,29,25,0.0,81955,209500916225679,10,37.88596725463867,903.1979128581279,0.15,17,9894.038659051286,0.09809960066844677,1561097980,,,,0,,5,48.340667724609375,32.88596725463867,9.342329576611519,2.500692349107121,9.342329576611519,1.5000000237487257,,1908089614918347,
Raw,1742897497000,86333000000,,,-1426932628667334870,0.0,19.06970665440225,,,29,28,0.0,81967,209500923730264,7,43.30983352661133,-179.93105260770983,0.15,25,-10815.391290583031,0.0011138846166431904,1561097980,,,,0,,5,48.340667724609375,38.30983352661133,9.342329576611519,2.500692349107121,9.342329576611519,1.5000000237487257,,1908089614918347,
Raw,1742897497000,86333000000,,,-1426932628667334870,0.0,19.06970665440225,,,29,34,0.0,16384,209500916547987,1000000000,12.0,878.3235136140852,299792458,16,6543.612660964836,340282346638528860000000000000000000000,1561097980,,,,0,,5,48.340667724609375,7.0,9.342329576611519,2.500692349107121,9.342329576611519,1.5000000237487257,,1908089614918347,
Raw,1742897497000,86333000000,,,-1426932628667334870,0.0,19.06970665440225,,,29,37,0.0,81955,209500924404994,14,34.42382049560547,-29.736730300798797,0.6262873720841382,17,-336.63163847623497,0.09894096539859627,1561097980,,,,0,,5,48.340667724609375,29.42382049560547,9.342329576611519,2.500692349107121,9.342329576611519,1.5000000237487257,,1908089614918347,
Raw,1742897497000,86333000000,,,-1426932628667334870,0.0,19.06970665440225,,,29,4,0.0,85026,209514909042377,106,18.176483154296875,314.1836722624839,1.3570265563738353,29,2345.6907441154012,0.009395834058523178,1575420030,,,,1,,6,37.066368103027344,13.176483154296875,1.3096723705530164,1.5000000237487257,1.3096723705530164,1.5000000237487257,,1908089614918347,
Raw,1742897497000,86333000000,,,-1426932628667334870,0.0,19.06970665440225,,,29,6,0.0,16384,209514905956272,1000000000,25.023866653442383,102.66565503672149,299792458,16,3.2745919294027974,340282346638528860000000000000000000000,1575420030,,,,0,,6,37.066368103027344,20.023866653442383,1.3096723705530164,1.5000000237487257,1.3096723705530164,1.5000000237487257,,1908089614918347,
Raw,1742897497000,86333000000,,,-1426932628667334870,0.0,19.06970665440225,,,29,13,0.0,85026,209514917679081,12,44.63518524169922,-142.92657075737282,0.15,25,-1937.9184075267683,0.0009475593105889857,1575420030,,,,0,,6,37.066368103027344,39.63518524169922,1.3096723705530164,1.5000000237487257,1.3096723705530164,1.5000000237487257,,1908089614918347,
Raw,1742897497000,86333000000,,,-1426932628667334870,0.0,19.06970665440225,,,29,15,0.0,83968,209514917591134,1000000000,16.123661041259766,400.9756021066032,299792458,16,6285.104917993709,340282346638528860000000000000000000000,1575420030,,,,0,,6,37.066368103027344,11.123661041259766,1.3096723705530164,1.5000000237487257,1.3096723705530164,1.5000000237487257,,1908089614918347,
Raw,1742897497000,86333000000,,,-1426932628667334870,0.0,19.06970665440225,,,29,18,0.0,84002,209514898089182,1000000000,19.768463134765625,-149.44826585424084,299792458,16,-1115.9498727993007,340282346638528860000000000000000000000,1575420030,,,,1,,6,37.066368103027344,14.768463134765625,1.3096723705530164,1.5000000237487257,1.3096723705530164,1.5000000237487257,,1908089614918347,
Raw,1742897497000,86333000000,,,-1426932628667334870,0.0,19.06970665440225,,,29,21,0.0,85026,209514920984070,72,23.007953643798828,126.8165859761545,1.139030771012279,16,953.0495242929308,340282346638528860000000000000000000000,1575420030,,,,1,,6,37.066368103027344,18.007953643798828,1.3096723705530164,1.5000000237487257,1.3096723705530164,1.5000000237487257,,1908089614918347,
Raw,1742897497000,86333000000,,,-1426932628667334870,0.0,19.06970665440225,,,29,23,0.0,85026,209514910148033,25,35.99479675292969,-153.06647647993066,0.5559558266265947,25,-2224.2325564858215,0.0024157369043678045,1575420030,,,,0,,6,37.066368103027344,30.994796752929688,1.3096723705530164,1.5000000237487257,1.3096723705530164,1.5000000237487257,,1908089614918347,
Raw,1742897497000,86333000000,,,-1426932628667334870,0.0,19.06970665440225,,,29,26,0.0,16384,209514906153981,1000000000,27.253040313720703,-328.4187214660835,299792458,16,-10.516090628234403,340282346638528860000000000000000000000,1575420030,,,,0,,6,37.066368103027344,22.253040313720703,1.3096723705530164,1.5000000237487257,1.3096723705530164,1.5000000237487257,,1908089614918347,
Raw,1742897497000,86333000000,,,-1426932628667334870,0.0,19.06970665440225,,,29,27,0.0,85026,209514918339353,40,30.14240074157715,571.1882978552576,0.819165918036235,25,4253.720306861274,0.004738811869174242,1575420030,,,,1,,6,37.066368103027344,25.14240074157715,1.3096723705530164,1.5000000237487257,1.3096723705530164,1.5000000237487257,,1908089614918347,
Raw,1742897497000,86333000000,,,-1426932628667334870,0.0,19.06970665440225,,,29,34,0.0,84002,209514906401448,1000000000,22.666223526000977,805.5436996254498,299792458,16,6002.240814429173,340282346638528860000000000000000000000,1575420030,,,,0,,6,37.066368103027344,17.666223526000977,1.3096723705530164,1.5000000237487257,1.3096723705530164,1.5000000237487257,,1908089614918347,
Fix,GPS,45.0659963045,7.6464212963,313.98585875658165,0.0,8.0,,1742897497000,0.16260318,,1908089718778578,7.605319,0,,,
Fix,FLP,45.0660926000,7.6465073000,307.1000061035156,0.017235642,7.971,,1742897497604,0.05098098,,1908089718778578,2.5785275,0,,,
Status,1742897497000,34,0,1,29,1575449980,30.12,31.0,82.0,1,1,1,25.12114
Status,1742897497000,34,1,3,10,1598062460,24.74,19.0,79.0,1,1,1,19.7355
Status,1742897497000,34,2,3,20,1603124990,33.63,160.0,74.0,1,1,1,28.629972
Status,1742897497000,34,3,6,21,1575449980,24.84,314.0,68.0,0,1,1,19.838291
Status,1742897497000,34,4,1,28,1575449980,37.09,252.0,61.0,1,1,1,32.087257
Status,1742897497000,34,5,5,37,1575449980,35.10,302.0,55.0,1,1,1,30.09585
Status,1742897497000,34,6,1,25,1575449980,31.33,102.0,52.0,1,1,1,26.334555
Status,1742897497000,34,7,6,27,1575449980,30.98,93.0,51.0,1,1,1,25.978535
Status,1742897497000,34,8,1,31,1575449980,34.73,294.0,48.0,1,1,1,29.728138
Status,1742897497000,34,9,6,15,1575449980,22.29,68.0,45.0,0,1,1,17.291838
Status,1742897497000,34,10,6,13,1575449980,44.92,150.0,44.0,1,1,1,39.92109
Status,1742897497000,34,11,3,9,1600875010,42.68,123.0,44.0,1,1,1,37.684933
Status,1742897497000,34,12,5,28,1575449980,45.14,209.0,44.0,1,1,1,40.142235
Status,1742897497000,34,13,5,11,1575449980,24.32,51.0,41.0,1,1,1,19.320694
Status,1742897497000,34,14,1,18,1575449980,42.33,175.0,31.0,1,1,1,37.32866
Status,1742897497000,34,15,3,19,1603687550,20.21,34.0,31.0,0,1,1,15.211587
Status,1742897497000,34,16,3,11,1602000000,20.95,318.0,30.0,0,1,1,15.952697
Status,1742897497000,34,17,1,26,1575449980,35.50,297.0,25.0,1,1,1,30.49961
Status,1742897497000,34,18,3,21,1604249980,33.88,202.0,24.0,1,1,1,28.875992
Status,1742897497000,34,19,5,13,1575449980,17.68,83.0,20.0,0,1,1,12.678235
Status,1742897497000,34,20,6,23,1575449980,36.78,291.0,18.0,1,1,1,31.77811
Status,1742897497000,34,21,5,25,1575449980,38.23,137.0,17.0,1,1,1,33.233727
Status,1742897497000,34,22,1,12,1575449980,28.44,104.0,16.0,1,1,1,23.442896
Status,1742897497000,34,23,6,4,1575449980,27.59,309.0,15.0,1,1,1,22.589386
Status,1742897497000,34,24,1,20,1575449980,21.10,60.0,14.0,0,1,1,16.10203
Status,1742897497000,34,25,1,11,1575449980,24.59,36.0,11.0,0,1,1,19.59304
Status,1742897497000,34,26,1,5,1575449980,24.17,95.0,9.0,1,1,1,19.170387
Status,1742897497000,34,27,6,18,1575449980,26.52,241.0,7.0,0,0,1,21.522665
Status,1742897497000,34,28,3,2,1599750020,22.88,348.0,7.0,0,1,1,17.880714
Status,1742897497000,34,29,6,34,1575449980,27.67,30.0,7.0,0,1,1,22.666433
Status,1742897497000,34,30,6,6,1575449980,29.15,332.0,6.0,0,1,1,24.149462
Status,1742897497000,34,31,6,26,1575449980,28.48,188.0,6.0,0,1,1,23.478695
Status,1742897497000,34,32,3,1,1602562560,24.68,302.0,6.0,1,1,1,19.67702
Status,1742897497000,34,33,5,23,1575449980,43.84,150.0,68.0,0,1,0,38.844543
Raw,1742897498000,87333000000,,,-1426932628667333875,0.0,18.287791742792503,,,29,5,0.0,16385,209515917676921,66,24.170387268066406,-182.5832300857171,1.0897599869650016,16,-2008.6913642078562,340282346638528860000000000000000000000,1575420030,,,,0,,1,35.23455810546875,19.170387268066406,-0.37834980195649376,1.0,-0.37834980195649376,1.0,,1908090618573270,
Raw,1742897498000,87333000000,,,-1426932628667333875,0.0,18.287791742792503,,,29,11,0.0,16384,209515917427906,1000000000,21.97042465209961,880.3624624931058,299792458,16,7443.251128488021,340282346638528860000000000000000000000,1575420030,,,,1,,1,35.23455810546875,16.97042465209961,-0.20372681261465636,1.0,-0.20372681261465636,1.0,,1908090618573270,
Raw,1742897498000,87333000000,,,-1426932628667333875,0.0,18.287791742792503,,,29,12,0.0,16397,209515919618544,46,28.442895889282227,908.2316190268948,0.8979794020244034,17,7679.709033528881,0.10090978458811319,1575420030,,,,0,,1,35.23455810546875,23.442895889282227,-0.6984919076624261,1.0,-0.6984919076624261,1.0,,1908090618573270,
Raw,1742897498000,87333000000,,,-1426932628667333875,0.0,18.287791742792503,,,29,18,0.0,16431,209515923453088,16,41.18116760253906,-346.3769041377784,0.15,25,-25091.836586865786,0.0014102862915024161,1575420030,,,,0,,1,35.23455810546875,36.18116760253906,-0.08731148845780326,1.0,-0.08731148845780326,1.0,,1908090618573270,
Raw,1742897498000,87333000000,,,-1426932628667333875,0.0,18.287791742792503,,,29,20,0.0,16385,209515919231013,111,20.041439056396484,194.5212921319619,299.7958995712056,16,1911.0548969997856,340282346638528860000000000000000000000,1575420030,,,,0,,1,35.23455810546875,15.041439056396484,0.0,1.0,0.0,1.0,,1908090618573270,
Raw,1742897498000,87333000000,,,-1426932628667333875,0.0,18.287791742792503,,,29,25,0.0,16431,209515930273632,37,31.33455467224121,708.2663020320879,0.7662637547541289,25,7036.0464202530475,0.00413106195628643,1575420030,,,,0,,1,35.23455810546875,26.33455467224121,-1.8917489103726217,1.0,-1.8917489103726217,1.0,,1908090618573270,
Raw,1742897498000,87333000000,,,-1426932628667333875,0.0,18.287791742792503,,,29,26,0.0,16431,209515923608687,34,32.35858917236328,-274.3787031245806,0.7190151520823398,25,-3284.086147505829,0.003671638434752822,1575420030,,,,0,,1,35.23455810546875,27.358591079711914,-0.8440110737314445,1.0,-0.8440110737314445,1.0,,1908090618573270,
Raw,1742897498000,87333000000,,,-1426932628667333875,0.0,18.287791742792503,,,29,28,0.0,16431,209515930294377,31,33.34601593017578,381.09816814319584,0.6758143070937197,25,4554.053871068154,0.003277091309428215,1575420030,,,,0,,1,35.23455810546875,28.346017837524414,-0.34924595383121304,1.0,-0.34924595383121304,1.0,,1908090618573270,
Raw,1742897498000,87333000000,,,-1426932628667333875,0.0,18.287791742792503,,,29,29,0.0,16431,209515932317238,40,30.10671615600586,383.4630816364006,0.8218459174495325,25,4187.800447959724,0.0047583202831447124,1575420030,,,,0,,1,35.23455810546875,25.10671615600586,-0.9604263668227204,1.0,-0.9604263668227204,1.0,,1908090618573270,
Raw,1742897498000,87333000000,,,-1426932628667333875,0.0,18.287791742792503,,,29,31,0.0,16431,209515928860099,28,34.7281379699707,62.017115277729175,0.6134038706820264,25,727.769054447738,0.00279500475153327,1575420030,,,,0,,1,35.23455810546875,29.728137969970703,-0.2619344840127561,1.0,-0.2619344840127561,1.0,,1908090618573270,
Raw,1742897498000,87333000000,,,-1426932628667333875,0.0,18.287791742792503,,,29,10,0.0,32769,47497935851634,126,24.73550033569336,211.94342592746602,1.0640191451088512,16,3019.1003722466057,340282346638528860000000000000000000000,1598062460,,,,1,,3,52.436973571777344,19.73550033569336,4.656612873077393,2.0000000474974513,4.656612873077393,2.0000000474974513,,1908090618573270,
Raw,1742897498000,87333000000,,,-1426932628667333875,0.0,18.287791742792503,,,29,2,0.0,32768,47497920394553,1000000000,22.03758430480957,201.7362243945039,299792458,16,1703.5965348038244,340282346638528860000000000000000000000,1599750020,,,,0,,3,52.436973571777344,17.03758430480957,4.656612873077393,2.0000000474974513,4.656612873077393,2.0000000474974513,,1908090618573270,
Raw,1742897498000,87333000000,,,-1426932628667333875,0.0,18.287791742792503,,,29,9,0.0,32995,47497931684198,33,41.250877380371094,795.4916243933512,0.15,25,17285.293018698027,0.001376767992042005,1600875010,,,,0,,3,52.436973571777344,36.250877380371094,4.656612873077393,2.0000000474974513,4.656612873077393,2.0000000474974513,,1908090618573270,
Raw,1742897498000,87333000000,,,-1426932628667333875,0.0,18.287791742792503,,,29,11,0.0,32768,47497927689873,1000000000,17.126150131225586,-356.3959875519629,299792458,16,-6250.396242583974,340282346638528860000000000000000000000,1602000000,,,,1,,3,52.436973571777344,12.126150131225586,4.656612873077393,2.0000000474974513,4.656612873077393,2.0000000474974513,,1908090618573270,
Raw,1742897498000,87333000000,,,-1426932628667333875,0.0,18.287791742792503,,,29,1,0.0,32769,47497920069692,193,19.432371139526367,740.7751715372401,1.3032536262679502,16,10434.719125950383,340282346638528860000000000000000000000,1602562560,,,,0,,3,52.436973571777344,14.432371139526367,4.656612873077393,2.0000000474974513,4.656612873077393,2.0000000474974513,,1908090618573270,
Raw,1742897498000,87333000000,,,-1426932628667333875,0.0,18.287791742792503,,,29,20,0.0,32995,47497935817213,63,33.34413146972656,86.0178405709591,0.676892564185041,25,1175.717806282507,0.0032211572397500277,1603124990,,,,0,,3,52.436973571777344,28.344131469726562,4.656612873077393,2.0000000474974513,4.656612873077393,2.0000000474974513,,1908090618573270,
Raw,1742897498000,87333000000,,,-1426932628667333875,0.0,18.287791742792503,,,29,19,0.0,32768,47497928046128,1000000000,17.031518936157227,971.3179733909647,299792458,16,8212.848876456694,340282346638528860000000000000000000000,1603687550,,,,1,,3,52.436973571777344,12.031518936157227,4.656612873077393,2.0000000474974513,4.656612873077393,2.0000000474974513,,1908090618573270,
Raw,1742897498000,87333000000,,,-1426932628667333875,0.0,18.287791742792503,,,29,21,0.0,32995,47497925996165,111,26.226451873779297,-476.5452696563698,0.9952000086595074,29,-19715.20058863649,0.007304511498659849,1604249980,,,,0,,3,52.436973571777344,21.226451873779297,4.656612873077393,2.0000000474974513,4.656612873077393,2.0000000474974513,,1908090618573270,
Raw,1742897498000,87333000000,,,-1426932628667333875,0.0,18.287791742792503,,,29,8,0.0,16384,209501868014197,1000000000,12.0,-13.862992327275407,299792458,16,-118.6888102417828,340282346638528860000000000000000000000,1561097980,,,,1,,5,48.451316833496094,7.0,9.342329576611519,2.500692349107121,9.342329576611519,1.5000000237487257,,1908090618573270,
Raw,1742897498000,87333000000,,,-1426932628667333875,0.0,18.287791742792503,,,29,11,0.0,81955,209501922919700,33,23.8470516204834,731.5597524478635,1.1016455780043528,16,6181.419730343746,340282346638528860000000000000000000000,1561097980,,,,0,,5,48.451316833496094,18.8470516204834,9.342329576611519,2.500692349107121,9.342329576611519,1.5000000237487257,,1908090618573270,
Raw,1742897498000,87333000000,,,-1426932628667333875,0.0,18.287791742792503,,,29,13,0.0,16384,209501867590240,1000000000,14.379837036132812,-48.33639166763069,299792458,16,-410.935545428542,340282346638528860000000000000000000000,1561097980,,,,1,,5,48.451316833496094,9.379837036132812,9.342329576611519,2.500692349107121,9.342329576611519,1.5000000237487257,,1908090618573270,
Raw,1742897498000,87333000000,,,-1426932628667333875,0.0,18.287791742792503,,,29,23,0.0,65587,6403634,6,43.84454345703125,545.8034797423293,0.15,17,266203.3301902429,0.09706712435503458,1561097980,,,,0,,5,48.451316833496094,38.84454345703125,9.342329576611519,2.500692349107121,9.342329576611519,1.5000000237487257,,1908090618573270,
Raw,1742897498000,87333000000,,,-1426932628667333875,0.0,18.287791742792503,,,29,25,0.0,81955,209501916222661,10,38.06415557861328,903.3367647860018,0.15,17,10797.328705193955,0.09805736751799439,1561097980,,,,0,,5,48.451316833496094,33.06415557861328,9.342329576611519,2.500692349107121,9.342329576611519,1.5000000237487257,,1908090618573270,
Raw,1742897498000,87333000000,,,-1426932628667333875,0.0,18.287791742792503,,,29,28,0.0,81967,209501923730876,7,42.25696563720703,-179.81810334679324,0.15,25,-10995.286440249753,0.001257429365068674,1561097980,,,,0,,5,48.451316833496094,37.25696563720703,9.342329576611519,2.500692349107121,9.342329576611519,1.5000000237487257,,1908090618573270,
Raw,1742897498000,87333000000,,,-1426932628667333875,0.0,18.287791742792503,,,29,34,0.0,16384,209501916545055,1000000000,12.0,878.3235136140852,299792458,16,7421.936168701544,340282346638528860000000000000000000000,1561097980,,,,0,,5,48.451316833496094,7.0,9.342329576611519,2.500692349107121,9.342329576611519,1.5000000237487257,,1908090618573270,
Raw,1742897498000,87333000000,,,-1426932628667333875,0.0,18.287791742792503,,,29,37,0.0,81955,209501924405092,13,35.095848083496094,-29.62666739791898,0.5960669504833667,17,-366.2861056932834,0.09872347224076246,1561097980,,,,0,,5,48.451316833496094,30.095849990844727,9.342329576611519,2.500692349107121,9.342329576611519,1.5000000237487257,,1908090618573270,
Raw,1742897498000,87333000000,,,-1426932628667333875,0.0,18.287791742792503,,,29,4,0.0,85026,209515909041323,98,19.254100799560547,314.2793758004,1.3085668948514222,16,2659.55884172974,340282346638528860000000000000000000000,1575420030,,,,1,,6,35.23455810546875,14.254101753234863,1.3096723705530164,1.5000000237487257,1.3096723705530164,1.5000000237487257,,1908090618573270,
Raw,1742897498000,87333000000,,,-1426932628667333875,0.0,18.287791742792503,,,29,6,0.0,16384,209515905955928,1000000000,19.733274459838867,102.85131069801537,299792458,16,3.265239879624514,340282346638528860000000000000000000000,1575420030,,,,0,,6,35.23455810546875,14.733274459838867,1.3096723705530164,1.5000000237487257,1.3096723705530164,1.5000000237487257,,1908090618573270,
Raw,1742897498000,87333000000,,,-1426932628667333875,0.0,18.287791742792503,,,29,13,0.0,85026,209515917679569,12,44.397438049316406,-142.8009854257004,0.15,25,-2080.8078782035645,0.0009738539811223745,1575420030,,,,0,,6,35.23455810546875,39.397438049316406,1.3096723705530164,1.5000000237487257,1.3096723705530164,1.5000000237487257,,1908090618573270,
Raw,1742897498000,87333000000,,,-1426932628667333875,0.0,18.287791742792503,,,29,15,0.0,83968,209515917589798,1000000000,15.919903755187988,401.03299696338763,299792458,16,6686.134345288473,340282346638528860000000000000000000000,1575420030,,,,0,,6,35.23455810546875,10.919903755187988,1.3096723705530164,1.5000000237487257,1.3096723705530164,1.5000000237487257,,1908090618573270,
Raw,1742897498000,87333000000,,,-1426932628667333875,0.0,18.287791742792503,,,29,18,0.0,84002,209515898089678,1000000000,18.90825653076172,-149.44734562791473,299792458,16,-1265.3498571439652,340282346638528860000000000000000000000,1575420030,,,,1,,6,35.23455810546875,13.908256530761719,1.3096723705530164,1.5000000237487257,1.3096723705530164,1.5000000237487257,,1908090618573270,
Raw,1742897498000,87333000000,,,-1426932628667333875,0.0,18.287791742792503,,,29,21,0.0,85026,209515920983629,68,23.924619674682617,126.98745837193161,299.7926276553794,16,1081.0955916094624,340282346638528860000000000000000000000,1575420030,,,,1,,6,35.23455810546875,18.924619674682617,1.3096723705530164,1.5000000237487257,1.3096723705530164,1.5000000237487257,,1908090618573270,
Raw,1742897498000,87333000000,,,-1426932628667333875,0.0,18.287791742792503,,,29,23,0.0,85026,209515910148541,27,35.0243034362793,-152.99568721773278,0.5995979462329681,25,-2377.2237388133385,0.002701308811083436,1575420030,,,,0,,6,35.23455810546875,30.024303436279297,1.3096723705530164,1.5000000237487257,1.3096723705530164,1.5000000237487257,,1908090618573270,
Raw,1742897498000,87333000000,,,-1426932628667333875,0.0,18.287791742792503,,,29,26,0.0,16384,209515906155077,1000000000,25.398977279663086,-328.4187214660835,299792458,16,-10.523795465793395,340282346638528860000000000000000000000,1575420030,,,,0,,6,35.23455810546875,20.398977279663086,1.3096723705530164,1.5000000237487257,1.3096723705530164,1.5000000237487257,,1908090618573270,
Raw,1742897498000,87333000000,,,-1426932628667333875,0.0,18.287791742792503,,,29,27,0.0,85026,209515918337432,39,30.610414505004883,571.3679805660458,0.7981195351623143,25,4824.992020832987,0.004490232095122337,1575420030,,,,1,,6,35.23455810546875,25.610414505004883,1.3096723705530164,1.5000000237487257,1.3096723705530164,1.5000000237487257,,1908090618573270,
Raw,1742897498000,87333000000,,,-1426932628667333875,0.0,18.287791742792503,,,29,34,0.0,84002,209515906398760,1000000000,21.806015014648438,805.5479940149717,299792458,16,6807.788213747599,340282346638528860000000000000000000000,1575420030,,,,0,,6,35.23455810546875,16.806015014648438,1.3096723705530164,1.5000000237487257,1.3096723705530164,1.5000000237487257,,1908090618573270,
Fix,GPS,45.0659963045,7.6464212963,314.46154005606485,0.0,8.0,,1742897498000,0.16425066,,1908090726333885,7.216628,0,,,
Fix,FLP,45.0660848000,7.6465013000,307.1000061035156,0.018578567,7.846,,1742897498612,0.05516842,,1908090726333885,2.5886028,0,,,
Status,1742897498000,34,0,1,29,1575449980,30.80,31.0,82.0,1,1,1,25.795958
Status,1742897498000,34,1,3,10,1598062460,25.42,19.0,79.0,1,1,1,20.416214
Status,1742897498000,34,2,3,20,1603124990,33.60,160.0,74.0,1,1,1,28.598988
Status,1742897498000,34,3,6,21,1575449980,25.45,314.0,68.0,0,1,1,20.446547
Status,1742897498000,34,4,1,28,1575449980,36.66,252.0,61.0,1,1,1,31.659174
Status,1742897498000,34,5,5,37,1575449980,35.39,302.0,55.0,1,1,1,30.389301
Status,1742897498000,34,6,1,25,1575449980,32.47,102.0,52.0,1,1,1,27.474571
Status,1742897498000,34,7,6,27,1575449980,30.97,93.0,51.0,1,1,1,25.973372
Status,1742897498000,34,8,1,31,1575449980,34.90,294.0,48.0,1,1,1,29.89586
Status,1742897498000,34,9,6,15,1575449980,21.57,68.0,45.0,0,1,1,16.568624
Status,1742897498000,34,10,6,13,1575449980,44.87,150.0,44.0,1,1,1,39.865852
Status,1742897498000,34,11,3,9,1600875010,42.53,123.0,44.0,1,1,1,37.525726
Status,1742897498000,34,12,5,28,1575449980,44.80,209.0,44.0,1,1,1,39.80443
Status,1742897498000,34,13,5,11,1575449980,24.24,51.0,41.0,1,1,1,19.23613
Status,1742897498000,34,14,1,18,1575449980,42.22,175.0,31.0,1,1,1,37.220768
Status,1742897498000,34,15,3,19,1603687550,19.84,34.0,31.0,0,1,1,14.844204
Status,1742897498000,34,16,3,11,1602000000,20.52,318.0,30.0,0,1,1,15.52067
Status,1742897498000,34,17,1,26,1575449980,35.10,297.0,25.0,1,1,1,30.100723
Status,1742897498000,34,18,3,21,1604249980,33.00,202.0,24.0,1,1,1,28.00249
Status,1742897498000,34,19,5,8,1575449980,17.77,69.0,20.0,0,1,1,12.7679
Status,1742897498000,34,20,6,23,1575449980,36.55,291.0,18.0,1,1,1,31.545841
Status,1742897498000,34,21,5,25,1575449980,38.30,137.0,16.0,1,1,1,33.301434
Status,1742897498000,34,22,1,12,1575449980,29.20,104.0,16.0,1,1,1,24.20023
Status,1742897498000,34,23,6,4,1575449980,26.73,309.0,15.0,1,1,1,21.728874
Status,1742897498000,34,24,1,20,1575449980,20.94,60.0,14.0,0,1,1,15.939601
Status,1742897498000,34,25,1,11,1575449980,24.26,36.0,11.0,0,1,1,19.262766
Status,1742897498000,34,26,1,5,1575449980,24.66,95.0,9.0,0,1,1,19.656813
Status,1742897498000,34,27,6,18,1575449980,25.68,241.0,7.0,0,0,1,20.675203
Status,1742897498000,34,28,3,2,1599750020,22.89,348.0,7.0,0,1,1,17.89045
Status,1742897498000,34,29,6,34,1575449980,26.99,30.0,7.0,0,1,1,21.994371
Status,1742897498000,34,30,6,6,1575449980,28.39,332.0,6.0,0,1,1,23.391512
Status,1742897498000,34,31,6,26,1575449980,28.13,188.0,6.0,0,1,1,23.133842
Status,1742897498000,34,32,3,1,1602562560,24.08,302.0,6.0,1,1,1,19.08216
Status,1742897498000,34,33,5,23,1575449980,43.90,150.0,68.0,0,1,0,38.898285
Fix,GPS,45.0659963045,7.6464212963,315.0144843559699,0.0,8.0,,1742897499000,0.1642903,,1908091703277577,7.01599,0,,,
Raw,1742897499000,88333000000,,,-1426932628667332880,0.0,18.046682304550075,,,29,5,0.0,16385,209516917677507,81,24.65681266784668,-182.41978766546197,299.7956269115534,16,-2190.882046881453,340282346638528860000000000000000000000,1575420030,,,,1,,1,35.604225158691406,19.65681266784668,-0.37834980195649376,1.0,-0.37834980195649376,1.0,,1908091599761461,
Raw,1742897499000,88333000000,,,-1426932628667332880,0.0,18.046682304550075,,,29,11,0.0,16384,209516917424966,1000000000,21.29029083251953,880.3624624931058,299792458,16,8323.384518108149,340282346638528860000000000000000000000,1575420030,,,,1,,1,35.604225158691406,16.29029083251953,-0.20372681261465636,1.0,-0.20372681261465636,1.0,,1908091599761461,
Raw,1742897499000,88333000000,,,-1426932628667332880,0.0,18.046682304550075,,,29,12,0.0,16397,209516919615516,44,29.20022964477539,908.2879232450705,0.8639223742093893,17,8587.988210323032,0.10042858837459957,1575420030,,,,0,,1,35.604225158691406,24.20022964477539,-0.6984919076624261,1.0,-0.6984919076624261,1.0,,1908091599761461,
Raw,1742897499000,88333000000,,,-1426932628667332880,0.0,18.046682304550075,,,29,18,0.0,16431,209516923454243,16,41.249759674072266,-346.3544778813864,0.15,25,-25438.191896513745,0.001399193424731493,1575420030,,,,0,,1,35.604225158691406,36.249759674072266,-0.08731148845780326,1.0,-0.08731148845780326,1.0,,1908091599761461,
Raw,1742897499000,88333000000,,,-1426932628667332880,0.0,18.046682304550075,,,29,20,0.0,16385,209516919230454,115,19.47774314880371,194.7489970239908,299.7958995712056,16,2100.107157810546,340282346638528860000000000000000000000,1575420030,,,,1,,1,35.604225158691406,14.477743148803711,0.0,1.0,0.0,1.0,,1908091599761461,
Raw,1742897499000,88333000000,,,-1426932628667332880,0.0,18.046682304550075,,,29,25,0.0,16431,209516930271264,33,32.474571228027344,708.2008637155641,0.7149981484907988,25,7744.24941648048,0.0036229384131729603,1575420030,,,,0,,1,35.604225158691406,27.474571228027344,-1.8917489103726217,1.0,-1.8917489103726217,1.0,,1908091599761461,
Raw,1742897499000,88333000000,,,-1426932628667332880,0.0,18.046682304550075,,,29,26,0.0,16431,209516923609595,36,31.51072883605957,-274.21164796393407,0.7571427701637012,25,-3558.342275811916,0.004048116505146027,1575420030,,,,0,,1,35.604225158691406,26.51072883605957,-0.8440110737314445,1.0,-0.8440110737314445,1.0,,1908091599761461,
Raw,1742897499000,88333000000,,,-1426932628667332880,0.0,18.046682304550075,,,29,28,0.0,16431,209516930293117,32,32.80643081665039,381.24046239917857,0.7000786862825343,25,4935.201480967224,0.0034871285315603018,1575420030,,,,1,,1,35.604225158691406,27.80643081665039,-0.34924595383121304,1.0,-0.34924595383121304,1.0,,1908091599761461,
Raw,1742897499000,88333000000,,,-1426932628667332880,0.0,18.046682304550075,,,29,29,0.0,16431,209516932315956,38,30.795957565307617,383.6990004004515,0.7908512516069313,25,4571.353464055113,0.004395330790430307,1575420030,,,,0,,1,35.604225158691406,25.795957565307617,-0.9604263668227204,1.0,-0.9604263668227204,1.0,,1908091599761461,
Raw,1742897499000,88333000000,,,-1426932628667332880,0.0,18.046682304550075,,,29,31,0.0,16431,209516928859890,27,34.89585876464844,62.19081225709061,0.605861596128503,25,789.8497377783926,0.0027415514923632145,1575420030,,,,0,,1,35.604225158691406,29.89586067199707,-0.2619344840127561,1.0,-0.2619344840127561,1.0,,1908091599761461,
Raw,1742897499000,88333000000,,,-1426932628667332880,0.0,18.046682304550075,,,29,10,0.0,32769,47498935850890,119,25.416213989257812,212.2697313662154,1.0334081731713232,16,3231.7754075420357,340282346638528860000000000000000000000,1598062460,,,,0,,3,52.642974853515625,20.416213989257812,4.656612873077393,2.0000000474974513,4.656612873077393,2.0000000474974513,,1908091599761461,
Raw,1742897499000,88333000000,,,-1426932628667332880,0.0,18.046682304550075,,,29,2,0.0,32768,47498920393931,1000000000,22.89044952392578,201.82754833675676,299792458,16,1905.6860031359563,340282346638528860000000000000000000000,1599750020,,,,0,,3,52.642974853515625,17.89044952392578,4.656612873077393,2.0000000474974513,4.656612873077393,2.0000000474974513,,1908091599761461,
Raw,1742897499000,88333000000,,,-1426932628667332880,0.0,18.046682304550075,,,29,9,0.0,32995,47498931681560,33,41.092872619628906,795.5572672046142,0.15,25,18080.78048277722,0.0014020419912412763,1600875010,,,,0,,3,52.642974853515625,36.092872619628906,4.656612873077393,2.0000000474974513,4.656612873077393,2.0000000474974513,,1908091599761461,
Raw,1742897499000,88333000000,,,-1426932628667332880,0.0,18.046682304550075,,,29,11,0.0,32768,47498927691066,1000000000,16.632423400878906,-356.3959875519629,299792458,16,-6606.666309873384,340282346638528860000000000000000000000,1602000000,,,,1,,3,52.642974853515625,11.632423400878906,4.656612873077393,2.0000000474974513,4.656612873077393,2.0000000474974513,,1908091599761461,
Raw,1742897499000,88333000000,,,-1426932628667332880,0.0,18.046682304550075,,,29,1,0.0,32769,47498920067341,204,18.72842788696289,740.6687661079759,1.3349087728402766,16,11175.538087588673,340282346638528860000000000000000000000,1602562560,,,,1,,3,52.642974853515625,13.72842788696289,4.656612873077393,2.0000000474974513,4.656612873077393,2.0000000474974513,,1908091599761461,
Raw,1742897499000,88333000000,,,-1426932628667332880,0.0,18.046682304550075,,,29,20,0.0,32995,47498935816904,63,33.32012176513672,86.13403618585949,0.6779720860550222,25,1261.777483969519,0.0032300720922648907,1603124990,,,,0,,3,52.642974853515625,28.32012367248535,4.656612873077393,2.0000000474974513,4.656612873077393,2.0000000474974513,,1908091599761461,
Raw,1742897499000,88333000000,,,-1426932628667332880,0.0,18.046682304550075,,,29,19,0.0,32768,47498928042887,1000000000,16.53775978088379,971.4090417147936,299792458,16,9184.354725222594,340282346638528860000000000000000000000,1603687550,,,,1,,3,52.642974853515625,11.537759780883789,4.656612873077393,2.0000000474974513,4.656612873077393,2.0000000474974513,,1908091599761461,
Raw,1742897499000,88333000000,,,-1426932628667332880,0.0,18.046682304550075,,,29,21,0.0,32995,47498925997885,122,25.140960693359375,-476.5580164951093,1.0440136085048342,16,-20192.630891263485,340282346638528860000000000000000000000,1604249980,,,,0,,3,52.642974853515625,20.140960693359375,4.656612873077393,2.0000000474974513,4.656612873077393,2.0000000474974513,,1908091599761461,
Raw,1742897499000,88333000000,,,-1426932628667332880,0.0,18.046682304550075,,,29,8,0.0,16384,209502868013943,1000000000,14.464717864990234,-13.862992327275407,299792458,16,-133.2478151808646,340282346638528860000000000000000000000,1561097980,,,,1,,5,49.67959976196289,9.464717864990234,9.342329576611519,2.500692349107121,9.342329576611519,1.5000000237487257,,1908091599761461,
Raw,1742897499000,88333000000,,,-1426932628667332880,0.0,18.046682304550075,,,29,11,0.0,81955,209502922917252,34,23.47504234313965,731.7467288043476,1.1183738733983484,16,6912.866161241781,340282346638528860000000000000000000000,1561097980,,,,0,,5,49.67959976196289,18.47504234313965,9.342329576611519,2.500692349107121,9.342329576611519,1.5000000237487257,,1908091599761461,
Raw,1742897499000,88333000000,,,-1426932628667332880,0.0,18.046682304550075,,,29,13,0.0,16384,209502867590398,1000000000,12.0,-48.33639166763069,299792458,16,-459.1782584287837,340282346638528860000000000000000000000,1561097980,,,,1,,5,49.67959976196289,7.0,9.342329576611519,2.500692349107121,9.342329576611519,1.5000000237487257,,1908091599761461,
Raw,1742897499000,88333000000,,,-1426932628667332880,0.0,18.046682304550075,,,29,23,0.0,65587,6401817,6,43.898284912109375,545.8789723835273,0.15,17,266749.1406613718,0.09706066388674979,1561097980,,,,0,,5,49.67959976196289,38.898284912109375,9.342329576611519,2.500692349107121,9.342329576611519,1.5000000237487257,,1908091599761461,
Raw,1742897499000,88333000000,,,-1426932628667332880,0.0,18.046682304550075,,,29,25,0.0,81955,209502916219649,10,38.30143356323242,903.3686659653072,0.15,17,11700.65610560152,0.09800245743748699,1561097980,,,,0,,5,49.67959976196289,33.30143356323242,9.342329576611519,2.500692349107121,9.342329576611519,1.5000000237487257,,1908091599761461,
Raw,1742897499000,88333000000,,,-1426932628667332880,0.0,18.046682304550075,,,29,28,0.0,81967,209502923731475,7,41.76416015625,-179.80433403435802,0.15,25,-11175.099659009724,0.0013308341149240732,1561097980,,,,0,,5,49.67959976196289,36.76416015625,9.342329576611519,2.500692349107121,9.342329576611519,1.5000000237487257,,1908091599761461,
Raw,1742897499000,88333000000,,,-1426932628667332880,0.0,18.046682304550075,,,29,34,0.0,16384,209502916542122,1000000000,12.0,878.3235136140852,299792458,16,8300.259676357648,340282346638528860000000000000000000000,1561097980,,,,0,,5,49.67959976196289,7.0,9.342329576611519,2.500692349107121,9.342329576611519,1.5000000237487257,,1908091599761461,
Raw,1742897499000,88333000000,,,-1426932628667332880,0.0,18.046682304550075,,,29,37,0.0,81955,209502924405195,13,35.38930130004883,-29.558197872918186,0.5828707824830368,17,-395.8502273693211,0.09863365269769882,1561097980,,,,0,,5,49.67959976196289,30.389301300048828,9.342329576611519,2.500692349107121,9.342329576611519,1.5000000237487257,,1908091599761461,
Raw,1742897499000,88333000000,,,-1426932628667332880,0.0,18.046682304550075,,,29,4,0.0,85026,209516909040274,100,18.98426055908203,314.68158286982566,1.3207011813157132,16,2973.575562590365,340282346638528860000000000000000000000,1575420030,,,,1,,6,35.604225158691406,13.984260559082031,1.3096723705530164,1.5000000237487257,1.3096723705530164,1.5000000237487257,,1908091599761461,
Raw,1742897499000,88333000000,,,-1426932628667332880,0.0,18.046682304550075,,,29,6,0.0,16384,209516905955584,1000000000,21.569963455200195,102.85131069801537,299792458,16,3.2676528136370897,340282346638528860000000000000000000000,1575420030,,,,0,,6,35.604225158691406,16.569963455200195,1.3096723705530164,1.5000000237487257,1.3096723705530164,1.5000000237487257,,1908091599761461,
Raw,1742897499000,88333000000,,,-1426932628667332880,0.0,18.046682304550075,,,29,13,0.0,85026,209516917680041,12,44.36872863769531,-142.7635799296666,0.15,25,-2223.6161840115733,0.0009770779870450497,1575420030,,,,0,,6,35.604225158691406,39.36872863769531,1.3096723705530164,1.5000000237487257,1.3096723705530164,1.5000000237487257,,1908091599761461,
Raw,1742897499000,88333000000,,,-1426932628667332880,0.0,18.046682304550075,,,29,15,0.0,83968,209516917588457,1000000000,15.05970287322998,401.2231770707849,299792458,16,7087.345981516258,340282346638528860000000000000000000000,1575420030,,,,0,,6,35.604225158691406,10.05970287322998,1.3096723705530164,1.5000000237487257,1.3096723705530164,1.5000000237487257,,1908091599761461,
Raw,1742897499000,88333000000,,,-1426932628667332880,0.0,18.046682304550075,,,29,18,0.0,84002,209516898090179,1000000000,18.048049926757812,-149.62926073960523,299792458,16,-1414.8818041743732,340282346638528860000000000000000000000,1575420030,,,,1,,6,35.604225158691406,13.048049926757812,1.3096723705530164,1.5000000237487257,1.3096723705530164,1.5000000237487257,,1908091599761461,
Raw,1742897499000,88333000000,,,-1426932628667332880,0.0,18.046682304550075,,,29,21,0.0,84002,209516920983183,1000000000,25.44654655456543,127.14192006489299,299792458,16,1209.0070107910426,340282346638528860000000000000000000000,1575420030,,,,1,,6,35.604225158691406,20.44654655456543,1.3096723705530164,1.5000000237487257,1.3096723705530164,1.5000000237487257,,1908091599761461,
Raw,1742897499000,88333000000,,,-1426932628667332880,0.0,18.046682304550075,,,29,23,0.0,85026,209516910149054,28,34.45542526245117,-153.0351547023862,0.6251798253817427,25,-2530.1977556009124,0.0028841523453593254,1575420030,,,,1,,6,35.604225158691406,29.455425262451172,1.3096723705530164,1.5000000237487257,1.3096723705530164,1.5000000237487257,,1908091599761461,
Raw,1742897499000,88333000000,,,-1426932628667332880,0.0,18.046682304550075,,,29,26,0.0,16384,209516906156173,1000000000,25.030179977416992,-328.4187214660835,299792458,16,-10.531500303344941,340282346638528860000000000000000000000,1575420030,,,,0,,6,35.604225158691406,20.030179977416992,1.3096723705530164,1.5000000237487257,1.3096723705530164,1.5000000237487257,,1908091599761461,
Raw,1742897499000,88333000000,,,-1426932628667332880,0.0,18.046682304550075,,,29,27,0.0,85026,209516918335520,38,30.926898956298828,571.3550633150237,0.7838872471702314,25,5396.308275903644,0.004329566843807697,1575420030,,,,1,,6,35.604225158691406,25.926898956298828,1.3096723705530164,1.5000000237487257,1.3096723705530164,1.5000000237487257,,1908091599761461,
Raw,1742897499000,88333000000,,,-1426932628667332880,0.0,18.046682304550075,,,29,34,0.0,84002,209516906396072,1000000000,20.945810317993164,805.5549468361023,299792458,16,7613.33285598911,340282346638528860000000000000000000000,1575420030,,,,0,,6,35.604225158691406,15.945810317993164,1.3096723705530164,1.5000000237487257,1.3096723705530164,1.5000000237487257,,1908091599761461,
Fix,FLP,45.0660774000,7.6464963000,307.1000061035156,0.063420504,7.789,,1742897499588,0.09071463,,1908091703277577,2.5983722,0,,,
Fix,NLP,45.0660211000,7.6464938000,307.1000061035156,,18.286,,1742897497021,,,1908089136000000,3.6117291,0,,,
Fix,FLP,45.0660722000,7.6464928000,307.1000061035156,0.06395963,7.749,,1742897499858,0.09071463,,1908091972835424,3.6374018,0,,,
Raw,1742897500000,89333000000,,,-1426932628667331885,0.0,17.73428248625472,994.0,1.0,29,5,0.0,16385,209517917678113,63,24.67899513244629,-182.40549007495065,1.0668885284846632,16,-2373.001862153137,340282346638528860000000000000000000000,1575420030,,,,0,,1,37.993743896484375,19.67899513244629,-0.37834980195649376,1.0,-0.37834980195649376,1.0,,1908092632230537,
Raw,1742897500000,89333000000,,,-1426932628667331885,0.0,17.73428248625472,994.0,1.0,29,11,0.0,16384,209517917422025,1000000000,21.036161422729492,880.3624624931058,299792458,16,9203.6116244107,340282346638528860000000000000000000000,1575420030,,,,1,,1,37.993743896484375,16.036161422729492,-0.20372681261465636,1.0,-0.20372681261465636,1.0,,1908092632230537,
Raw,1742897500000,89333000000,,,-1426932628667331885,0.0,17.73428248625472,994.0,1.0,29,12,0.0,16431,209517919612491,45,28.77300262451172,908.1956961177198,0.8831337629495057,17,9496.283366530526,0.1006948730564562,1575420030,,,,0,,1,37.993743896484375,23.77300262451172,-0.6984919076624261,1.0,-0.6984919076624261,1.0,,1908092632230537,
Raw,1742897500000,89333000000,,,-1426932628667331885,0.0,17.73428248625472,994.0,1.0,29,18,0.0,16431,209517923455395,16,41.144588470458984,-346.28147325951454,0.15,25,-25784.500930876202,0.0014162382576614618,1575420030,,,,0,,1,37.993743896484375,36.144588470458984,-0.08731148845780326,1.0,-0.08731148845780326,1.0,,1908092632230537,
Raw,1742897500000,89333000000,,,-1426932628667331885,0.0,17.73428248625472,994.0,1.0,29,20,0.0,16384,209517919229924,1000000000,18.768871307373047,194.9346612058988,299792458,16,2295.055774138056,340282346638528860000000000000000000000,1575420030,,,,1,,1,37.993743896484375,13.768871307373047,0.0,1.0,0.0,1.0,,1908092632230537,
Raw,1742897500000,89333000000,,,-1426932628667331885,0.0,17.73428248625472,994.0,1.0,29,25,0.0,16431,209517930268914,34,32.387001037597656,708.2958856043497,0.7189356041613539,25,8452.526942631532,0.003659648820757866,1575420030,,,,0,,1,37.993743896484375,27.387001037597656,-1.8917489103726217,1.0,-1.8917489103726217,1.0,,1908092632230537,
Raw,1742897500000,89333000000,,,-1426932628667331885,0.0,17.73428248625472,994.0,1.0,29,26,0.0,16431,209517923610507,35,31.787094116210938,-274.2673046154358,0.7447150550502841,25,-3832.60522489432,0.003921342082321644,1575420030,,,,0,,1,37.993743896484375,26.787094116210938,-0.8440110737314445,1.0,-0.8440110737314445,1.0,,1908092632230537,
Raw,1742897500000,89333000000,,,-1426932628667331885,0.0,17.73428248625472,994.0,1.0,29,28,0.0,16431,209517930291841,33,32.52556610107422,381.359853244378,0.7127086328469598,25,5316.470261924789,0.0036017303355038166,1575420030,,,,1,,1,37.993743896484375,27.52556610107422,-0.34924595383121304,1.0,-0.34924595383121304,1.0,,1908092632230537,
Raw,1742897500000,89333000000,,,-1426932628667331885,0.0,17.73428248625472,994.0,1.0,29,29,0.0,16431,209517932314664,34,32.16166305541992,383.61120399244874,0.7294367951063596,25,4954.938523035193,0.003755833487957716,1575420030,,,,0,,1,37.993743896484375,27.161663055419922,-0.9604263668227204,1.0,-0.9604263668227204,1.0,,1908092632230537,
Raw,1742897500000,89333000000,,,-1426932628667331885,0.0,17.73428248625472,994.0,1.0,29,31,0.0,16431,209517928859675,25,35.96739959716797,62.259096458734064,0.5576756593350387,25,852.0281522860391,0.0024233683943748474,1575420030,,,,0,,1,37.993743896484375,30.96739959716797,-0.2619344840127561,1.0,-0.2619344840127561,1.0,,1908092632230537,
Raw,1742897500000,89333000000,,,-1426932628667331885,0.0,17.73428248625472,994.0,1.0,29,10,0.0,32769,47499935850221,120,25.35984992980957,212.29111810768347,1.0359426564714198,16,3445.536817885971,340282346638528860000000000000000000000,1598062460,,,,0,,3,53.78582763671875,20.35984992980957,4.656612873077393,2.0000000474974513,4.656612873077393,2.0000000474974513,,1908092632230537,
Raw,1742897500000,89333000000,,,-1426932628667331885,0.0,17.73428248625472,994.0,1.0,29,2,0.0,32768,47499920393257,1000000000,24.192264556884766,202.15574535184317,299792458,16,2108.1512902080876,340282346638528860000000000000000000000,1599750020,,,,0,,3,53.78582763671875,19.192264556884766,4.656612873077393,2.0000000474974513,4.656612873077393,2.0000000474974513,,1908092632230537,
Raw,1742897500000,89333000000,,,-1426932628667331885,0.0,17.73428248625472,994.0,1.0,29,9,0.0,32995,47499931678895,33,41.13711166381836,795.6352478651384,0.15,25,18876.355792042705,0.001394919352605939,1600875010,,,,0,,3,53.78582763671875,36.13711166381836,4.656612873077393,2.0000000474974513,4.656612873077393,2.0000000474974513,,1908092632230537,
Raw,1742897500000,89333000000,,,-1426932628667331885,0.0,17.73428248625472,994.0,1.0,29,11,0.0,32768,47499927692183,1000000000,15.891395568847656,-356.3048169807644,299792458,16,-6963.456646314714,340282346638528860000000000000000000000,1602000000,,,,1,,3,53.78582763671875,10.891395568847656,4.656612873077393,2.0000000474974513,4.656612873077393,2.0000000474974513,,1908092632230537,
Raw,1742897500000,89333000000,,,-1426932628667331885,0.0,17.73428248625472,994.0,1.0,29,1,0.0,32769,47499920064878,162,21.57855796813965,740.7975296287191,1.2067410294132692,16,11917.009116912328,340282346638528860000000000000000000000,1602562560,,,,1,,3,53.78582763671875,16.57855796813965,4.656612873077393,2.0000000474974513,4.656612873077393,2.0000000474974513,,1908092632230537,
Raw,1742897500000,89333000000,,,-1426932628667331885,0.0,17.73428248625472,994.0,1.0,29,20,0.0,32995,47499935816641,63,33.290184020996094,86.2254538548678,0.679318476222269,25,1347.9814355610567,0.0032412265427410603,1603124990,,,,0,,3,53.78582763671875,28.29018211364746,4.656612873077393,2.0000000474974513,4.656612873077393,2.0000000474974513,,1908092632230537,
Raw,1742897500000,89333000000,,,-1426932628667331885,0.0,17.73428248625472,994.0,1.0,29,19,0.0,32768,47499928039645,1000000000,15.677562713623047,971.5001100386226,299792458,16,10155.905170972352,340282346638528860000000000000000000000,1603687550,,,,1,,3,53.78582763671875,10.677562713623047,4.656612873077393,2.0000000474974513,4.656612873077393,2.0000000474974513,,1908092632230537,
Raw,1742897500000,89333000000,,,-1426932628667331885,0.0,17.73428248625472,994.0,1.0,29,21,0.0,32995,47499925999420,110,26.405139923095703,-476.8437978930531,1.3047521892781875,16,-20670.037540445643,340282346638528860000000000000000000000,1604249980,,,,0,,3,53.78582763671875,21.405139923095703,4.656612873077393,2.0000000474974513,4.656612873077393,2.0000000474974513,,1908092632230537,
Raw,1742897500000,89333000000,,,-1426932628667331885,0.0,17.73428248625472,994.0,1.0,29,8,0.0,16384,209503868014015,1000000000,12.0,-13.862992327275407,299792458,16,-145.6465425155733,340282346638528860000000000000000000000,1561097980,,,,1,,5,49.67959976196289,7.0,9.342329576611519,2.500692349107121,9.342329576611519,1.5000000237487257,,1908092632230537,
Raw,1742897500000,89333000000,,,-1426932628667331885,0.0,17.73428248625472,994.0,1.0,29,11,0.0,81955,209503922914819,32,24.43222427368164,731.742843404304,1.0753301272327631,16,7644.351980637007,340282346638528860000000000000000000000,1561097980,,,,1,,5,49.67959976196289,19.43222427368164,9.342329576611519,2.500692349107121,9.342329576611519,1.5000000237487257,,1908092632230537,
Raw,1742897500000,89333000000,,,-1426932628667331885,0.0,17.73428248625472,994.0,1.0,29,13,0.0,16384,209503867590557,1000000000,18.751867294311523,-48.33639166763069,299792458,16,-507.14551793110826,340282346638528860000000000000000000000,1561097980,,,,1,,5,49.67959976196289,13.751867294311523,9.342329576611519,2.500692349107121,9.342329576611519,1.5000000237487257,,1908092632230537,
Raw,1742897500000,89333000000,,,-1426932628667331885,0.0,17.73428248625472,994.0,1.0,29,23,0.0,81967,209503926399993,6,44.621185302734375,545.9128162628544,0.15,25,267295.1188928271,0.0009577950113452971,1561097980,,,,0,,5,49.67959976196289,39.621185302734375,9.342329576611519,2.500692349107121,9.342329576611519,1.5000000237487257,,1908092632230537,
Raw,1742897500000,89333000000,,,-1426932628667331885,0.0,17.73428248625472,994.0,1.0,29,25,0.0,81967,209503916216632,10,38.462074279785156,903.277188652,0.15,25,12603.984654636293,0.0019463825738057494,1561097980,,,,0,,5,49.67959976196289,33.462074279785156,9.342329576611519,2.500692349107121,9.342329576611519,1.5000000237487257,,1908092632230537,
Raw,1742897500000,89333000000,,,-1426932628667331885,0.0,17.73428248625472,994.0,1.0,29,28,0.0,81967,209503923732070,7,42.47652053833008,-179.8201994178694,0.15,25,-11354.863618210378,0.001226043445058167,1561097980,,,,0,,5,49.67959976196289,37.47652053833008,9.342329576611519,2.500692349107121,9.342329576611519,1.5000000237487257,,1908092632230537,
Raw,1742897500000,89333000000,,,-1426932628667331885,0.0,17.73428248625472,994.0,1.0,29,34,0.0,16384,209503916539188,1000000000,12.0,878.3235136140852,299792458,16,9178.583184094357,340282346638528860000000000000000000000,1561097980,,,,0,,5,49.67959976196289,7.0,9.342329576611519,2.500692349107121,9.342329576611519,1.5000000237487257,,1908092632230537,
Raw,1742897500000,89333000000,,,-1426932628667331885,0.0,17.73428248625472,994.0,1.0,29,37,0.0,81967,209503924405302,12,36.35102081298828,-29.483376230082953,0.15,25,-425.35860252723177,0.002339940285310149,1561097980,,,,0,,5,49.67959976196289,31.35101890563965,9.342329576611519,2.500692349107121,9.342329576611519,1.5000000237487257,,1908092632230537,
Raw,1742897500000,89333000000,,,-1426932628667331885,0.0,17.73428248625472,994.0,1.0,29,4,0.0,85026,209517909039231,104,18.49485206604004,314.86774124735325,1.3427089956731475,16,3281.8799954560964,340282346638528860000000000000000000000,1575420030,,,,1,,6,37.993743896484375,13.494852066040039,1.3096723705530164,1.5000000237487257,1.3096723705530164,1.5000000237487257,,1908092632230537,
Raw,1742897500000,89333000000,,,-1426932628667331885,0.0,17.73428248625472,994.0,1.0,29,6,0.0,16384,209517905955236,1000000000,24.67533302307129,103.03695783869512,299792458,16,3.277605596720034,340282346638528860000000000000000000000,1575420030,,,,0,,6,37.993743896484375,19.67533302307129,1.3096723705530164,1.5000000237487257,1.3096723705530164,1.5000000237487257,,1908092632230537,
Raw,1742897500000,89333000000,,,-1426932628667331885,0.0,17.73428248625472,994.0,1.0,29,13,0.0,21546,209517917680514,12,44.663455963134766,-142.71150193609975,0.15,25,-2366.3679799739693,0.0009444804745726287,1575420030,,,,0,,6,37.993743896484375,39.663455963134766,1.3096723705530164,1.5000000237487257,1.3096723705530164,1.5000000237487257,,1908092632230537,
Raw,1742897500000,89333000000,,,-1426932628667331885,0.0,17.73428248625472,994.0,1.0,29,15,0.0,83968,209517917587117,1000000000,15.106422424316406,401.1926391897405,299792458,16,7488.481009506322,340282346638528860000000000000000000000,1575420030,,,,0,,6,37.993743896484375,10.106422424316406,1.3096723705530164,1.5000000237487257,1.3096723705530164,1.5000000237487257,,1908092632230537,
Raw,1742897500000,89333000000,,,-1426932628667331885,0.0,17.73428248625472,994.0,1.0,29,18,0.0,84002,209517898090679,1000000000,17.187847137451172,-149.66160499084538,299792458,16,-1564.5157801841287,340282346638528860000000000000000000000,1575420030,,,,0,,6,37.993743896484375,12.187846183776855,1.3096723705530164,1.5000000237487257,1.3096723705530164,1.5000000237487257,,1908092632230537,
Raw,1742897500000,89333000000,,,-1426932628667331885,0.0,17.73428248625472,994.0,1.0,29,21,0.0,84002,209517920982740,1000000000,26.446020126342773,128.01502739486608,299792458,29,1337.015506886003,0.0036262557841837406,1575420030,,,,1,,6,37.993743896484375,21.446020126342773,1.3096723705530164,1.5000000237487257,1.3096723705530164,1.5000000237487257,,1908092632230537,
Raw,1742897500000,89333000000,,,-1426932628667331885,0.0,17.73428248625472,994.0,1.0,29,23,0.0,21546,209517910149579,29,34.32114791870117,-153.0149267644399,0.6666649648343883,16,-2683.1827599669323,340282346638528860000000000000000000000,1575420030,,,,0,,6,37.993743896484375,29.321147918701172,1.3096723705530164,1.5000000237487257,1.3096723705530164,1.5000000237487257,,1908092632230537,
Raw,1742897500000,89333000000,,,-1426932628667331885,0.0,17.73428248625472,994.0,1.0,29,26,0.0,16384,209517906157272,1000000000,25.281476974487305,-328.4187214660835,299792458,16,-10.518658907410835,340282346638528860000000000000000000000,1575420030,,,,0,,6,37.993743896484375,20.281476974487305,1.3096723705530164,1.5000000237487257,1.3096723705530164,1.5000000237487257,,1908092632230537,
Raw,1742897500000,89333000000,,,-1426932628667331885,0.0,17.73428248625472,994.0,1.0,29,27,0.0,85026,209517918333608,37,31.112438201904297,571.2910564616739,0.775543369215443,25,5967.635294622871,0.004238064866513014,1575420030,,,,0,,6,37.993743896484375,26.112438201904297,1.3096723705530164,1.5000000237487257,1.3096723705530164,1.5000000237487257,,1908092632230537,
Raw,1742897500000,89333000000,,,-1426932628667331885,0.0,17.73428248625472,994.0,1.0,29,34,0.0,84002,209517906393379,1000000000,20.267040252685547,805.7286991994556,299792458,16,8418.987918940587,340282346638528860000000000000000000000,1575420030,,,,0,,6,37.993743896484375,15.267041206359863,1.3096723705530164,1.5000000237487257,1.3096723705530164,1.5000000237487257,,1908092632230537,
Status,1742897499000,34,0,1,29,1575449980,32.16,31.0,82.0,1,1,1,27.161663
Status,1742897499000,34,1,3,10,1598062460,25.41,19.0,79.0,1,1,1,20.410578
Status,1742897499000,34,2,3,20,1603124990,33.57,160.0,74.0,1,1,1,28.568108
Status,1742897499000,34,3,6,21,1575449980,26.45,314.0,68.0,0,1,1,21.44602
Status,1742897499000,34,4,1,28,1575449980,36.25,252.0,61.0,1,1,1,31.245813
Status,1742897499000,34,5,5,37,1575449980,36.35,302.0,55.0,1,1,1,31.351019
Status,1742897499000,34,6,1,25,1575449980,32.47,102.0,52.0,1,1,1,27.465815
Status,1742897499000,34,7,6,27,1575449980,31.11,93.0,51.0,1,1,1,26.112438
Status,1742897499000,34,8,1,31,1575449980,35.97,294.0,48.0,1,1,1,30.9674
Status,1742897499000,34,9,6,15,1575449980,20.92,68.0,45.0,0,1,1,15.922404
Status,1742897499000,34,10,6,13,1575449980,44.85,150.0,44.0,1,1,1,39.84561
Status,1742897499000,34,11,3,9,1600875010,42.39,123.0,44.0,1,1,1,37.386864
Status,1742897499000,34,12,5,28,1575449980,44.57,209.0,44.0,1,1,1,39.571636
Status,1742897499000,34,13,5,11,1575449980,24.43,51.0,41.0,1,1,1,19.432224
Status,1742897499000,34,14,1,18,1575449980,42.11,175.0,31.0,1,1,1,37.11315
Status,1742897499000,34,15,3,19,1603687550,19.43,34.0,31.0,0,1,1,14.42754
Status,1742897499000,34,16,3,11,1602000000,20.06,319.0,30.0,0,1,1,15.057742
Status,1742897499000,34,17,1,26,1575449980,34.77,297.0,25.0,1,1,1,29.76936
Status,1742897499000,34,18,3,21,1604249980,32.34,202.0,24.0,1,1,1,27.342754
Status,1742897499000,34,19,5,13,1575449980,18.75,83.0,20.0,0,1,1,13.751867
Status,1742897499000,34,20,6,23,1575449980,36.32,291.0,18.0,1,1,1,31.323372
Status,1742897499000,34,21,5,25,1575449980,38.46,137.0,16.0,1,1,1,33.462074
Status,1742897499000,34,22,1,12,1575449980,29.16,104.0,16.0,1,1,1,24.157507
Status,1742897499000,34,23,6,4,1575449980,25.91,309.0,15.0,1,1,1,20.905472
Status,1742897499000,34,24,1,20,1575449980,20.72,60.0,14.0,0,1,1,15.722528
Status,1742897499000,34,25,1,11,1575449980,23.94,36.0,11.0,0,1,1,18.940105
Status,1742897499000,34,26,1,5,1575449980,24.68,95.0,9.0,1,1,1,19.678995
Status,1742897499000,34,27,6,18,1575449980,24.83,241.0,7.0,0,0,1,19.826468
Status,1742897499000,34,28,3,2,1599750020,24.19,348.0,7.0,0,1,1,19.192265
Status,1742897499000,34,29,6,34,1575449980,26.32,30.0,7.0,0,1,1,21.321638
Status,1742897499000,34,30,6,6,1575449980,28.02,332.0,6.0,0,1,1,23.019894
Status,1742897499000,34,31,6,26,1575449980,27.85,188.0,6.0,0,1,1,22.848606
Status,1742897499000,34,32,3,1,1602562560,23.83,302.0,6.0,1,1,1,18.8318
Status,1742897499000,34,33,5,23,1575449980,44.62,150.0,68.0,0,1,0,39.621185
Fix,GPS,45.0659963045,7.6464212963,315.4187358999361,0.0,8.0,,1742897500000,0.16688517,,1908092739707884,6.826198,0,,,
Fix,FLP,45.0660587000,7.6464882000,307.1000061035156,0.01793937,7.402,,1742897500625,0.05072186,,1908092739707884,3.647766,0,,,
Status,1742897500000,35,0,1,29,1575449980,32.39,31.0,82.0,1,1,1,27.389313
Status,1742897500000,35,1,3,10,1598062460,25.38,19.0,79.0,0,1,1,20.382732
Status,1742897500000,35,2,3,20,1603124990,33.76,160.0,74.0,1,1,1,28.760107
Status,1742897500000,35,3,6,21,1575449980,26.99,314.0,68.0,1,1,1,21.986519
Status,1742897500000,35,4,1,28,1575449980,35.82,252.0,61.0,1,1,1,30.821836
Status,1742897500000,35,5,5,37,1575449980,36.91,302.0,55.0,1,1,1,31.90728
Status,1742897500000,35,6,1,25,1575449980,32.40,102.0,52.0,1,1,1,27.395874
Status,1742897500000,35,7,6,27,1575449980,31.87,93.0,51.0,1,1,1,26.87017
Status,1742897500000,35,8,1,31,1575449980,36.04,294.0,48.0,1,1,1,31.036907
Status,1742897500000,35,9,6,15,1575449980,20.39,68.0,45.0,0,1,1,15.391351
Status,1742897500000,35,10,6,13,1575449980,44.98,150.0,44.0,1,1,1,39.983047
Status,1742897500000,35,11,3,9,1600875010,42.34,123.0,44.0,1,1,1,37.33907
Status,1742897500000,35,12,5,28,1575449980,44.39,209.0,44.0,1,1,1,39.391743
Status,1742897500000,35,13,5,11,1575449980,24.30,51.0,41.0,1,1,1,19.304228
Status,1742897500000,35,14,1,18,1575449980,42.01,175.0,31.0,1,1,1,37.01491
Status,1742897500000,35,15,3,19,1603687550,18.98,34.0,31.0,0,1,1,13.97998
Status,1742897500000,35,16,3,11,1602000000,19.73,319.0,30.0,0,1,1,14.732811
Status,1742897500000,35,17,1,26,1575449980,34.53,297.0,25.0,1,1,1,29.52622
Status,1742897500000,35,18,3,21,1604249980,31.50,202.0,24.0,1,1,1,26.504446
Status,1742897500000,35,19,5,8,1575449980,16.73,69.0,20.0,0,1,1,11.732906
Status,1742897500000,35,20,5,13,1575449980,18.57,83.0,20.0,0,1,1,13.574178
Status,1742897500000,35,21,6,23,1575449980,36.22,291.0,18.0,1,1,1,31.21854
Status,1742897500000,35,22,5,25,1575449980,38.96,137.0,16.0,1,1,1,33.96106
Status,1742897500000,35,23,1,12,1575449980,30.93,104.0,16.0,1,1,1,25.926258
Status,1742897500000,35,24,6,4,1575449980,25.20,309.0,15.0,1,1,1,20.203972
Status,1742897500000,35,25,1,20,1575449980,20.47,60.0,14.0,0,1,1,15.472963
Status,1742897500000,35,26,1,11,1575449980,23.66,36.0,11.0,0,1,1,18.662943
Status,1742897500000,35,27,1,5,1575449980,24.88,95.0,9.0,1,1,1,19.875118
Status,1742897500000,35,28,6,18,1575449980,24.01,241.0,7.0,0,0,1,19.012892
Status,1742897500000,35,29,3,2,1599750020,24.14,348.0,7.0,0,1,1,19.141363
Status,1742897500000,35,30,6,34,1575449980,25.69,30.0,7.0,0,1,1,20.688425
Status,1742897500000,35,31,6,6,1575449980,27.61,332.0,6.0,0,1,1,22.610924
Status,1742897500000,35,32,6,26,1575449980,27.82,188.0,6.0,0,1,1,22.82357
Status,1742897500000,35,33,3,1,1602562560,23.35,302.0,6.0,1,1,1,18.354528
Status,1742897500000,35,34,5,23,1575449980,44.58,150.0,68.0,0,1,0,39.58117
Raw,1742897501000,90333000000,,,-1426932628667330889,0.0,17.442035032147377,,,29,5,0.0,16385,209518917678772,62,24.875118255615234,-182.34168771633995,1.0580692934555986,16,-2555.04999856424,340282346638528860000000000000000000000,1575420030,,,,0,,1,37.657470703125,19.875118255615234,-0.37834980195649376,1.0,-0.37834980195649376,1.0,,1908093606435960,
Raw,1742897501000,90333000000,,,-1426932628667330889,0.0,17.442035032147377,,,29,11,0.0,16384,209518917418827,1000000000,21.168476104736328,880.5481437162421,299792458,16,10084.418127211004,340282346638528860000000000000000000000,1575420030,,,,1,,1,37.657470703125,16.168476104736328,-0.20372681261465636,1.0,-0.20372681261465636,1.0,,1908093606435960,
Raw,1742897501000,90333000000,,,-1426932628667330889,0.0,17.442035032147377,,,29,12,0.0,16431,209518919609451,38,30.926258087158203,908.3946694988999,0.7863037732184561,17,10404.618110724965,0.09947672315229451,1575420030,,,,0,,1,37.657470703125,25.926258087158203,-0.6984919076624261,1.0,-0.6984919076624261,1.0,,1908093606435960,
Raw,1742897501000,90333000000,,,-1426932628667330889,0.0,17.442035032147377,,,29,18,0.0,16431,209518923456554,16,41.130760192871094,-346.20185664107726,0.15,25,-26130.750950451715,0.0014184948522597551,1575420030,,,,0,,1,37.657470703125,36.130760192871094,-0.08731148845780326,1.0,-0.08731148845780326,1.0,,1908093606435960,
Raw,1742897501000,90333000000,,,-1426932628667330889,0.0,17.442035032147377,,,29,20,0.0,16385,209518919228928,125,18.22687339782715,195.12030834657855,299.7958995712056,16,2489.464026626136,340282346638528860000000000000000000000,1575420030,,,,1,,1,37.657470703125,13.226873397827148,0.0,1.0,0.0,1.0,,1908093606435960,
Raw,1742897501000,90333000000,,,-1426932628667330889,0.0,17.442035032147377,,,29,25,0.0,16431,209518930266548,35,31.76641082763672,708.3311268643943,0.7468424127564481,25,9160.878879006703,0.003930691629648209,1575420030,,,,0,,1,37.657470703125,26.76641082763672,-1.8917489103726217,1.0,-1.8917489103726217,1.0,,1908093606435960,
Raw,1742897501000,90333000000,,,-1426932628667330889,0.0,17.442035032147377,,,29,26,0.0,16431,209518923611399,34,32.337974548339844,-274.1940614163683,0.7199427673785221,25,-4106.814730577819,0.0036803630646318197,1575420030,,,,0,,1,37.657470703125,27.337974548339844,-0.8440110737314445,1.0,-0.8440110737314445,1.0,,1908093606435960,
Raw,1742897501000,90333000000,,,-1426932628667330889,0.0,17.442035032147377,,,29,28,0.0,16431,209518930290571,35,32.00605010986328,381.47010999122926,0.7360705591781969,25,5697.863841669529,0.0038237283006310463,1575420030,,,,1,,1,37.657470703125,27.00604820251465,-0.34924595383121304,1.0,-0.34924595383121304,1.0,,1908093606435960,
Raw,1742897501000,90333000000,,,-1426932628667330889,0.0,17.442035032147377,,,29,29,0.0,16431,209518932313395,34,32.389312744140625,383.75510012388804,0.7191994103629162,25,5338.651755451168,0.003658675355836749,1575420030,,,,0,,1,37.657470703125,27.389312744140625,-0.9604263668227204,1.0,-0.9604263668227204,1.0,,1908093606435960,
Raw,1742897501000,90333000000,,,-1426932628667330889,0.0,17.442035032147377,,,29,31,0.0,16431,209518928859472,25,36.03690719604492,62.35638909118549,0.15,25,914.3348663971065,0.002404053695499897,1575420030,,,,0,,1,37.657470703125,31.036907196044922,-0.2619344840127561,1.0,-0.2619344840127561,1.0,,1908093606435960,
Raw,1742897501000,90333000000,,,-1426932628667330889,0.0,17.442035032147377,,,29,10,0.0,32769,47500935849532,138,25.132118225097656,212.83713610240716,299.7953201694447,16,3658.3478472849447,340282346638528860000000000000000000000,1598062460,,,,0,,3,53.040870666503906,20.132118225097656,4.656612873077393,2.0000000474974513,4.656612873077393,2.0000000474974513,,1908093606435960,
Raw,1742897501000,90333000000,,,-1426932628667330889,0.0,17.442035032147377,,,29,2,0.0,32768,47500920392399,1000000000,23.68324851989746,202.14889477808208,299792458,16,2310.065249474886,340282346638528860000000000000000000000,1599750020,,,,0,,3,53.040870666503906,18.68324851989746,4.656612873077393,2.0000000474974513,4.656612873077393,2.0000000474974513,,1908093606435960,
Raw,1742897501000,90333000000,,,-1426932628667330889,0.0,17.442035032147377,,,29,9,0.0,32995,47500931676224,33,41.908935546875,795.7584218630118,0.15,25,19672.034760840528,0.0012763149570673704,1600875010,,,,0,,3,53.040870666503906,36.908935546875,4.656612873077393,2.0000000474974513,4.656612873077393,2.0000000474974513,,1908093606435960,
Raw,1742897501000,90333000000,,,-1426932628667330889,0.0,17.442035032147377,,,29,11,0.0,32768,47500927693499,1000000000,16.808425903320312,-356.3048169807644,299792458,16,-7319.4515664592545,340282346638528860000000000000000000000,1602000000,,,,0,,3,53.040870666503906,11.808425903320312,4.656612873077393,2.0000000474974513,4.656612873077393,2.0000000474974513,,1908093606435960,
Raw,1742897501000,90333000000,,,-1426932628667330889,0.0,17.442035032147377,,,29,1,0.0,32769,47500920062394,199,19.059078216552734,741.2720937533427,1.320038836701647,16,12658.29651401277,340282346638528860000000000000000000000,1602562560,,,,1,,3,53.040870666503906,14.059078216552734,4.656612873077393,2.0000000474974513,4.656612873077393,2.0000000474974513,,1908093606435960,
Raw,1742897501000,90333000000,,,-1426932628667330889,0.0,17.442035032147377,,,29,20,0.0,32995,47500935816337,60,33.760108947753906,86.48711339420754,0.658186421235956,25,1434.3816042548362,0.003070528618991375,1603124990,,,,0,,3,53.040870666503906,28.760107040405273,4.656612873077393,2.0000000474974513,4.656612873077393,2.0000000474974513,,1908093606435960,
Raw,1742897501000,90333000000,,,-1426932628667330889,0.0,17.442035032147377,,,29,19,0.0,32768,47500928036396,1000000000,14.951942443847656,971.5912465273645,299792458,16,11127.593227809075,340282346638528860000000000000000000000,1603687550,,,,1,,3,53.040870666503906,9.951942443847656,4.656612873077393,2.0000000474974513,4.656612873077393,2.0000000474974513,,1908093606435960,
Raw,1742897501000,90333000000,,,-1426932628667330889,0.0,17.442035032147377,,,29,21,0.0,32995,47500926000958,134,23.95966911315918,-477.804446012605,1.0971355770045932,16,-21146.992379291492,340282346638528860000000000000000000000,1604249980,,,,0,,3,53.040870666503906,18.95966911315918,4.656612873077393,2.0000000474974513,4.656612873077393,2.0000000474974513,,1908093606435960,
Raw,1742897501000,90333000000,,,-1426932628667330889,0.0,17.442035032147377,,,29,8,0.0,16384,209504868014125,1000000000,12.60906982421875,-13.862992327275407,299792458,16,-160.30168779797287,340282346638528860000000000000000000000,1561097980,,,,1,,5,49.67959976196289,7.60906982421875,9.342329576611519,2.500692349107121,9.342329576611519,1.5000000237487257,,1908093606435960,
Raw,1742897501000,90333000000,,,-1426932628667330889,0.0,17.442035032147377,,,29,11,0.0,81955,209504922912394,35,23.15226173400879,731.6834717650413,1.132888207031617,16,8375.927803104107,340282346638528860000000000000000000000,1561097980,,,,1,,5,49.67959976196289,18.15226173400879,9.342329576611519,2.500692349107121,9.342329576611519,1.5000000237487257,,1908093606435960,
Raw,1742897501000,90333000000,,,-1426932628667330889,0.0,17.442035032147377,,,29,13,0.0,16384,209504867590626,1000000000,16.974971771240234,-48.33639166763069,299792458,16,-555.8569212725165,340282346638528860000000000000000000000,1561097980,,,,1,,5,49.67959976196289,11.974971771240234,9.342329576611519,2.500692349107121,9.342329576611519,1.5000000237487257,,1908093606435960,
Raw,1742897501000,90333000000,,,-1426932628667330889,0.0,17.442035032147377,,,29,23,0.0,81967,209504926398176,6,44.22101593017578,546.0184037131621,0.15,25,267841.0958138161,0.0010029543191194534,1561097980,,,,0,,5,49.67959976196289,39.22101593017578,9.342329576611519,2.500692349107121,9.342329576611519,1.5000000237487257,,1908093606435960,
Raw,1742897501000,90333000000,,,-1426932628667330889,0.0,17.442035032147377,,,29,25,0.0,81967,209504916213601,10,38.9610595703125,903.3752779618726,0.15,25,13507.371987569735,0.00183771806769073,1561097980,,,,0,,5,49.67959976196289,33.9610595703125,9.342329576611519,2.500692349107121,9.342329576611519,1.5000000237487257,,1908093606435960,
Raw,1742897501000,90333000000,,,-1426932628667330889,0.0,17.442035032147377,,,29,28,0.0,81967,209504923732679,7,42.77268981933594,-179.6458335702987,0.15,25,-11534.541181619734,0.0011849430156871676,1561097980,,,,0,,5,49.67959976196289,37.77268981933594,9.342329576611519,2.500692349107121,9.342329576611519,1.5000000237487257,,1908093606435960,
Raw,1742897501000,90333000000,,,-1426932628667330889,0.0,17.442035032147377,,,29,34,0.0,16384,209504916536251,1000000000,12.0,878.3235136140852,299792458,16,10056.906691831062,340282346638528860000000000000000000000,1561097980,,,,0,,5,49.67959976196289,7.0,9.342329576611519,2.500692349107121,9.342329576611519,1.5000000237487257,,1908093606435960,
Raw,1742897501000,90333000000,,,-1426932628667330889,0.0,17.442035032147377,,,29,37,0.0,81967,209504924405395,11,36.90727996826172,-29.359064730223068,0.15,25,-454.7898513263314,0.002194783417508006,1561097980,,,,0,,5,49.67959976196289,31.90727996826172,9.342329576611519,2.500692349107121,9.342329576611519,1.5000000237487257,,1908093606435960,
Raw,1742897501000,90333000000,,,-1426932628667330889,0.0,17.442035032147377,,,29,4,0.0,85026,209518909038095,100,18.890464782714844,314.8652532280271,1.3249187521758152,16,3596.721629260018,340282346638528860000000000000000000000,1575420030,,,,1,,6,37.657470703125,13.890464782714844,1.3096723705530164,1.5000000237487257,1.3096723705530164,1.5000000237487257,,1908093606435960,
Raw,1742897501000,90333000000,,,-1426932628667330889,0.0,17.442035032147377,,,29,6,0.0,16384,209518905954892,1000000000,23.930192947387695,103.03695783869512,299792458,16,3.2671306763408046,340282346638528860000000000000000000000,1575420030,,,,0,,6,37.657470703125,18.930192947387695,1.3096723705530164,1.5000000237487257,1.3096723705530164,1.5000000237487257,,1908093606435960,
Raw,1742897501000,90333000000,,,-1426932628667330889,0.0,17.442035032147377,,,29,13,0.0,21546,209518917680992,12,44.98304748535156,-142.63413475979297,0.15,25,-2509.0442984852734,0.0009103603661060333,1575420030,,,,0,,6,37.657470703125,39.98304748535156,1.3096723705530164,1.5000000237487257,1.3096723705530164,1.5000000237487257,,1908093606435960,
Raw,1742897501000,90333000000,,,-1426932628667330889,0.0,17.442035032147377,,,29,15,0.0,83968,209518917585772,1000000000,15.611870765686035,401.38462566733347,299792458,16,7889.80427515735,340282346638528860000000000000000000000,1575420030,,,,0,,6,37.657470703125,10.611870765686035,1.3096723705530164,1.5000000237487257,1.3096723705530164,1.5000000237487257,,1908093606435960,
Raw,1742897501000,90333000000,,,-1426932628667330889,0.0,17.442035032147377,,,29,18,0.0,83968,209518898091183,1000000000,16.690706253051758,-149.66537110229115,299792458,16,-1714.3779756055717,340282346638528860000000000000000000000,1575420030,,,,0,,6,37.657470703125,11.690706253051758,1.3096723705530164,1.5000000237487257,1.3096723705530164,1.5000000237487257,,1908093606435960,
Raw,1742897501000,90333000000,,,-1426932628667330889,0.0,17.442035032147377,,,29,21,0.0,85026,209518920982292,52,26.98651885986328,128.04611911582901,0.9601187098317658,29,1465.047994103299,0.0034074820578098297,1575420030,,,,1,,6,37.657470703125,21.98651885986328,1.3096723705530164,1.5000000237487257,1.3096723705530164,1.5000000237487257,,1908093606435960,
Raw,1742897501000,90333000000,,,-1426932628667330889,0.0,17.442035032147377,,,29,23,0.0,21546,209518910150083,26,35.27505111694336,-152.966887541971,0.5883223113442391,25,-2836.149631691788,0.0026244414038956165,1575420030,,,,0,,6,37.657470703125,30.27505111694336,1.3096723705530164,1.5000000237487257,1.3096723705530164,1.5000000237487257,,1908093606435960,
Raw,1742897501000,90333000000,,,-1426932628667330889,0.0,17.442035032147377,,,29,26,0.0,16384,209518906158368,1000000000,27.598257064819336,-328.4187214660835,299792458,16,-10.526363744974494,340282346638528860000000000000000000000,1575420030,,,,0,,6,37.657470703125,22.598257064819336,1.3096723705530164,1.5000000237487257,1.3096723705530164,1.5000000237487257,,1908093606435960,
Raw,1742897501000,90333000000,,,-1426932628667330889,0.0,17.442035032147377,,,29,27,0.0,85026,209518918331711,35,31.87017059326172,571.3960645102206,0.7414687010664864,25,6539.018790948599,0.00388401560485363,1575420030,,,,0,,6,37.657470703125,26.87017059326172,1.3096723705530164,1.5000000237487257,1.3096723705530164,1.5000000237487257,,1908093606435960,
Raw,1742897501000,90333000000,,,-1426932628667330889,0.0,17.442035032147377,,,29,34,0.0,83968,209518906390687,1000000000,19.989511489868164,805.736810824108,299792458,16,9224.482466275318,340282346638528860000000000000000000000,1575420030,,,,0,,6,37.657470703125,14.989511489868164,1.3096723705530164,1.5000000237487257,1.3096723705530164,1.5000000237487257,,1908093606435960,
Fix,GPS,45.0659963045,7.6464212963,315.9299944494183,0.0,8.0,,1742897501000,0.15682153,,1908093714456844,6.6509113,0,,,
Fix,FLP,45.0660556000,7.6464856000,307.1000061035156,0.02246381,7.187,,1742897501599,0.06351779,,1908093714456844,3.6575136,0,,,
Status,1742897501000,34,0,1,29,1575449980,32.36,31.0,82.0,1,1,1,27.364553
Status,1742897501000,34,1,3,10,1598062460,25.34,19.0,79.0,1,1,1,20.337164
Status,1742897501000,34,2,3,20,1603124990,34.55,160.0,74.0,1,1,1,29.546139
Status,1742897501000,34,3,6,21,1575449980,28.15,314.0,68.0,1,1,1,23.152716
Status,1742897501000,34,4,1,28,1575449980,35.16,252.0,61.0,1,1,1,30.157598
Status,1742897501000,34,5,5,37,1575449980,36.94,302.0,55.0,1,1,1,31.94249
Status,1742897501000,34,6,1,25,1575449980,32.37,102.0,52.0,1,1,1,27.365799
Status,1742897501000,34,7,6,27,1575449980,32.53,93.0,51.0,1,1,1,27.53186
Status,1742897501000,34,8,1,31,1575449980,35.98,294.0,48.0,1,1,1,30.979252
Status,1742897501000,34,9,6,15,1575449980,31.47,68.0,45.0,0,1,1,26.474583
Status,1742897501000,34,10,6,13,1575449980,44.98,150.0,44.0,1,1,1,39.979908
Status,1742897501000,34,11,3,9,1600875010,42.23,123.0,44.0,1,1,1,37.22934
Status,1742897501000,34,12,5,28,1575449980,44.19,209.0,44.0,1,1,1,39.192024
Status,1742897501000,34,13,5,11,1575449980,24.24,51.0,41.0,1,1,1,19.235876
Status,1742897501000,34,14,1,18,1575449980,41.93,175.0,31.0,1,1,1,36.930336
Status,1742897501000,34,15,3,19,1603687550,18.56,34.0,31.0,0,1,1,13.563201
Status,1742897501000,34,16,3,11,1602000000,19.61,319.0,30.0,0,1,1,14.608304
Status,1742897501000,34,17,1,26,1575449980,34.28,297.0,25.0,1,1,1,29.283813
Status,1742897501000,34,18,3,21,1604249980,30.93,202.0,24.0,1,1,1,25.933792
Status,1742897501000,34,19,5,13,1575449980,18.15,83.0,20.0,0,1,1,13.154074
Status,1742897501000,34,20,6,23,1575449980,35.94,291.0,18.0,1,1,1,30.939402
Status,1742897501000,34,21,5,25,1575449980,38.97,137.0,16.0,1,1,1,33.973785
Status,1742897501000,34,22,1,12,1575449980,31.23,104.0,16.0,1,1,1,26.233585
Status,1742897501000,34,23,6,4,1575449980,24.57,309.0,15.0,1,1,1,19.573336
Status,1742897501000,34,24,1,20,1575449980,20.22,60.0,14.0,0,1,1,15.220005
Status,1742897501000,34,25,1,11,1575449980,23.41,36.0,11.0,0,1,1,18.406565
Status,1742897501000,34,26,1,5,1575449980,24.87,95.0,9.0,1,1,1,19.873596
Status,1742897501000,34,27,6,18,1575449980,23.44,241.0,7.0,0,0,1,18.44497
Status,1742897501000,34,28,3,2,1599750020,24.21,348.0,7.0,0,1,1,19.209013
Status,1742897501000,34,29,6,34,1575449980,25.05,30.0,7.0,0,1,1,20.049187
Status,1742897501000,34,30,6,6,1575449980,27.19,332.0,6.0,0,1,1,22.18928
Status,1742897501000,34,31,6,26,1575449980,27.64,188.0,6.0,0,1,1,22.635197
Status,1742897501000,34,32,3,1,1602562560,22.84,302.0,6.0,0,1,1,17.838963
Status,1742897501000,34,33,5,23,1575449980,44.55,150.0,68.0,0,1,0,39.546185
Fix,GPS,45.0659963045,7.6464212963,316.4052295886267,0.0,8.0,,1742897502000,0.1603437,,1908094721755882,6.491124,0,,,
Raw,1742897502000,91333000000,,,-1426932628667329893,0.0,17.16556749951668,,,29,5,0.0,16385,209519917679397,62,24.859905242919922,-182.18197732507406,1.0587536052779707,16,-2737.0422747006155,340282346638528860000000000000000000000,1575420030,,,,0,,1,37.42583465576172,19.859905242919922,-0.37834980195649376,1.0,-0.37834980195649376,1.0,,1908094613207805,
Raw,1742897502000,91333000000,,,-1426932628667329893,0.0,17.16556749951668,,,29,11,0.0,16384,209519917415892,1000000000,21.099166870117188,880.5481437162421,299792458,16,10964.921879853773,340282346638528860000000000000000000000,1575420030,,,,0,,1,37.42583465576172,16.099166870117188,-0.20372681261465636,1.0,-0.20372681261465636,1.0,,1908094613207805,
Raw,1742897502000,91333000000,,,-1426932628667329893,0.0,17.16556749951668,,,29,12,0.0,16431,209519919606417,37,31.233585357666016,908.2421845884169,0.7724831373965628,17,11312.970600436902,0.09932620046947872,1575420030,,,,0,,1,37.42583465576172,26.233585357666016,-0.6984919076624261,1.0,-0.6984919076624261,1.0,,1908094613207805,
Raw,1742897502000,91333000000,,,-1426932628667329893,0.0,17.16556749951668,,,29,18,0.0,16431,209519923457710,16,41.16917419433594,-346.12401231037916,0.15,25,-26476.9396816047,0.0014122353168204427,1575420030,,,,0,,1,37.42583465576172,36.16917419433594,-0.08731148845780326,1.0,-0.08731148845780326,1.0,,1908094613207805,
Raw,1742897502000,91333000000,,,-1426932628667329893,0.0,17.16556749951668,,,29,20,0.0,16384,209519919228305,1000000000,17.94338035583496,195.12030834657855,299792458,16,2684.7971197375127,340282346638528860000000000000000000000,1575420030,,,,1,,1,37.42583465576172,12.943380355834961,0.0,1.0,0.0,1.0,,1908094613207805,
Raw,1742897502000,91333000000,,,-1426932628667329893,0.0,17.16556749951668,,,29,25,0.0,16431,209519930264194,34,32.095130920410156,708.4848387433121,0.732059879479956,25,9869.341414191591,0.00378471240401268,1575420030,,,,0,,1,37.42583465576172,27.095130920410156,-1.8917489103726217,1.0,-1.8917489103726217,1.0,,1908094613207805,
Raw,1742897502000,91333000000,,,-1426932628667329893,0.0,17.16556749951668,,,29,26,0.0,16431,209519923612307,34,32.102142333984375,-274.113337118094,0.7305479364428416,25,-4380.960860093274,0.0037816581316292286,1575420030,,,,0,,1,37.42583465576172,27.102144241333008,-0.8440110737314445,1.0,-0.8440110737314445,1.0,,1908094613207805,
Raw,1742897502000,91333000000,,,-1426932628667329893,0.0,17.16556749951668,,,29,28,0.0,16431,209519930289336,44,29.179458618164062,381.7564367084774,0.8631788174918897,29,6079.047525567131,0.005294397473335266,1575420030,,,,1,,1,37.42583465576172,24.179458618164062,-0.34924595383121304,1.0,-0.34924595383121304,1.0,,1908094613207805,
Raw,1742897502000,91333000000,,,-1426932628667329893,0.0,17.16556749951668,,,29,29,0.0,16431,209519932312113,34,32.14171600341797,383.9240468608716,0.7303334566090203,25,5722.486515823515,0.0037644694093614817,1575420030,,,,0,,1,37.42583465576172,27.141714096069336,-0.9604263668227204,1.0,-0.9604263668227204,1.0,,1908094613207805,
Raw,1742897502000,91333000000,,,-1426932628667329893,0.0,17.16556749951668,,,29,31,0.0,16431,209519928859249,26,35.460350036621094,62.54729345078388,0.5804768893160968,25,976.7887722468042,0.002569045638665557,1575420030,,,,0,,1,37.42583465576172,30.460351943969727,-0.2619344840127561,1.0,-0.2619344840127561,1.0,,1908094613207805,
Raw,1742897502000,91333000000,,,-1426932628667329893,0.0,17.16556749951668,,,29,10,0.0,32769,47501935848809,124,24.927045822143555,213.09345321668695,1.0554050039246046,16,3871.928101734147,340282346638528860000000000000000000000,1598062460,,,,0,,3,55.70020294189453,19.927045822143555,4.656612873077393,2.0000000474974513,4.656612873077393,2.0000000474974513,,1908094613207805,
Raw,1742897502000,91333000000,,,-1426932628667329893,0.0,17.16556749951668,,,29,2,0.0,32768,47501920391734,1000000000,24.209012985229492,202.46928691062476,299792458,16,2512.8227585978248,340282346638528860000000000000000000000,1599750020,,,,0,,3,55.70020294189453,19.209012985229492,4.656612873077393,2.0000000474974513,4.656612873077393,2.0000000474974513,,1908094613207805,
Raw,1742897502000,91333000000,,,-1426932628667329893,0.0,17.16556749951668,,,29,9,0.0,32995,47501931673590,33,41.24175262451172,795.8531710921452,0.15,25,20467.8447863955,0.0013782150344923139,1600875010,,,,0,,3,55.70020294189453,36.24175262451172,4.656612873077393,2.0000000474974513,4.656612873077393,2.0000000474974513,,1908094613207805,
Raw,1742897502000,91333000000,,,-1426932628667329893,0.0,17.16556749951668,,,29,11,0.0,32768,47501927694599,1000000000,18.48773765563965,-356.21361232710933,299792458,16,-7675.760655655145,340282346638528860000000000000000000000,1602000000,,,,0,,3,55.70020294189453,13.487737655639648,4.656612873077393,2.0000000474974513,4.656612873077393,2.0000000474974513,,1908094613207805,
Raw,1742897502000,91333000000,,,-1426932628667329893,0.0,17.16556749951668,,,29,1,0.0,32769,47501920060204,233,18.19886016845703,741.1942494226446,299.7960699834882,16,13398.704041508914,340282346638528860000000000000000000000,1602562560,,,,1,,3,55.70020294189453,13.198860168457031,4.656612873077393,2.0000000474974513,4.656612873077393,2.0000000474974513,,1908094613207805,
Raw,1742897502000,91333000000,,,-1426932628667329893,0.0,17.16556749951668,,,29,20,0.0,32995,47501935816021,57,34.546138763427734,86.67137167478398,0.6228393857550132,25,1520.9485781554536,0.002804861869663,1603124990,,,,0,,3,55.70020294189453,29.546138763427734,4.656612873077393,2.0000000474974513,4.656612873077393,2.0000000474974513,,1908094613207805,
Raw,1742897502000,91333000000,,,-1426932628667329893,0.0,17.16556749951668,,,29,19,0.0,32768,47501928033154,1000000000,14.812185287475586,971.6823148511935,299792458,16,12099.325876032382,340282346638528860000000000000000000000,1603687550,,,,1,,3,55.70020294189453,9.812185287475586,4.656612873077393,2.0000000474974513,4.656612873077393,2.0000000474974513,,1908094613207805,
Raw,1742897502000,91333000000,,,-1426932628667329893,0.0,17.16556749951668,,,29,21,0.0,32995,47501926002508,115,25.79790687561035,-477.7741126262997,1.0144723064771988,16,-21625.241507364168,340282346638528860000000000000000000000,1604249980,,,,1,,3,55.70020294189453,20.79790687561035,4.656612873077393,2.0000000474974513,4.656612873077393,2.0000000474974513,,1908094613207805,
Raw,1742897502000,91333000000,,,-1426932628667329893,0.0,17.16556749951668,,,29,8,0.0,16384,209505868014371,1000000000,12.0,-13.862992327275407,299792458,16,-173.36849342963015,340282346638528860000000000000000000000,1561097980,,,,1,,5,50.411476135253906,7.0,9.342329576611519,2.500692349107121,9.342329576611519,1.5000000237487257,,1908094613207805,
Raw,1742897502000,91333000000,,,-1426932628667329893,0.0,17.16556749951668,,,29,11,0.0,81955,209505922909955,34,23.620716094970703,731.5438018582108,1.1118217874010297,16,9107.551893949487,340282346638528860000000000000000000000,1561097980,,,,0,,5,50.411476135253906,18.620716094970703,9.342329576611519,2.500692349107121,9.342329576611519,1.5000000237487257,,1908094613207805,
Raw,1742897502000,91333000000,,,-1426932628667329893,0.0,17.16556749951668,,,29,13,0.0,16384,209505867590743,1000000000,14.373132705688477,-48.33639166763069,299792458,16,-604.4613772257816,340282346638528860000000000000000000000,1561097980,,,,1,,5,50.411476135253906,9.373132705688477,9.342329576611519,2.500692349107121,9.342329576611519,1.5000000237487257,,1908094613207805,
Raw,1742897502000,91333000000,,,-1426932628667329893,0.0,17.16556749951668,,,29,23,0.0,81967,209505926396367,6,44.231327056884766,546.0956004771863,0.15,25,268387.1851814847,0.0010017643216997385,1561097980,,,,0,,5,50.411476135253906,39.231327056884766,9.342329576611519,2.500692349107121,9.342329576611519,1.5000000237487257,,1908094613207805,
Raw,1742897502000,91333000000,,,-1426932628667329893,0.0,17.16556749951668,,,29,25,0.0,81967,209505916210616,10,38.973785400390625,903.426674306309,0.15,25,14410.805365336728,0.0018350279424339533,1561097980,,,,0,,5,50.411476135253906,33.973785400390625,9.342329576611519,2.500692349107121,9.342329576611519,1.5000000237487257,,1908094613207805,
Raw,1742897502000,91333000000,,,-1426932628667329893,0.0,17.16556749951668,,,29,28,0.0,81967,209505923733272,7,42.394569396972656,-179.60761009530836,0.15,25,-11714.129521061315,0.0012376660015434027,1561097980,,,,0,,5,50.411476135253906,37.394569396972656,9.342329576611519,2.500692349107121,9.342329576611519,1.5000000237487257,,1908094613207805,
Raw,1742897502000,91333000000,,,-1426932628667329893,0.0,17.16556749951668,,,29,34,0.0,16384,209505916533314,1000000000,12.0,878.3235136140852,299792458,16,10935.598932531004,340282346638528860000000000000000000000,1561097980,,,,0,,5,50.411476135253906,7.0,9.342329576611519,2.500692349107121,9.342329576611519,1.5000000237487257,,1908094613207805,
Raw,1742897502000,91333000000,,,-1426932628667329893,0.0,17.16556749951668,,,29,37,0.0,81967,209505924405483,11,36.94248962402344,-29.308475713975554,0.15,25,-484.12822781938047,0.0021859044209122658,1561097980,,,,0,,5,50.411476135253906,31.942489624023438,9.342329576611519,2.500692349107121,9.342329576611519,1.5000000237487257,,1908094613207805,
Raw,1742897502000,91333000000,,,-1426932628667329893,0.0,17.16556749951668,,,29,4,0.0,85026,209519909037038,100,18.897613525390625,315.060102631968,1.3245968327231896,16,3911.6896621749447,340282346638528860000000000000000000000,1575420030,,,,1,,6,37.42583465576172,13.897614479064941,1.3096723705530164,1.5000000237487257,1.3096723705530164,1.5000000237487257,,1908094613207805,
Raw,1742897502000,91333000000,,,-1426932628667329893,0.0,17.16556749951668,,,29,6,0.0,16384,209519905954544,1000000000,23.394485473632812,103.22260497937486,299792458,16,3.2770965254029214,340282346638528860000000000000000000000,1575420030,,,,0,,6,37.42583465576172,18.394485473632812,1.3096723705530164,1.5000000237487257,1.3096723705530164,1.5000000237487257,,1908094613207805,
Raw,1742897502000,91333000000,,,-1426932628667329893,0.0,17.16556749951668,,,29,13,0.0,21546,209519917681477,12,44.95165252685547,-142.56330289452444,0.15,25,-2651.6251459935424,0.0009136567241512239,1575420030,,,,0,,6,37.42583465576172,39.95165252685547,1.3096723705530164,1.5000000237487257,1.3096723705530164,1.5000000237487257,,1908094613207805,
Raw,1742897502000,91333000000,,,-1426932628667329893,0.0,17.16556749951668,,,29,15,0.0,16384,209519917584434,1000000000,31.47458267211914,401.3800245357029,299792458,16,1090.3101442439204,340282346638528860000000000000000000000,1575420030,,,,0,,6,37.42583465576172,26.47458267211914,1.3096723705530164,1.5000000237487257,1.3096723705530164,1.5000000237487257,,1908094613207805,
Raw,1742897502000,91333000000,,,-1426932628667329893,0.0,17.16556749951668,,,29,18,0.0,16384,209519898091683,1000000000,18.333656311035156,-149.63565120020326,299792458,16,-186.11973021905573,340282346638528860000000000000000000000,1575420030,,,,0,,6,37.42583465576172,13.333657264709473,1.3096723705530164,1.5000000237487257,1.3096723705530164,1.5000000237487257,,1908094613207805,
Raw,1742897502000,91333000000,,,-1426932628667329893,0.0,17.16556749951668,,,29,21,0.0,85026,209519920981812,47,28.1527156829834,128.06424246208502,0.9076760606070366,25,1593.1582131631317,0.005958729423582554,1575420030,,,,1,,6,37.42583465576172,23.1527156829834,1.3096723705530164,1.5000000237487257,1.3096723705530164,1.5000000237487257,,1908094613207805,
Raw,1742897502000,91333000000,,,-1426932628667329893,0.0,17.16556749951668,,,29,23,0.0,21546,209519910150595,31,33.427154541015625,-152.96956301480805,0.6714203994614909,25,-2989.0787803483763,0.003246622858569026,1575420030,,,,0,,6,37.42583465576172,28.427152633666992,1.3096723705530164,1.5000000237487257,1.3096723705530164,1.5000000237487257,,1908094613207805,
Raw,1742897502000,91333000000,,,-1426932628667329893,0.0,17.16556749951668,,,29,26,0.0,84002,209519906159405,1000000000,25.939838409423828,-328.4188577959096,299792458,16,-273.21521981317255,340282346638528860000000000000000000000,1575420030,,,,0,,6,37.42583465576172,20.939838409423828,1.3096723705530164,1.5000000237487257,1.3096723705530164,1.5000000237487257,,1908094613207805,
Raw,1742897502000,91333000000,,,-1426932628667329893,0.0,17.16556749951668,,,29,27,0.0,85026,209519918329801,33,32.5318603515625,571.4105495542428,0.7117129192050298,25,7110.465886978137,0.0035991212353110313,1575420030,,,,0,,6,37.42583465576172,27.5318603515625,1.3096723705530164,1.5000000237487257,1.3096723705530164,1.5000000237487257,,1908094613207805,
Raw,1742897502000,91333000000,,,-1426932628667329893,0.0,17.16556749951668,,,29,34,0.0,83968,209519906387995,1000000000,19.296037673950195,805.7356520205863,299792458,16,10030.410437466498,340282346638528860000000000000000000000,1575420030,,,,0,,6,37.42583465576172,14.296037673950195,1.3096723705530164,1.5000000237487257,1.3096723705530164,1.5000000237487257,,1908094613207805,
Fix,FLP,45.0660524000,7.6464820000,307.1000061035156,0.02393053,6.626,,1742897502606,0.059154604,,1908094721755882,3.6675868,0,,,
Status,1742897502000,33,0,1,29,1575449980,32.35,31.0,81.0,1,1,1,27.351265
Status,1742897502000,33,1,3,10,1598062460,25.19,19.0,79.0,1,1,1,20.187933
Status,1742897502000,33,2,3,20,1603124990,35.00,160.0,74.0,1,1,1,30.004524
Status,1742897502000,33,3,6,21,1575449980,28.19,314.0,68.0,1,1,1,23.189384
Status,1742897502000,33,4,1,28,1575449980,34.19,252.0,61.0,0,1,1,29.185919
Status,1742897502000,33,5,5,37,1575449980,37.04,302.0,55.0,1,1,1,32.039318
Status,1742897502000,33,6,1,25,1575449980,33.01,102.0,52.0,1,1,1,28.014027
Status,1742897502000,33,7,6,27,1575449980,33.05,93.0,51.0,1,1,1,28.053205
Status,1742897502000,33,8,1,31,1575449980,35.95,294.0,48.0,1,1,1,30.95346
Status,1742897502000,33,9,6,15,1575449980,31.08,68.0,45.0,0,1,1,26.084366
Status,1742897502000,33,10,6,13,1575449980,45.06,150.0,44.0,1,1,1,40.05801
Status,1742897502000,33,11,3,9,1600875010,42.16,123.0,44.0,1,1,1,37.160492
Status,1742897502000,33,12,5,28,1575449980,44.13,209.0,44.0,1,1,1,39.127163
Status,1742897502000,33,13,5,11,1575449980,24.70,51.0,41.0,1,1,1,19.7008
Status,1742897502000,33,14,1,18,1575449980,41.85,175.0,31.0,1,1,1,36.851963
Status,1742897502000,33,15,3,19,1603687550,18.10,34.0,31.0,0,1,1,13.1020775
Status,1742897502000,33,16,3,11,1602000000,19.58,319.0,30.0,0,1,1,14.582332
Status,1742897502000,33,17,1,26,1575449980,34.09,297.0,25.0,1,1,1,29.089695
Status,1742897502000,33,18,3,21,1604249980,30.45,202.0,24.0,1,1,1,25.45302
Status,1742897502000,33,19,6,23,1575449980,35.19,291.0,18.0,0,1,1,30.190825
Status,1742897502000,33,20,5,25,1575449980,38.96,137.0,16.0,1,1,1,33.96118
Status,1742897502000,33,21,1,12,1575449980,31.18,104.0,16.0,1,1,1,26.177076
Status,1742897502000,33,22,6,4,1575449980,24.02,309.0,15.0,1,1,1,19.021564
Status,1742897502000,33,23,1,20,1575449980,19.95,60.0,14.0,0,1,1,14.953175
Status,1742897502000,33,24,1,11,1575449980,23.13,36.0,11.0,0,1,1,18.128077
Status,1742897502000,33,25,1,5,1575449980,24.72,95.0,9.0,1,1,1,19.72042
Status,1742897502000,33,26,6,18,1575449980,22.99,241.0,7.0,0,0,1,17.989143
Status,1742897502000,33,27,3,2,1599750020,24.37,348.0,7.0,1,1,1,19.371893
Status,1742897502000,33,28,6,34,1575449980,24.72,30.0,7.0,0,1,1,19.717745
Status,1742897502000,33,29,6,6,1575449980,26.61,332.0,6.0,0,1,1,21.608759
Status,1742897502000,33,30,6,26,1575449980,27.40,188.0,6.0,0,1,1,22.402582
Status,1742897502000,33,31,3,1,1602562560,22.34,302.0,6.0,0,1,1,17.34226
Status,1742897502000,33,32,5,23,1575449980,44.55,150.0,68.0,0,1,0,39.551132
Fix,GPS,45.0659963045,7.6464212963,316.7962280536839,0.0,8.0,,1742897503000,0.16400719,,1908095720210958,6.350968,0,,,
Raw,1742897503000,92333000000,,,-1426932628667328897,0.0,16.927435585012216,,,29,5,0.0,16385,209520917680024,70,23.341848373413086,-182.2088513420423,1.1270189683761167,16,-2919.3021615319944,340282346638528860000000000000000000000,1575420030,,,,0,,1,37.883094787597656,18.341848373413086,-0.37834980195649376,1.0,-0.37834980195649376,1.0,,1908095611646651,
Raw,1742897503000,92333000000,,,-1426932628667328897,0.0,16.927435585012216,,,29,11,0.0,16384,209520917412908,1000000000,20.621688842773438,880.5481437162421,299792458,16,11845.99233058732,340282346638528860000000000000000000000,1575420030,,,,0,,1,37.883094787597656,15.621688842773438,-0.20372681261465636,1.0,-0.20372681261465636,1.0,,1908095611646651,
Raw,1742897503000,92333000000,,,-1426932628667328897,0.0,16.927435585012216,,,29,12,0.0,16431,209520919603380,39,30.668500900268555,908.4867602964246,0.7978936723205527,25,12221.45101577388,0.004460303112864494,1575420030,,,,0,,1,37.883094787597656,25.668500900268555,-0.6984919076624261,1.0,-0.6984919076624261,1.0,,1908095611646651,
Raw,1742897503000,92333000000,,,-1426932628667328897,0.0,16.927435585012216,,,29,18,0.0,16431,209520923458865,16,41.14662170410156,-346.1593558177933,0.15,25,-26823.131693560023,0.0014159067068248987,1575420030,,,,0,,1,37.883094787597656,36.14662170410156,-0.08731148845780326,1.0,-0.08731148845780326,1.0,,1908095611646651,
Raw,1742897503000,92333000000,,,-1426932628667328897,0.0,16.927435585012216,,,29,20,0.0,16384,209520919227761,1000000000,17.55170440673828,195.3059554872583,299792458,16,2881.034561112345,340282346638528860000000000000000000000,1575420030,,,,1,,1,37.883094787597656,12.551704406738281,0.0,1.0,0.0,1.0,,1908095611646651,
Raw,1742897503000,92333000000,,,-1426932628667328897,0.0,16.927435585012216,,,29,25,0.0,16431,209520930261818,32,33.0140266418457,708.5634328880537,0.69073769677256,25,10577.808610743396,0.0034047728404402733,1575420030,,,,0,,1,37.883094787597656,28.014026641845703,-1.8917489103726217,1.0,-1.8917489103726217,1.0,,1908095611646651,
Raw,1742897503000,92333000000,,,-1426932628667328897,0.0,16.927435585012216,,,29,26,0.0,16431,209520923613241,34,32.342628479003906,-274.1323892112903,0.7197338791977241,25,-4655.143560059762,0.0036783928517252207,1575420030,,,,0,,1,37.883094787597656,27.342626571655273,-0.8440110737314445,1.0,-0.8440110737314445,1.0,,1908095611646651,
Raw,1742897503000,92333000000,,,-1426932628667328897,0.0,16.927435585012216,,,29,28,0.0,16430,209520930288079,1000000000,25.44080352783203,380.8258833980351,299792458,16,6459.348638940303,340282346638528860000000000000000000000,1575420030,,,,1,,1,37.883094787597656,20.44080352783203,-0.34924595383121304,1.0,-0.34924595383121304,1.0,,1908095611646651,
Raw,1742897503000,92333000000,,,-1426932628667328897,0.0,16.927435585012216,,,29,29,0.0,16431,209520932310825,34,32.2316780090332,383.8752067006744,0.7262876293774903,25,6106.330174157807,0.003725679824128747,1575420030,,,,0,,1,37.883094787597656,27.231678009033203,-0.9604263668227204,1.0,-0.9604263668227204,1.0,,1908095611646651,
Raw,1742897503000,92333000000,,,-1426932628667328897,0.0,16.927435585012216,,,29,31,0.0,16431,209520928859043,26,35.721343994140625,62.62806035212881,0.5687404090240329,25,1039.3107192505902,0.0024929996579885483,1575420030,,,,0,,1,37.883094787597656,30.721343994140625,-0.2619344840127561,1.0,-0.2619344840127561,1.0,,1908095611646651,
Raw,1742897503000,92333000000,,,-1426932628667328897,0.0,16.927435585012216,,,29,10,0.0,32769,47502935848100,135,23.8448486328125,213.18431704577677,1.104070092128325,16,4085.64676356421,340282346638528860000000000000000000000,1598062460,,,,0,,3,54.68907165527344,18.8448486328125,4.656612873077393,2.0000000474974513,4.656612873077393,2.0000000474974513,,1908095611646651,
Raw,1742897503000,92333000000,,,-1426932628667328897,0.0,16.927435585012216,,,29,2,0.0,32769,47502920391125,129,24.37189292907715,203.09911366593803,1.0811866515343653,16,2715.251857699737,340282346638528860000000000000000000000,1599750020,,,,0,,3,54.68907165527344,19.37189292907715,4.656612873077393,2.0000000474974513,4.656612873077393,2.0000000474974513,,1908095611646651,
Raw,1742897503000,92333000000,,,-1426932628667328897,0.0,16.927435585012216,,,29,9,0.0,32995,47502931670923,33,41.54087448120117,795.903613127799,0.15,25,21263.683043526762,0.0013315604301169515,1600875010,,,,0,,3,54.68907165527344,36.54087448120117,4.656612873077393,2.0000000474974513,4.656612873077393,2.0000000474974513,,1908095611646651,
Raw,1742897503000,92333000000,,,-1426932628667328897,0.0,16.927435585012216,,,29,11,0.0,32768,47502927695886,1000000000,19.34857749938965,-356.21361232710933,299792458,16,-8031.433659358289,340282346638528860000000000000000000000,1602000000,,,,0,,3,54.68907165527344,14.348577499389648,4.656612873077393,2.0000000474974513,4.656612873077393,2.0000000474974513,,1908095611646651,
Raw,1742897503000,92333000000,,,-1426932628667328897,0.0,16.927435585012216,,,29,1,0.0,32768,47502920057379,1000000000,17.871946334838867,740.5319591274933,299792458,16,14140.609355977265,340282346638528860000000000000000000000,1602562560,,,,1,,3,54.68907165527344,12.871946334838867,4.656612873077393,2.0000000474974513,4.656612873077393,2.0000000474974513,,1908095611646651,
Raw,1742897503000,92333000000,,,-1426932628667328897,0.0,16.927435585012216,,,29,20,0.0,32995,47502935815762,55,35.00452423095703,86.76975068553708,0.6022262894230983,25,1607.6220314685686,0.0026606773026287556,1603124990,,,,0,,3,54.68907165527344,30.00452423095703,4.656612873077393,2.0000000474974513,4.656612873077393,2.0000000474974513,,1908095611646651,
Raw,1742897503000,92333000000,,,-1426932628667328897,0.0,16.927435585012216,,,29,19,0.0,32768,47502928029904,1000000000,13.951969146728516,971.7734513399355,299792458,16,13071.467246246457,340282346638528860000000000000000000000,1603687550,,,,1,,3,54.68907165527344,8.951969146728516,4.656612873077393,2.0000000474974513,4.656612873077393,2.0000000474974513,,1908095611646651,
Raw,1742897503000,92333000000,,,-1426932628667328897,0.0,16.927435585012216,,,29,21,0.0,32995,47502926003989,112,26.126079559326172,-477.67943156207934,0.9997150687739071,16,-22102.914652683485,340282346638528860000000000000000000000,1604249980,,,,0,,3,54.68907165527344,21.126079559326172,4.656612873077393,2.0000000474974513,4.656612873077393,2.0000000474974513,,1908095611646651,
Raw,1742897503000,92333000000,,,-1426932628667328897,0.0,16.927435585012216,,,29,8,0.0,16384,209506868014414,1000000000,12.0,-13.862992327275407,299792458,16,-187.97298892386527,340282346638528860000000000000000000000,1561097980,,,,1,,5,51.712730407714844,7.0,9.342329576611519,2.500692349107121,9.342329576611519,1.5000000237487257,,1908095611646651,
Raw,1742897503000,92333000000,,,-1426932628667328897,0.0,16.927435585012216,,,29,11,0.0,81955,209506922907497,31,24.7007999420166,731.6490484839533,1.0632512247603216,16,9839.1903650585,340282346638528860000000000000000000000,1561097980,,,,0,,5,51.712730407714844,19.7007999420166,9.342329576611519,2.500692349107121,9.342329576611519,1.5000000237487257,,1908095611646651,
Raw,1742897503000,92333000000,,,-1426932628667328897,0.0,16.927435585012216,,,29,13,0.0,16384,209506867590897,1000000000,12.0,-48.33639166763069,299792458,16,-652.2132699454191,340282346638528860000000000000000000000,1561097980,,,,1,,5,51.712730407714844,7.0,9.342329576611519,2.500692349107121,9.342329576611519,1.5000000237487257,,1908095611646651,
Raw,1742897503000,92333000000,,,-1426932628667328897,0.0,16.927435585012216,,,29,23,0.0,81967,209506926394547,6,44.55113220214844,546.1825107413194,0.15,25,268933.3026955637,0.0009655512403696775,1561097980,,,,0,,5,51.712730407714844,39.55113220214844,9.342329576611519,2.500692349107121,9.342329576611519,1.5000000237487257,,1908095611646651,
Raw,1742897503000,92333000000,,,-1426932628667328897,0.0,16.927435585012216,,,29,25,0.0,81967,209506916207605,10,38.84772872924805,903.3947049620906,0.15,25,15314.207856382196,0.0018618536414578557,1561097980,,,,0,,5,51.712730407714844,33.84772872924805,9.342329576611519,2.500692349107121,9.342329576611519,1.5000000237487257,,1908095611646651,
Raw,1742897503000,92333000000,,,-1426932628667328897,0.0,16.927435585012216,,,29,28,0.0,81967,209506923733866,6,43.543426513671875,-179.52782306458846,0.15,25,-11893.709578809763,0.0010843276977539062,1561097980,,,,0,,5,51.712730407714844,38.543426513671875,9.342329576611519,2.500692349107121,9.342329576611519,1.5000000237487257,,1908095611646651,
Raw,1742897503000,92333000000,,,-1426932628667328897,0.0,16.927435585012216,,,29,34,0.0,16384,209506916530379,1000000000,12.0,878.698216141097,299792458,16,11814.303127032568,340282346638528860000000000000000000000,1561097980,,,,0,,5,51.712730407714844,7.0,9.342329576611519,2.500692349107121,9.342329576611519,1.5000000237487257,,1908095611646651,
Raw,1742897503000,92333000000,,,-1426932628667328897,0.0,16.927435585012216,,,29,37,0.0,81967,209506924405572,11,37.0393180847168,-29.31173697903408,0.15,25,-513.4573978218433,0.0021616716403514147,1561097980,,,,0,,5,51.712730407714844,32.0393180847168,9.342329576611519,2.500692349107121,9.342329576611519,1.5000000237487257,,1908095611646651,
Raw,1742897503000,92333000000,,,-1426932628667328897,0.0,16.927435585012216,,,29,4,0.0,85026,209520909035982,99,19.055614471435547,315.4236261132403,1.31749170561495,16,4227.224659157734,340282346638528860000000000000000000000,1575420030,,,,1,,6,37.883094787597656,14.055615425109863,1.3096723705530164,1.5000000237487257,1.3096723705530164,1.5000000237487257,,1908095611646651,
Raw,1742897503000,92333000000,,,-1426932628667328897,0.0,16.927435585012216,,,29,6,0.0,16384,209520905954196,1000000000,21.384075164794922,103.59391630196262,299792458,16,3.268769984711546,340282346638528860000000000000000000000,1575420030,,,,0,,6,37.883094787597656,16.384075164794922,1.3096723705530164,1.5000000237487257,1.3096723705530164,1.5000000237487257,,1908095611646651,
Raw,1742897503000,92333000000,,,-1426932628667328897,0.0,16.927435585012216,,,29,13,0.0,21546,209520917681947,12,45.05801010131836,-142.51034727770212,0.15,25,-2794.199009294384,0.0009025373146869242,1575420030,,,,0,,6,37.883094787597656,40.05801010131836,1.3096723705530164,1.5000000237487257,1.3096723705530164,1.5000000237487257,,1908095611646651,
Raw,1742897503000,92333000000,,,-1426932628667328897,0.0,16.927435585012216,,,29,15,0.0,16418,209520917583110,1000000000,27.572416305541992,401.3798882058768,299792458,16,1411.4776351192625,340282346638528860000000000000000000000,1575420030,,,,0,,6,37.883094787597656,22.572416305541992,1.3096723705530164,1.5000000237487257,1.3096723705530164,1.5000000237487257,,1908095611646651,
Raw,1742897503000,92333000000,,,-1426932628667328897,0.0,16.927435585012216,,,29,18,0.0,16384,209520898092182,1000000000,18.886709213256836,-149.4500040595235,299792458,16,-186.12926522523483,340282346638528860000000000000000000000,1575420030,,,,0,,6,37.883094787597656,13.886709213256836,1.3096723705530164,1.5000000237487257,1.3096723705530164,1.5000000237487257,,1908095611646651,
Raw,1742897503000,92333000000,,,-1426932628667328897,0.0,16.927435585012216,,,29,21,0.0,85026,209520920981403,47,28.18938446044922,128.15197922578886,0.9060270555035541,29,1721.2598634664837,0.005933626554906368,1575420030,,,,1,,6,37.883094787597656,23.18938446044922,1.3096723705530164,1.5000000237487257,1.3096723705530164,1.5000000237487257,,1908095611646651,
Raw,1742897503000,92333000000,,,-1426932628667328897,0.0,16.927435585012216,,,29,23,0.0,20522,209520910151110,1000000000,28.45362663269043,-152.65566359023296,299792458,29,-3142.057304701691,0.0057558324187994,1575420030,,,,0,,6,37.883094787597656,23.45362663269043,1.3096723705530164,1.5000000237487257,1.3096723705530164,1.5000000237487257,,1908095611646651,
Raw,1742897503000,92333000000,,,-1426932628667328897,0.0,16.927435585012216,,,29,26,0.0,84002,209520906160492,1000000000,25.309049606323242,-328.4188577959096,299792458,16,-601.4710887174527,340282346638528860000000000000000000000,1575420030,,,,0,,6,37.883094787597656,20.309049606323242,1.3096723705530164,1.5000000237487257,1.3096723705530164,1.5000000237487257,,1908095611646651,
Raw,1742897503000,92333000000,,,-1426932628667328897,0.0,16.927435585012216,,,29,27,0.0,85026,209520918327898,32,33.05320739746094,571.4738065935492,0.6882682497225079,25,7681.888476010454,0.0033894500229507685,1575420030,,,,0,,6,37.883094787597656,28.053205490112305,1.3096723705530164,1.5000000237487257,1.3096723705530164,1.5000000237487257,,1908095611646651,
Raw,1742897503000,92333000000,,,-1426932628667328897,0.0,16.927435585012216,,,29,34,0.0,16384,209520906385309,1000000000,21.73476791381836,806.1018339334673,299792458,16,992.9505411649408,340282346638528860000000000000000000000,1575420030,,,,0,,6,37.883094787597656,16.73476791381836,1.3096723705530164,1.5000000237487257,1.3096723705530164,1.5000000237487257,,1908095611646651,
Fix,FLP,45.0660502000,7.6464789000,307.1000061035156,0.061217397,6.455,,1742897503605,0.08636658,,1908095720210958,3.6775713,0,,,
Status,1742897503000,33,0,1,29,1575449980,32.30,31.0,81.0,0,1,1,27.298082
Status,1742897503000,33,1,3,10,1598062460,25.01,19.0,79.0,1,1,1,20.006012
Status,1742897503000,33,2,3,20,1603124990,34.97,160.0,74.0,1,1,1,29.96897
Status,1742897503000,33,3,6,21,1575449980,28.25,314.0,68.0,0,1,1,23.249603
Status,1742897503000,33,4,1,28,1575449980,32.94,252.0,61.0,1,1,1,27.939547
Status,1742897503000,33,5,5,37,1575449980,37.23,302.0,55.0,1,1,1,32.22876
Status,1742897503000,33,6,1,25,1575449980,33.00,102.0,52.0,1,1,1,27.999838
Status,1742897503000,33,7,6,27,1575449980,33.01,93.0,51.0,0,1,1,28.013956
Status,1742897503000,33,8,1,31,1575449980,36.45,294.0,48.0,1,1,1,31.448902
Status,1742897503000,33,9,6,15,1575449980,30.55,68.0,45.0,0,1,1,25.550781
Status,1742897503000,33,10,6,13,1575449980,45.28,150.0,44.0,1,1,1,40.27677
Status,1742897503000,33,11,3,9,1600875010,42.16,123.0,44.0,1,1,1,37.15631
Status,1742897503000,33,12,5,28,1575449980,44.08,209.0,44.0,1,1,1,39.0762
Status,1742897503000,33,13,5,11,1575449980,24.90,51.0,41.0,1,1,1,19.899271
Status,1742897503000,33,14,1,18,1575449980,41.76,175.0,31.0,1,1,1,36.756657
Status,1742897503000,33,15,3,19,1603687550,17.85,34.0,31.0,0,1,1,12.853587
Status,1742897503000,33,16,3,11,1602000000,19.97,319.0,30.0,0,1,1,14.972963
Status,1742897503000,33,17,1,26,1575449980,34.02,297.0,25.0,1,1,1,29.018784
Status,1742897503000,33,18,3,21,1604249980,29.95,202.0,24.0,0,1,1,24.951508
Status,1742897503000,33,19,6,23,1575449980,34.16,291.0,18.0,1,1,1,29.161348
Status,1742897503000,33,20,5,25,1575449980,39.73,137.0,16.0,1,1,1,34.73047
Status,1742897503000,33,21,1,12,1575449980,31.07,104.0,16.0,1,1,1,26.070654
Status,1742897503000,33,22,6,4,1575449980,23.58,309.0,15.0,0,1,1,18.584955
Status,1742897503000,33,23,1,20,1575449980,19.74,60.0,14.0,0,1,1,14.736538
Status,1742897503000,33,24,1,11,1575449980,22.85,36.0,11.0,0,1,1,17.845387
Status,1742897503000,33,25,1,5,1575449980,24.46,95.0,9.0,1,1,1,19.458937
Status,1742897503000,33,26,6,18,1575449980,22.77,241.0,7.0,0,0,1,17.770908
Status,1742897503000,33,27,3,2,1599750020,24.37,348.0,7.0,0,1,1,19.368511
Status,1742897503000,33,28,6,34,1575449980,24.48,30.0,7.0,0,1,1,19.479746
Status,1742897503000,33,29,6,6,1575449980,26.31,332.0,6.0,0,1,1,21.308859
Status,1742897503000,33,30,6,26,1575449980,27.13,188.0,6.0,0,1,1,22.126966
Status,1742897503000,33,31,3,1,1602562560,21.90,302.0,6.0,0,1,1,16.895027
Status,1742897503000,33,32,5,23,1575449980,44.47,150.0,68.0,0,1,0,39.471024
Raw,1742897504000,93333000000,,,-1426932628667327897,0.0,16.187972654474123,,,29,5,0.0,16419,209521917680627,77,22.10557746887207,-182.27263665942473,1.1826127803486521,16,-3102.824653969041,340282346638528860000000000000000000000,1575420030,,,,0,,1,35.384315490722656,17.10557746887207,-0.37834980195649376,1.0,-0.37834980195649376,1.0,,1908096604286958,
Raw,1742897504000,93333000000,,,-1426932628667327897,0.0,16.187972654474123,,,29,11,0.0,16384,209521917409935,1000000000,20.301177978515625,880.9194379976016,299792458,16,12726.950810574213,340282346638528860000000000000000000000,1575420030,,,,0,,1,35.384315490722656,15.301177978515625,-0.20372681261465636,1.0,-0.20372681261465636,1.0,,1908096604286958,
Raw,1742897504000,93333000000,,,-1426932628667327897,0.0,16.187972654474123,,,29,12,0.0,16431,209521919600362,40,30.112844467163086,908.3555428388117,0.8228803732588381,25,13129.775421624727,0.004754964727908373,1575420030,,,,0,,1,35.384315490722656,25.112844467163086,-0.6984919076624261,1.0,-0.6984919076624261,1.0,,1908096604286958,
Raw,1742897504000,93333000000,,,-1426932628667327897,0.0,16.187972654474123,,,29,18,0.0,16431,209521923460018,17,40.898887634277344,-346.0944969030304,0.15,25,-27169.27603866296,0.0014568717451766133,1575420030,,,,0,,1,35.384315490722656,35.898887634277344,-0.08731148845780326,1.0,-0.08731148845780326,1.0,,1908096604286958,
Raw,1742897504000,93333000000,,,-1426932628667327897,0.0,16.187972654474123,,,29,20,0.0,16384,209521919227116,1000000000,17.786808013916016,195.67726680984606,299792458,16,3076.9902918256134,340282346638528860000000000000000000000,1575420030,,,,0,,1,35.384315490722656,12.786808013916016,0.0,1.0,0.0,1.0,,1908096604286958,
Raw,1742897504000,93333000000,,,-1426932628667327897,0.0,16.187972654474123,,,29,25,0.0,16431,209521930259445,32,32.87213897705078,708.4257397637016,0.697117906006711,25,11286.292814579521,0.0034608482383191586,1575420030,,,,0,,1,35.384315490722656,27.87213706970215,-1.8917489103726217,1.0,-1.8917489103726217,1.0,,1908096604286958,
Raw,1742897504000,93333000000,,,-1426932628667327897,0.0,16.187972654474123,,,29,26,0.0,16431,209521923614171,31,33.380584716796875,-274.2578126512942,0.6730582878262248,25,-4929.342012522789,0.0032640756107866764,1575420030,,,,0,,1,35.384315490722656,28.380584716796875,-0.8440110737314445,1.0,-0.8440110737314445,1.0,,1908096604286958,
Raw,1742897504000,93333000000,,,-1426932628667327897,0.0,16.187972654474123,,,29,28,0.0,16431,209521930286811,80,21.722196578979492,380.866816428319,1.1985230302188024,16,6839.117806457244,340282346638528860000000000000000000000,1575420030,,,,1,,1,35.384315490722656,16.722196578979492,-0.34924595383121304,1.0,-0.34924595383121304,1.0,,1908096604286958,
Raw,1742897504000,93333000000,,,-1426932628667327897,0.0,16.187972654474123,,,29,29,0.0,16431,209521932309544,35,31.81943130493164,383.9398611206982,0.7448256233320896,25,6490.239249955568,0.003906770143657923,1575420030,,,,0,,1,35.384315490722656,26.81943130493164,-0.9604263668227204,1.0,-0.9604263668227204,1.0,,1908096604286958,
Raw,1742897504000,93333000000,,,-1426932628667327897,0.0,16.187972654474123,,,29,31,0.0,16431,209521928858822,24,36.44890213012695,62.735236896971855,0.15,25,1101.918408356401,0.002292684745043516,1575420030,,,,0,,1,35.384315490722656,31.448902130126953,-0.2619344840127561,1.0,-0.2619344840127561,1.0,,1908096604286958,
Raw,1742897504000,93333000000,,,-1426932628667327897,0.0,16.187972654474123,,,29,10,0.0,32769,47503935847411,140,23.36871337890625,213.3222828297811,1.1254812637947165,16,4298.3376372152625,340282346638528860000000000000000000000,1598062460,,,,0,,3,51.86248779296875,18.36871337890625,4.656612873077393,2.0000000474974513,4.656612873077393,2.0000000474974513,,1908096604286958,
Raw,1742897504000,93333000000,,,-1426932628667327897,0.0,16.187972654474123,,,29,2,0.0,32769,47503920390354,130,24.338075637817383,203.2303992884639,1.0827072483202063,16,2918.040594383093,340282346638528860000000000000000000000,1599750020,,,,0,,3,51.86248779296875,19.338075637817383,4.656612873077393,2.0000000474974513,4.656612873077393,2.0000000474974513,,1908096604286958,
Raw,1742897504000,93333000000,,,-1426932628667327897,0.0,16.187972654474123,,,29,9,0.0,32995,47503931668291,33,42.11869812011719,795.9408993352349,0.15,25,22059.588189412636,0.0012458616402000189,1600875010,,,,0,,3,51.86248779296875,37.11869812011719,4.656612873077393,2.0000000474974513,4.656612873077393,2.0000000474974513,,1908096604286958,
Raw,1742897504000,93333000000,,,-1426932628667327897,0.0,16.187972654474123,,,29,11,0.0,32768,47503927697005,1000000000,19.972963333129883,-355.8488277949457,299792458,16,-8387.514735577375,340282346638528860000000000000000000000,1602000000,,,,0,,3,51.86248779296875,14.972963333129883,4.656612873077393,2.0000000474974513,4.656612873077393,2.0000000474974513,,1908096604286958,
Raw,1742897504000,93333000000,,,-1426932628667327897,0.0,16.187972654474123,,,29,1,0.0,32768,47503920054911,1000000000,17.869932174682617,740.9877779010294,299792458,16,14881.466958947158,340282346638528860000000000000000000000,1602562560,,,,1,,3,51.86248779296875,12.869932174682617,4.656612873077393,2.0000000474974513,4.656612873077393,2.0000000474974513,,1908096604286958,
Raw,1742897504000,93333000000,,,-1426932628667327897,0.0,16.187972654474123,,,29,20,0.0,32995,47503935815476,56,34.648983001708984,86.9420715857164,0.6182144895990849,25,1694.440515475152,0.0027718471828848124,1603124990,,,,0,,3,51.86248779296875,29.648983001708984,4.656612873077393,2.0000000474974513,4.656612873077393,2.0000000474974513,,1908096604286958,
Raw,1742897504000,93333000000,,,-1426932628667327897,0.0,16.187972654474123,,,29,19,0.0,32768,47503928026829,1000000000,15.617177963256836,972.1377928001643,299792458,16,14043.04386561363,340282346638528860000000000000000000000,1603687550,,,,0,,3,51.86248779296875,10.617177963256836,4.656612873077393,2.0000000474974513,4.656612873077393,2.0000000474974513,,1908096604286958,
Raw,1742897504000,93333000000,,,-1426932628667327897,0.0,16.187972654474123,,,29,21,0.0,32995,47503926005543,119,25.437894821166992,-478.7638671637221,1.0306622055658106,16,-22582.097832753796,340282346638528860000000000000000000000,1604249980,,,,0,,3,51.86248779296875,20.437894821166992,4.656612873077393,2.0000000474974513,4.656612873077393,2.0000000474974513,,1908096604286958,
Raw,1742897504000,93333000000,,,-1426932628667327897,0.0,16.187972654474123,,,29,8,0.0,16384,209507868014457,1000000000,12.0,-13.488281279649499,299792458,16,-201.8300012736824,340282346638528860000000000000000000000,1561097980,,,,1,,5,49.08715057373047,7.0,9.342329576611519,2.500692349107121,9.342329576611519,1.5000000237487257,,1908096604286958,
Raw,1742897504000,93333000000,,,-1426932628667327897,0.0,16.187972654474123,,,29,11,0.0,81955,209507922905051,31,24.89927101135254,731.5076062893836,1.0543258148911128,16,10570.883609669507,340282346638528860000000000000000000000,1561097980,,,,1,,5,49.08715057373047,19.89927101135254,9.342329576611519,2.500692349107121,9.342329576611519,1.5000000237487257,,1908096604286958,
Raw,1742897504000,93333000000,,,-1426932628667327897,0.0,16.187972654474123,,,29,13,0.0,16384,209507867591184,1000000000,12.0,-47.961680620004785,299792458,16,-700.6079859653154,340282346638528860000000000000000000000,1561097980,,,,0,,5,49.08715057373047,7.0,9.342329576611519,2.500692349107121,9.342329576611519,1.5000000237487257,,1908096604286958,
Raw,1742897504000,93333000000,,,-1426932628667327897,0.0,16.187972654474123,,,29,23,0.0,81967,209507926392736,6,43.75002670288086,546.2490737789085,0.15,25,269479.47344604635,0.00105884054210037,1561097980,,,,0,,5,49.08715057373047,38.75002670288086,9.342329576611519,2.500692349107121,9.342329576611519,1.5000000237487257,,1908096604286958,
Raw,1742897504000,93333000000,,,-1426932628667327897,0.0,16.187972654474123,,,29,25,0.0,81967,209507916204586,9,39.73046875,903.3904105725687,0.15,25,16217.6166520369,0.0016819322481751442,1561097980,,,,0,,5,49.08715057373047,34.73046875,9.342329576611519,2.500692349107121,9.342329576611519,1.5000000237487257,,1908096604286958,
Raw,1742897504000,93333000000,,,-1426932628667327897,0.0,16.187972654474123,,,29,28,0.0,81967,209507923734464,6,43.617523193359375,-179.53736615241485,0.15,25,-12073.264697654933,0.001075117033906281,1561097980,,,,0,,5,49.08715057373047,38.617523193359375,9.342329576611519,2.500692349107121,9.342329576611519,1.5000000237487257,,1908096604286958,
Raw,1742897504000,93333000000,,,-1426932628667327897,0.0,16.187972654474123,,,29,34,0.0,16384,209507916527443,1000000000,12.0,878.698216141097,299792458,16,12693.001345604343,340282346638528860000000000000000000000,1561097980,,,,0,,5,49.08715057373047,7.0,9.342329576611519,2.500692349107121,9.342329576611519,1.5000000237487257,,1908096604286958,
Raw,1742897504000,93333000000,,,-1426932628667327897,0.0,16.187972654474123,,,29,37,0.0,81967,209507924405665,11,37.228759765625,-29.298325532392354,0.15,25,-542.7530638738183,0.0021150351967662573,1561097980,,,,0,,5,49.08715057373047,32.228759765625,9.342329576611519,2.500692349107121,9.342329576611519,1.5000000237487257,,1908096604286958,
Raw,1742897504000,93333000000,,,-1426932628667327897,0.0,16.187972654474123,,,29,4,0.0,85026,209521909034954,94,19.655475616455078,315.237944890104,1.290516506353912,16,4542.622997074333,340282346638528860000000000000000000000,1575420030,,,,1,,6,35.384315490722656,14.655475616455078,1.3096723705530164,1.5000000237487257,1.3096723705530164,1.5000000237487257,,1908096604286958,
Raw,1742897504000,93333000000,,,-1426932628667327897,0.0,16.187972654474123,,,29,6,0.0,16384,209521905953853,1000000000,23.609764099121094,103.40826916128287,299792458,16,3.2701124032219773,340282346638528860000000000000000000000,1575420030,,,,0,,6,35.384315490722656,18.609764099121094,1.3096723705530164,1.5000000237487257,1.3096723705530164,1.5000000237487257,,1908096604286958,
Raw,1742897504000,93333000000,,,-1426932628667327897,0.0,16.187972654474123,,,29,13,0.0,21546,209521917682420,12,45.276771545410156,-142.5151443834577,0.15,25,-2936.7359743816633,0.0008800901705399156,1575420030,,,,0,,6,35.384315490722656,40.276771545410156,1.3096723705530164,1.5000000237487257,1.3096723705530164,1.5000000237487257,,1908096604286958,
Raw,1742897504000,93333000000,,,-1426932628667327897,0.0,16.187972654474123,,,29,15,0.0,84002,209521917581774,1000000000,25.748525619506836,400.6399580747666,299792458,16,1813.0205332947908,340282346638528860000000000000000000000,1575420030,,,,0,,6,35.384315490722656,20.748525619506836,1.3096723705530164,1.5000000237487257,1.3096723705530164,1.5000000237487257,,1908096604286958,
Raw,1742897504000,93333000000,,,-1426932628667327897,0.0,16.187972654474123,,,29,18,0.0,16384,209521898092684,1000000000,20.806798934936523,-149.82131538211127,299792458,16,-186.13945385003782,340282346638528860000000000000000000000,1575420030,,,,0,,6,35.384315490722656,15.806798934936523,1.3096723705530164,1.5000000237487257,1.3096723705530164,1.5000000237487257,,1908096604286958,
Raw,1742897504000,93333000000,,,-1426932628667327897,0.0,16.187972654474123,,,29,21,0.0,85026,209521920980970,47,28.249603271484375,127.59472254102678,0.9033189646905444,16,1849.3546731592396,340282346638528860000000000000000000000,1575420030,,,,1,,6,35.384315490722656,23.249603271484375,1.3096723705530164,1.5000000237487257,1.3096723705530164,1.5000000237487257,,1908096604286958,
Raw,1742897504000,93333000000,,,-1426932628667327897,0.0,16.187972654474123,,,29,23,0.0,21546,209521910151642,62,24.89605712890625,-153.1836860479126,1.0550543273992878,29,-3295.1555448764348,0.008669352158904076,1575420030,,,,0,,6,35.384315490722656,19.89605712890625,1.3096723705530164,1.5000000237487257,1.3096723705530164,1.5000000237487257,,1908096604286958,
Raw,1742897504000,93333000000,,,-1426932628667327897,0.0,16.187972654474123,,,29,26,0.0,84002,209521906161659,1000000000,24.646419525146484,-328.59448469437166,299792458,16,-929.6862818774038,340282346638528860000000000000000000000,1575420030,,,,0,,6,35.384315490722656,19.646419525146484,1.3096723705530164,1.5000000237487257,1.3096723705530164,1.5000000237487257,,1908096604286958,
Raw,1742897504000,93333000000,,,-1426932628667327897,0.0,16.187972654474123,,,29,27,0.0,85026,209521918325994,33,32.660709381103516,571.439894549309,0.7059180362212794,25,8253.323946984083,0.0035461250226944685,1575420030,,,,0,,6,35.384315490722656,27.660709381103516,1.3096723705530164,1.5000000237487257,1.3096723705530164,1.5000000237487257,,1908096604286958,
Raw,1742897504000,93333000000,,,-1426932628667327897,0.0,16.187972654474123,,,29,34,0.0,16384,209521906382617,1000000000,22.337757110595703,805.916084545418,299792458,16,993.018771587874,340282346638528860000000000000000000000,1575420030,,,,0,,6,35.384315490722656,17.337757110595703,1.3096723705530164,1.5000000237487257,1.3096723705530164,1.5000000237487257,,1908096604286958,
Fix,GPS,45.0659963045,7.6464212963,318.38501552582477,0.0,8.0,,1742897504000,0.16652498,,1908096709642073,6.115568,0,,,
Fix,FLP,45.0660475000,7.6464754000,307.1000061035156,0.0145241665,5.749,,1742897504595,0.047057133,,1908096709642073,3.6874657,0,,,
Fix,FLP,45.0660464000,7.6464739000,307.1000061035156,0.06032251,5.686,,1742897504857,0.0906511,,1908096972835719,3.0309544,0,,,
Fix,NLP,45.0660623000,7.6464984000,307.1000061035156,,17.87,,1742897502041,,,1908094156000000,3.0054178,0,,,
Status,1742897504000,34,0,1,29,1575449980,32.24,31.0,81.0,0,1,1,27.243776
Status,1742897504000,34,1,3,10,1598062460,24.78,19.0,79.0,1,1,1,19.775484
Status,1742897504000,34,2,3,20,1603124990,34.86,160.0,74.0,1,1,1,29.856567
Status,1742897504000,34,3,6,21,1575449980,28.66,314.0,68.0,0,1,1,23.66484
Status,1742897504000,34,4,1,28,1575449980,31.77,252.0,61.0,1,1,1,26.767733
Status,1742897504000,34,5,5,37,1575449980,37.34,302.0,55.0,1,1,1,32.344746
Status,1742897504000,34,6,1,25,1575449980,34.02,102.0,52.0,1,1,1,29.019932
Status,1742897504000,34,7,6,27,1575449980,33.18,93.0,51.0,0,1,1,28.177208
Status,1742897504000,34,8,1,31,1575449980,36.44,294.0,48.0,1,1,1,31.442501
Status,1742897504000,34,9,6,13,1575449980,45.23,150.0,45.0,1,1,1,40.22887
Status,1742897504000,34,10,6,15,1575449980,30.00,68.0,45.0,0,1,1,25.00069
Status,1742897504000,34,11,3,9,1600875010,42.10,123.0,44.0,1,1,1,37.099754
Status,1742897504000,34,12,5,28,1575449980,44.05,209.0,44.0,1,1,1,39.04651
Status,1742897504000,34,13,5,11,1575449980,24.80,51.0,41.0,1,1,1,19.804245
Status,1742897504000,34,14,1,18,1575449980,41.51,175.0,31.0,1,1,1,36.508743
Status,1742897504000,34,15,3,19,1603687550,17.63,34.0,31.0,0,1,1,12.631641
Status,1742897504000,34,16,3,11,1602000000,23.21,319.0,30.0,0,1,1,18.207832
Status,1742897504000,34,17,1,26,1575449980,33.94,297.0,26.0,1,1,1,28.942066
Status,1742897504000,34,18,3,21,1604249980,29.75,202.0,24.0,1,1,1,24.752409
Status,1742897504000,34,19,5,13,1575449980,16.84,83.0,20.0,0,1,1,11.844089
Status,1742897504000,34,20,6,23,1575449980,33.31,291.0,18.0,1,1,1,28.306334
Status,1742897504000,34,21,5,25,1575449980,39.70,137.0,16.0,1,1,1,34.70036
Status,1742897504000,34,22,1,12,1575449980,30.98,104.0,16.0,1,1,1,25.983456
Status,1742897504000,34,23,6,4,1575449980,23.22,309.0,15.0,0,1,1,18.21541
Status,1742897504000,34,24,1,20,1575449980,19.57,60.0,14.0,0,1,1,14.570704
Status,1742897504000,34,25,1,11,1575449980,22.53,36.0,11.0,0,1,1,17.533077
Status,1742897504000,34,26,1,5,1575449980,24.27,95.0,9.0,0,1,1,19.270258
Status,1742897504000,34,27,6,18,1575449980,22.04,241.0,7.0,0,0,1,17.041414
Status,1742897504000,34,28,3,2,1599750020,24.94,348.0,7.0,0,1,1,19.937994
Status,1742897504000,34,29,6,34,1575449980,26.10,30.0,7.0,0,1,1,21.098755
Status,1742897504000,34,30,6,6,1575449980,25.80,332.0,6.0,0,1,1,20.79543
Status,1742897504000,34,31,6,26,1575449980,26.81,188.0,6.0,0,1,1,21.808249
Status,1742897504000,34,32,3,1,1602562560,21.57,302.0,6.0,0,1,1,16.574615
Status,1742897504000,34,33,5,23,1575449980,44.37,150.0,68.0,0,1,0,39.367523
Raw,1742897505000,94333000000,,,-1426932628667326899,0.0,15.732365396397292,,,29,5,0.0,16419,209522917681221,75,22.572147369384766,-181.92576245816383,1.1616318331285633,16,-3285.73931644753,340282346638528860000000000000000000000,1575420030,,,,1,,1,35.95880126953125,17.572147369384766,-0.37834980195649376,1.0,-0.37834980195649376,1.0,,1908097602261918,
Raw,1742897505000,94333000000,,,-1426932628667326899,0.0,15.732365396397292,,,29,11,0.0,16384,209522917406951,1000000000,19.7222900390625,880.7337567744653,299792458,16,13607.224539914805,340282346638528860000000000000000000000,1575420030,,,,0,,1,35.95880126953125,14.722290992736816,-0.20372681261465636,1.0,-0.20372681261465636,1.0,,1908097602261918,
Raw,1742897505000,94333000000,,,-1426932628667326899,0.0,15.732365396397292,,,29,12,0.0,16431,209522919597361,40,30.198667526245117,908.4626980821195,0.819020401923034,25,14038.187635134871,0.0047082132659852505,1575420030,,,,0,,1,35.95880126953125,25.198667526245117,-0.6984919076624261,1.0,-0.6984919076624261,1.0,,1908097602261918,
Raw,1742897505000,94333000000,,,-1426932628667326899,0.0,15.732365396397292,,,29,18,0.0,16431,209522923461178,19,39.27751159667969,-346.15315281070616,0.15,25,-27515.383683397864,0.00175586121622473,1575420030,,,,0,,1,35.95880126953125,34.27751159667969,-0.08731148845780326,1.0,-0.08731148845780326,1.0,,1908097602261918,
Raw,1742897505000,94333000000,,,-1426932628667326899,0.0,15.732365396397292,,,29,20,0.0,16384,209522919226595,1000000000,18.07819938659668,195.49160262793805,299792458,16,3271.95360524107,340282346638528860000000000000000000000,1575420030,,,,0,,1,35.95880126953125,13.07819938659668,0.0,1.0,0.0,1.0,,1908097602261918,
Raw,1742897505000,94333000000,,,-1426932628667326899,0.0,15.732365396397292,,,29,25,0.0,16431,209522930257057,29,34.01993179321289,708.5780883443585,0.6455024220256389,25,11994.887705457937,0.003032444277778268,1575420030,,,,0,,1,35.95880126953125,29.01993179321289,-1.8917489103726217,1.0,-1.8917489103726217,1.0,,1908097602261918,
Raw,1742897505000,94333000000,,,-1426932628667326899,0.0,15.732365396397292,,,29,26,0.0,16431,209522923615075,31,33.251609802246094,-274.1349453955295,0.6788582299246153,25,-5203.462991425191,0.0033129039220511913,1575420030,,,,0,,1,35.95880126953125,28.251611709594727,-0.8440110737314445,1.0,-0.8440110737314445,1.0,,1908097602261918,
Raw,1742897505000,94333000000,,,-1426932628667326899,0.0,15.732365396397292,,,29,28,0.0,16431,209522930285535,83,21.22140884399414,381.0601662041729,1.2210427470970577,16,7220.032627327849,340282346638528860000000000000000000000,1575420030,,,,0,,1,35.95880126953125,16.22140884399414,-0.34924595383121304,1.0,-0.34924595383121304,1.0,,1908097602261918,
Raw,1742897505000,94333000000,,,-1426932628667326899,0.0,15.732365396397292,,,29,29,0.0,16431,209522932308303,35,31.755023956298828,383.99988032663487,0.7477217667616558,25,6874.263735189824,0.003935847897082567,1575420030,,,,0,,1,35.95880126953125,26.755023956298828,-0.9604263668227204,1.0,-0.9604263668227204,1.0,,1908097602261918,
Raw,1742897505000,94333000000,,,-1426932628667326899,0.0,15.732365396397292,,,29,31,0.0,16431,209522928858603,24,36.38489532470703,62.821870241145774,0.15,25,1164.6689286874887,0.0023096429649740458,1575420030,,,,0,,1,35.95880126953125,31.3848934173584,-0.2619344840127561,1.0,-0.2619344840127561,1.0,,1908097602261918,
Raw,1742897505000,94333000000,,,-1426932628667326899,0.0,15.732365396397292,,,29,10,0.0,32769,47504935846738,148,22.70073127746582,213.40493278684892,1.1555194907011463,16,4511.028239064454,340282346638528860000000000000000000000,1598062460,,,,0,,3,51.712730407714844,17.70073127746582,4.656612873077393,2.0000000474974513,4.656612873077393,2.0000000474974513,,1908097602261918,
Raw,1742897505000,94333000000,,,-1426932628667326899,0.0,15.732365396397292,,,29,2,0.0,32768,47504920389549,1000000000,24.9379940032959,202.94506096245493,299792458,16,3121.2464574168566,340282346638528860000000000000000000000,1599750020,,,,0,,3,51.712730407714844,19.9379940032959,4.656612873077393,2.0000000474974513,4.656612873077393,2.0000000474974513,,1908097602261918,
Raw,1742897505000,94333000000,,,-1426932628667326899,0.0,15.732365396397292,,,29,9,0.0,32995,47504931665620,33,41.59072494506836,796.0094732377588,0.15,25,22855.608916516285,0.0013239404652267694,1600875010,,,,0,,3,51.712730407714844,36.59072494506836,4.656612873077393,2.0000000474974513,4.656612873077393,2.0000000474974513,,1908097602261918,
Raw,1742897505000,94333000000,,,-1426932628667326899,0.0,15.732365396397292,,,29,11,0.0,32768,47504927698112,1000000000,23.20783233642578,-356.1224076734543,299792458,16,-8743.631900546921,340282346638528860000000000000000000000,1602000000,,,,0,,3,51.712730407714844,18.20783233642578,4.656612873077393,2.0000000474974513,4.656612873077393,2.0000000474974513,,1908097602261918,
Raw,1742897505000,94333000000,,,-1426932628667326899,0.0,15.732365396397292,,,29,1,0.0,32769,47504920052691,225,18.690916061401367,740.8054367586324,299.7960699834882,16,15622.314830459349,340282346638528860000000000000000000000,1602562560,,,,1,,3,51.712730407714844,13.690916061401367,4.656612873077393,2.0000000474974513,4.656612873077393,2.0000000474974513,,1908097602261918,
Raw,1742897505000,94333000000,,,-1426932628667326899,0.0,15.732365396397292,,,29,20,0.0,32995,47504935815194,60,33.84494400024414,87.04015237497492,0.6543711831243382,25,1781.434113201669,0.0030406839214265347,1603124990,,,,0,,3,51.712730407714844,28.84494400024414,4.656612873077393,2.0000000474974513,4.656612873077393,2.0000000474974513,,1908097602261918,
Raw,1742897505000,94333000000,,,-1426932628667326899,0.0,15.732365396397292,,,29,19,0.0,32768,47504928023606,1000000000,15.634126663208008,971.8645196637644,299792458,16,15015.007807597669,340282346638528860000000000000000000000,1603687550,,,,0,,3,51.712730407714844,10.634126663208008,4.656612873077393,2.0000000474974513,4.656612873077393,2.0000000474974513,,1908097602261918,
Raw,1742897505000,94333000000,,,-1426932628667326899,0.0,15.732365396397292,,,29,21,0.0,32995,47504926007295,97,27.96051788330078,-476.79730942235597,0.9172230093367015,16,-23060.899751098717,340282346638528860000000000000000000000,1604249980,,,,0,,3,51.712730407714844,22.96051788330078,4.656612873077393,2.0000000474974513,4.656612873077393,2.0000000474974513,,1908097602261918,
Raw,1742897505000,94333000000,,,-1426932628667326899,0.0,15.732365396397292,,,29,8,0.0,16384,209508868014493,1000000000,12.0,-13.862992327275407,299792458,16,-215.69598597398337,340282346638528860000000000000000000000,1561097980,,,,1,,5,47.52394104003906,7.0,9.342329576611519,2.500692349107121,9.342329576611519,1.5000000237487257,,1908097602261918,
Raw,1742897505000,94333000000,,,-1426932628667326899,0.0,15.732365396397292,,,29,11,0.0,81955,209508922902599,33,23.949020385742188,731.7070568249551,1.0970570275930758,16,11302.65688472131,340282346638528860000000000000000000000,1561097980,,,,1,,5,47.52394104003906,18.949020385742188,9.342329576611519,2.500692349107121,9.342329576611519,1.5000000237487257,,1908097602261918,
Raw,1742897505000,94333000000,,,-1426932628667326899,0.0,15.732365396397292,,,29,13,0.0,16384,209508867591335,1000000000,15.577680587768555,-47.961680620004785,299792458,16,-748.1670744289671,340282346638528860000000000000000000000,1561097980,,,,0,,5,47.52394104003906,10.577680587768555,9.342329576611519,2.500692349107121,9.342329576611519,1.5000000237487257,,1908097602261918,
Raw,1742897505000,94333000000,,,-1426932628667326899,0.0,15.732365396397292,,,29,23,0.0,81967,209508926390910,6,43.43602752685547,546.2693528405396,0.15,25,270025.74300630495,0.0010978186037391424,1561097980,,,,0,,5,47.52394104003906,38.43602752685547,9.342329576611519,2.500692349107121,9.342329576611519,1.5000000237487257,,1908097602261918,
Raw,1742897505000,94333000000,,,-1426932628667326899,0.0,15.732365396397292,,,29,25,0.0,81967,209508916201566,9,39.42938995361328,903.4343769414832,0.15,25,17121.080916927633,0.0017412550514563918,1561097980,,,,0,,5,47.52394104003906,34.42938995361328,9.342329576611519,2.500692349107121,9.342329576611519,1.5000000237487257,,1908097602261918,
Raw,1742897505000,94333000000,,,-1426932628667326899,0.0,15.732365396397292,,,29,28,0.0,81967,209508923735064,6,43.779300689697266,-179.4610044085755,0.15,25,-12252.716431135748,0.0010552778840065002,1561097980,,,,0,,5,47.52394104003906,38.779300689697266,9.342329576611519,2.500692349107121,9.342329576611519,1.5000000237487257,,1908097602261918,
Raw,1742897505000,94333000000,,,-1426932628667326899,0.0,15.732365396397292,,,29,34,0.0,16384,209508916524501,1000000000,12.0,878.698216141097,299792458,16,13571.699564096556,340282346638528860000000000000000000000,1561097980,,,,0,,5,47.52394104003906,7.0,9.342329576611519,2.500692349107121,9.342329576611519,1.5000000237487257,,1908097602261918,
Raw,1742897505000,94333000000,,,-1426932628667326899,0.0,15.732365396397292,,,29,37,0.0,81967,209508924405762,11,37.34474563598633,-29.24205965698026,0.15,25,-571.9460176410595,0.0020869800355285406,1561097980,,,,0,,5,47.52394104003906,32.34474563598633,9.342329576611519,2.500692349107121,9.342329576611519,1.5000000237487257,,1908097602261918,
Raw,1742897505000,94333000000,,,-1426932628667326899,0.0,15.732365396397292,,,29,4,0.0,85026,209522909033910,93,19.889507293701172,315.2440797322781,1.2799920834219405,16,4857.7588585959675,340282346638528860000000000000000000000,1575420030,,,,1,,6,35.95880126953125,14.889507293701172,1.3096723705530164,1.5000000237487257,1.3096723705530164,1.5000000237487257,,1908097602261918,
Raw,1742897505000,94333000000,,,-1426932628667326899,0.0,15.732365396397292,,,29,6,0.0,16384,209522905953501,1000000000,21.17456817626953,103.40826916128287,299792458,16,3.2790077377721,340282346638528860000000000000000000000,1575420030,,,,0,,6,35.95880126953125,16.17456817626953,1.3096723705530164,1.5000000237487257,1.3096723705530164,1.5000000237487257,,1908097602261918,
Raw,1742897505000,94333000000,,,-1426932628667326899,0.0,15.732365396397292,,,29,13,0.0,21546,209522917682894,12,44.79774856567383,-142.47550648652168,0.15,25,-3079.1803395895504,0.0009299899102188647,1575420030,,,,0,,6,35.95880126953125,39.79774856567383,1.3096723705530164,1.5000000237487257,1.3096723705530164,1.5000000237487257,,1908097602261918,
Raw,1742897505000,94333000000,,,-1426932628667326899,0.0,15.732365396397292,,,29,15,0.0,84002,209522917580398,1000000000,25.04987335205078,401.76369074878016,299792458,16,2215.7498012725655,340282346638528860000000000000000000000,1575420030,,,,1,,6,35.95880126953125,20.04987335205078,1.3096723705530164,1.5000000237487257,1.3096723705530164,1.5000000237487257,,1908097602261918,
Raw,1742897505000,94333000000,,,-1426932628667326899,0.0,15.732365396397292,,,29,18,0.0,16384,209522898093184,1000000000,15.475959777832031,-149.82131538211127,299792458,16,-186.13359573453502,340282346638528860000000000000000000000,1575420030,,,,0,,6,35.95880126953125,10.475959777832031,1.3096723705530164,1.5000000237487257,1.3096723705530164,1.5000000237487257,,1908097602261918,
Raw,1742897505000,94333000000,,,-1426932628667326899,0.0,15.732365396397292,,,29,21,0.0,85026,209522920980540,45,28.664840698242188,128.18885644374654,0.8846462385250033,29,1977.5206624154873,0.005617555696517229,1575420030,,,,0,,6,35.95880126953125,23.664840698242188,1.3096723705530164,1.5000000237487257,1.3096723705530164,1.5000000237487257,,1908097602261918,
Raw,1742897505000,94333000000,,,-1426932628667326899,0.0,15.732365396397292,,,29,23,0.0,21546,209522910152165,58,25.611196517944336,-153.41352109347417,1.0228953995164836,29,-3448.1147588922336,0.007984167896211147,1575420030,,,,1,,6,35.95880126953125,20.611196517944336,1.3096723705530164,1.5000000237487257,1.3096723705530164,1.5000000237487257,,1908097602261918,
Raw,1742897505000,94333000000,,,-1426932628667326899,0.0,15.732365396397292,,,29,26,0.0,84002,209522906162750,1000000000,23.939788818359375,-328.41861921871396,299792458,16,-1257.9898557189715,340282346638528860000000000000000000000,1575420030,,,,1,,6,35.95880126953125,18.939788818359375,1.3096723705530164,1.5000000237487257,1.3096723705530164,1.5000000237487257,,1908097602261918,
Raw,1742897505000,94333000000,,,-1426932628667326899,0.0,15.732365396397292,,,29,27,0.0,85026,209522918324096,31,33.177207946777344,571.4892800288105,0.6826913080720693,25,8824.81902072084,0.003341404488310218,1575420030,,,,1,,6,35.95880126953125,28.177207946777344,1.3096723705530164,1.5000000237487257,1.3096723705530164,1.5000000237487257,,1908097602261918,
Raw,1742897505000,94333000000,,,-1426932628667326899,0.0,15.732365396397292,,,29,34,0.0,16384,209522906379914,1000000000,26.0987548828125,805.916084545418,299792458,16,992.987259717816,340282346638528860000000000000000000000,1575420030,,,,0,,6,35.95880126953125,21.0987548828125,1.3096723705530164,1.5000000237487257,1.3096723705530164,1.5000000237487257,,1908097602261918,
Fix,GPS,45.0659963045,7.6464212963,319.6365519165662,0.0,8.0,,1742897505000,0.16618651,,1908097709114380,5.9282756,0,,,
Fix,FLP,45.0660467000,7.6464744000,307.1000061035156,0.015908273,5.595,,1742897505594,0.048618317,,1908097709114380,3.0409489,0,,,
Status,1742897505000,35,0,1,29,1575449980,32.10,31.0,81.0,0,1,1,27.099676
Status,1742897505000,35,1,3,10,1598062460,24.72,19.0,79.0,1,1,1,19.718166
Status,1742897505000,35,2,3,20,1603124990,34.77,160.0,74.0,1,1,1,29.77421
Status,1742897505000,35,3,6,21,1575449980,28.65,314.0,68.0,0,1,1,23.649323
Status,1742897505000,35,4,1,28,1575449980,30.26,252.0,61.0,0,1,1,25.256037
Status,1742897505000,35,5,5,37,1575449980,37.71,302.0,55.0,1,1,1,32.710835
Status,1742897505000,35,6,1,25,1575449980,34.01,102.0,52.0,1,1,1,29.01254
Status,1742897505000,35,7,6,27,1575449980,33.27,93.0,51.0,0,1,1,28.268665
Status,1742897505000,35,8,1,31,1575449980,36.33,294.0,48.0,1,1,1,31.325867
Status,1742897505000,35,9,6,13,1575449980,45.19,150.0,45.0,1,1,1,40.18685
Status,1742897505000,35,10,6,15,1575449980,29.47,68.0,45.0,0,1,1,24.47286
Status,1742897505000,35,11,3,9,1600875010,42.03,123.0,44.0,1,1,1,37.029015
Status,1742897505000,35,12,5,28,1575449980,43.92,209.0,44.0,1,1,1,38.91919
Status,1742897505000,35,13,5,11,1575449980,24.73,51.0,41.0,1,1,1,19.731564
Status,1742897505000,35,14,1,18,1575449980,41.32,175.0,31.0,1,1,1,36.32128
Status,1742897505000,35,15,3,19,1603687550,17.52,34.0,31.0,0,1,1,12.520714
Status,1742897505000,35,16,3,11,1602000000,23.04,319.0,30.0,0,1,1,18.041094
Status,1742897505000,35,17,1,26,1575449980,34.43,297.0,25.0,1,1,1,29.42767
Status,1742897505000,35,18,3,21,1604249980,29.30,202.0,24.0,1,1,1,24.295528
Status,1742897505000,35,19,5,8,1575449980,14.94,69.0,20.0,0,1,1,9.93929
Status,1742897505000,35,20,5,34,1575449980,13.72,48.0,18.0,0,1,1,8.715973
Status,1742897505000,35,21,6,23,1575449980,32.56,291.0,18.0,0,1,1,27.559027
Status,1742897505000,35,22,5,25,1575449980,39.61,137.0,16.0,1,1,1,34.61015
Status,1742897505000,35,23,1,12,1575449980,30.89,104.0,16.0,1,1,1,25.887976
Status,1742897505000,35,24,6,4,1575449980,22.87,309.0,15.0,0,1,1,17.872034
Status,1742897505000,35,25,1,20,1575449980,19.37,60.0,14.0,0,1,1,14.365536
Status,1742897505000,35,26,1,11,1575449980,22.23,36.0,11.0,0,1,1,17.231316
Status,1742897505000,35,27,1,5,1575449980,24.02,95.0,9.0,0,1,1,19.023968
Status,1742897505000,35,28,6,18,1575449980,22.04,241.0,7.0,0,0,1,17.04069
Status,1742897505000,35,29,3,2,1599750020,24.81,348.0,7.0,0,1,1,19.810535
Status,1742897505000,35,30,6,34,1575449980,25.99,30.0,7.0,0,1,1,20.992144
Status,1742897505000,35,31,6,6,1575449980,25.57,332.0,6.0,0,1,1,20.569805
Status,1742897505000,35,32,6,26,1575449980,26.22,188.0,6.0,0,1,1,21.222868
Status,1742897505000,35,33,3,1,1602562560,21.30,302.0,6.0,0,1,1,16.300625
Status,1742897505000,35,34,5,23,1575449980,44.25,150.0,68.0,0,1,0,39.249985
Raw,1742897506000,95333000000,,,-1426932628667325900,0.0,15.327951823699712,,,29,5,0.0,16419,209523917681830,79,21.80736541748047,-181.84963929152013,1.1960232950482075,16,-3468.5570914168597,340282346638528860000000000000000000000,1575420030,,,,1,,1,36.164798736572266,16.80736541748047,-0.37834980195649376,1.0,-0.37834980195649376,1.0,,1908098610695533,
Raw,1742897506000,95333000000,,,-1426932628667325900,0.0,15.327951823699712,,,29,11,0.0,16384,209523917403962,1000000000,19.515460968017578,880.7337567744653,299792458,16,14487.97545990281,340282346638528860000000000000000000000,1575420030,,,,1,,1,36.164798736572266,14.515460968017578,-0.20372681261465636,1.0,-0.20372681261465636,1.0,,1908098610695533,
Raw,1742897506000,95333000000,,,-1426932628667325900,0.0,15.327951823699712,,,29,12,0.0,16431,209523919594297,41,30.028648376464844,908.3785825794212,0.8266654563845091,25,14946.601666314657,0.004801280330866575,1575420030,,,,0,,1,36.164798736572266,25.028648376464844,-0.6984919076624261,1.0,-0.6984919076624261,1.0,,1908098610695533,
Raw,1742897506000,95333000000,,,-1426932628667325900,0.0,15.327951823699712,,,29,18,0.0,16431,209523923462325,18,39.634132385253906,-346.0727182133123,0.15,25,-27861.42354766911,0.0016852297121658921,1575420030,,,,0,,1,36.164798736572266,34.634132385253906,-0.08731148845780326,1.0,-0.08731148845780326,1.0,,1908098610695533,
Raw,1742897506000,95333000000,,,-1426932628667325900,0.0,15.327951823699712,,,29,20,0.0,16384,209523919225855,1000000000,17.51902198791504,195.49160262793805,299792458,16,3466.9990180072054,340282346638528860000000000000000000000,1575420030,,,,1,,1,36.164798736572266,12.519021987915039,0.0,1.0,0.0,1.0,,1908098610695533,
Raw,1742897506000,95333000000,,,-1426932628667325900,0.0,15.327951823699712,,,29,25,0.0,16431,209523930254715,30,33.946022033691406,708.6990810650145,0.6488256612385066,25,12703.551034085283,0.0030583578627556562,1575420030,,,,0,,1,36.164798736572266,28.946022033691406,-1.8917489103726217,1.0,-1.8917489103726217,1.0,,1908098610695533,
Raw,1742897506000,95333000000,,,-1426932628667325900,0.0,15.327951823699712,,,29,26,0.0,16431,209523923615993,28,34.427669525146484,-274.1288957594967,0.6259723756304938,25,-5477.562944739795,0.002893383614718914,1575420030,,,,0,,1,36.164798736572266,29.427669525146484,-0.8440110737314445,1.0,-0.8440110737314445,1.0,,1908098610695533,
Raw,1742897506000,95333000000,,,-1426932628667325900,0.0,15.327951823699712,,,29,28,0.0,16430,209523930284261,1000000000,16.650774002075195,380.87332617751485,299792458,16,7600.947991290326,340282346638528860000000000000000000000,1575420030,,,,1,,1,36.164798736572266,11.650774002075195,-0.34924595383121304,1.0,-0.34924595383121304,1.0,,1908098610695533,
Raw,1742897506000,95333000000,,,-1426932628667325900,0.0,15.327951823699712,,,29,29,0.0,16431,209523932307002,38,30.802772521972656,384.1722012268142,0.790543178152268,25,7258.378874632301,0.0043918839655816555,1575420030,,,,0,,1,36.164798736572266,25.802772521972656,-0.9604263668227204,1.0,-0.9604263668227204,1.0,,1908098610695533,
Raw,1742897506000,95333000000,,,-1426932628667325900,0.0,15.327951823699712,,,29,31,0.0,16431,209523928858395,26,35.276161193847656,62.91547344767861,0.5887596584914165,25,1227.5352440138731,0.0026241065934300423,1575420030,,,,0,,1,36.164798736572266,30.276161193847656,-0.2619344840127561,1.0,-0.2619344840127561,1.0,,1908098610695533,
Raw,1742897506000,95333000000,,,-1426932628667325900,0.0,15.327951823699712,,,29,10,0.0,32769,47505935846049,131,24.202308654785156,213.26026980013785,1.0879952878977757,16,4724.2066146570105,340282346638528860000000000000000000000,1598062460,,,,1,,3,53.040870666503906,19.202308654785156,4.656612873077393,2.0000000474974513,4.656612873077393,2.0000000474974513,,1908098610695533,
Raw,1742897506000,95333000000,,,-1426932628667325900,0.0,15.327951823699712,,,29,2,0.0,32768,47505920388978,1000000000,23.663406372070312,202.82176767598366,299792458,16,3324.0695017304415,340282346638528860000000000000000000000,1599750020,,,,0,,3,53.040870666503906,18.663406372070312,4.656612873077393,2.0000000474974513,4.656612873077393,2.0000000474974513,,1908098610695533,
Raw,1742897506000,95333000000,,,-1426932628667325900,0.0,15.327951823699712,,,29,9,0.0,32995,47505931662974,33,41.39236068725586,796.1109707932837,0.15,25,23651.725805138278,0.0013545238180086017,1600875010,,,,0,,3,53.040870666503906,36.39236068725586,4.656612873077393,2.0000000474974513,4.656612873077393,2.0000000474974513,,1908098610695533,
Raw,1742897506000,95333000000,,,-1426932628667325900,0.0,15.327951823699712,,,29,11,0.0,32768,47505927699301,1000000000,21.540451049804688,-356.1224076734543,299792458,16,-9099.866041466837,340282346638528860000000000000000000000,1602000000,,,,0,,3,53.040870666503906,16.540451049804688,4.656612873077393,2.0000000474974513,4.656612873077393,2.0000000474974513,,1908098610695533,
Raw,1742897506000,95333000000,,,-1426932628667325900,0.0,15.327951823699712,,,29,1,0.0,32768,47505920050150,1000000000,18.83470916748047,740.8054367586324,299792458,16,16363.39815539116,340282346638528860000000000000000000000,1602562560,,,,1,,3,53.040870666503906,13.834709167480469,4.656612873077393,2.0000000474974513,4.656612873077393,2.0000000474974513,,1908098610695533,
Raw,1742897506000,95333000000,,,-1426932628667325900,0.0,15.327951823699712,,,29,20,0.0,32995,47505935814887,59,34.032997131347656,87.22593584548076,0.6459146067342116,25,1868.5968892292713,0.0029755588620901108,1603124990,,,,0,,3,53.040870666503906,29.032997131347656,4.656612873077393,2.0000000474974513,4.656612873077393,2.0000000474974513,,1908098610695533,
Raw,1742897506000,95333000000,,,-1426932628667325900,0.0,15.327951823699712,,,29,19,0.0,32768,47505928020059,1000000000,16.522369384765625,971.9555879875934,299792458,16,15987.651032177566,340282346638528860000000000000000000000,1603687550,,,,0,,3,53.040870666503906,11.522369384765625,4.656612873077393,2.0000000474974513,4.656612873077393,2.0000000474974513,,1908098610695533,
Raw,1742897506000,95333000000,,,-1426932628667325900,0.0,15.327951823699712,,,29,21,0.0,32995,47505926008959,121,25.183603286743164,-477.00616671592775,1.0420979348059798,16,-23536.86292238016,340282346638528860000000000000000000000,1604249980,,,,1,,3,53.040870666503906,20.183603286743164,4.656612873077393,2.0000000474974513,4.656612873077393,2.0000000474974513,,1908098610695533,
Raw,1742897506000,95333000000,,,-1426932628667325900,0.0,15.327951823699712,,,29,8,0.0,16384,209509868014620,1000000000,13.445558547973633,-13.862992327275407,299792458,16,-229.55897744101537,340282346638528860000000000000000000000,1561097980,,,,0,,5,47.400733947753906,8.445558547973633,9.342329576611519,2.500692349107121,9.342329576611519,1.5000000237487257,,1908098610695533,
Raw,1742897506000,95333000000,,,-1426932628667325900,0.0,15.327951823699712,,,29,11,0.0,81955,209509922900165,33,24.07742691040039,731.7589984886959,1.09128224793329,16,12034.495399486153,340282346638528860000000000000000000000,1561097980,,,,1,,5,47.400733947753906,19.07742691040039,9.342329576611519,2.500692349107121,9.342329576611519,1.5000000237487257,,1908098610695533,
Raw,1742897506000,95333000000,,,-1426932628667325900,0.0,15.327951823699712,,,29,13,0.0,16384,209509867591487,1000000000,12.0,-47.961680620004785,299792458,16,-796.7298520874193,340282346638528860000000000000000000000,1561097980,,,,1,,5,47.400733947753906,7.0,9.342329576611519,2.500692349107121,9.342329576611519,1.5000000237487257,,1908098610695533,
Raw,1742897506000,95333000000,,,-1426932628667325900,0.0,15.327951823699712,,,29,23,0.0,81967,209509926389095,7,43.19215393066406,546.3848582856954,0.15,25,270572.104019544,0.0011290787952020764,1561097980,,,,0,,5,47.400733947753906,38.19215393066406,9.342329576611519,2.500692349107121,9.342329576611519,1.5000000237487257,,1908098610695533,
Raw,1742897506000,95333000000,,,-1426932628667325900,0.0,15.327951823699712,,,29,25,0.0,81967,209509916198562,10,38.79826354980469,903.5035643282245,0.15,25,18024.570339047572,0.0018724866677075624,1561097980,,,,0,,5,47.400733947753906,33.79826354980469,9.342329576611519,2.500692349107121,9.342329576611519,1.5000000237487257,,1908098610695533,
Raw,1742897506000,95333000000,,,-1426932628667325900,0.0,15.327951823699712,,,29,28,0.0,81967,209509923735661,7,42.77333068847656,-179.39205559902985,0.15,25,-12432.105602323893,0.0011848554713651538,1561097980,,,,0,,5,47.400733947753906,37.77333068847656,9.342329576611519,2.500692349107121,9.342329576611519,1.5000000237487257,,1908098610695533,
Raw,1742897506000,95333000000,,,-1426932628667325900,0.0,15.327951823699712,,,29,34,0.0,16384,209509916521215,1000000000,12.058116912841797,878.698216141097,299792458,16,14450.397782668791,340282346638528860000000000000000000000,1561097980,,,,1,,5,47.400733947753906,7.058116912841797,9.342329576611519,2.500692349107121,9.342329576611519,1.5000000237487257,,1908098610695533,
Raw,1742897506000,95333000000,,,-1426932628667325900,0.0,15.327951823699712,,,29,37,0.0,81967,209509924405853,11,37.71083450317383,-29.113315307618876,0.15,25,-601.0721140687051,0.002000847365707159,1561097980,,,,0,,5,47.400733947753906,32.71083450317383,9.342329576611519,2.500692349107121,9.342329576611519,1.5000000237487257,,1908098610695533,
Raw,1742897506000,95333000000,,,-1426932628667325900,0.0,15.327951823699712,,,29,4,0.0,85026,209523909032873,93,19.781654357910156,315.426216379936,1.2848420436120556,16,5173.087185017917,340282346638528860000000000000000000000,1575420030,,,,1,,6,36.164798736572266,14.78165340423584,1.3096723705530164,1.5000000237487257,1.3096723705530164,1.5000000237487257,,1908098610695533,
Raw,1742897506000,95333000000,,,-1426932628667325900,0.0,15.327951823699712,,,29,6,0.0,16384,209523905953149,1000000000,23.5391845703125,103.59391630196262,299792458,16,3.269580103242153,340282346638528860000000000000000000000,1575420030,,,,0,,6,36.164798736572266,18.5391845703125,1.3096723705530164,1.5000000237487257,1.3096723705530164,1.5000000237487257,,1908098610695533,
Raw,1742897506000,95333000000,,,-1426932628667325900,0.0,15.327951823699712,,,29,13,0.0,21546,209523917683368,12,44.80868148803711,-142.34165615914247,0.15,25,-3221.5537129523946,0.0009288202272728086,1575420030,,,,0,,6,36.164798736572266,39.80868148803711,1.3096723705530164,1.5000000237487257,1.3096723705530164,1.5000000237487257,,1908098610695533,
Raw,1742897506000,95333000000,,,-1426932628667325900,0.0,15.327951823699712,,,29,15,0.0,84002,209523917579050,1000000000,24.722381591796875,401.7579308136278,299792458,16,2616.569742797994,340282346638528860000000000000000000000,1575420030,,,,1,,6,36.164798736572266,19.722381591796875,1.3096723705530164,1.5000000237487257,1.3096723705530164,1.5000000237487257,,1908098610695533,
Raw,1742897506000,95333000000,,,-1426932628667325900,0.0,15.327951823699712,,,29,18,0.0,16384,209523898093685,1000000000,22.034160614013672,-150.006962522791,299792458,16,-186.14044893343396,340282346638528860000000000000000000000,1575420030,,,,0,,6,36.164798736572266,17.034160614013672,1.3096723705530164,1.5000000237487257,1.3096723705530164,1.5000000237487257,,1908098610695533,
Raw,1742897506000,95333000000,,,-1426932628667325900,0.0,15.327951823699712,,,29,21,0.0,85026,209523920980112,46,28.5096492767334,128.11833132058672,0.8916248877672404,29,2105.6977762991587,0.005718826781958342,1575420030,,,,1,,6,36.164798736572266,23.5096492767334,1.3096723705530164,1.5000000237487257,1.3096723705530164,1.5000000237487257,,1908098610695533,
Raw,1742897506000,95333000000,,,-1426932628667325900,0.0,15.327951823699712,,,29,23,0.0,21546,209523910152679,63,25.833267211914062,-153.7630366851156,299.79354788170554,16,-3601.093113124137,340282346638528860000000000000000000000,1575420030,,,,1,,6,36.164798736572266,20.833267211914062,1.3096723705530164,1.5000000237487257,1.3096723705530164,1.5000000237487257,,1908098610695533,
Raw,1742897506000,95333000000,,,-1426932628667325900,0.0,15.327951823699712,,,29,26,0.0,16384,209523906163845,1000000000,20.95444107055664,-328.6043686067633,299792458,16,-10.504346015297747,340282346638528860000000000000000000000,1575420030,,,,0,,6,36.164798736572266,15.954440116882324,1.3096723705530164,1.5000000237487257,1.3096723705530164,1.5000000237487257,,1908098610695533,
Raw,1742897506000,95333000000,,,-1426932628667325900,0.0,15.327951823699712,,,29,27,0.0,85026,209523918322196,31,33.2686653137207,571.5216583625072,0.6785782478696643,25,9396.347015713589,0.003306405618786812,1575420030,,,,1,,6,36.164798736572266,28.268665313720703,1.3096723705530164,1.5000000237487257,1.3096723705530164,1.5000000237487257,,1908098610695533,
Raw,1742897506000,95333000000,,,-1426932628667325900,0.0,15.327951823699712,,,29,34,0.0,16418,209523906377183,1000000000,25.03264617919922,805.9159482155919,299792458,16,1637.883393081131,340282346638528860000000000000000000000,1575420030,,,,0,,6,36.164798736572266,20.03264617919922,1.3096723705530164,1.5000000237487257,1.3096723705530164,1.5000000237487257,,1908098610695533,
Fix,GPS,45.0659963045,7.6464212963,320.53700051806874,0.0,8.0,,1742897506000,0.16698979,,1908098714611225,5.7607346,0,,,
Fix,FLP,45.0660462000,7.6464730000,307.1000061035156,0.016417764,5.354,,1742897506599,0.050782066,,1908098714611225,3.051004,0,,,
Status,1742897506000,34,0,1,29,1575449980,31.91,31.0,81.0,0,1,1,26.913149
Status,1742897506000,34,1,3,10,1598062460,24.56,19.0,79.0,1,1,1,19.558977
Status,1742897506000,34,2,3,20,1603124990,34.68,160.0,74.0,1,1,1,29.676306
Status,1742897506000,34,3,6,21,1575449980,28.94,314.0,68.0,0,1,1,23.942247
Status,1742897506000,34,4,1,28,1575449980,29.15,252.0,61.0,0,1,1,24.151644
Status,1742897506000,34,5,5,37,1575449980,37.68,302.0,55.0,1,1,1,32.68444
Status,1742897506000,34,6,1,25,1575449980,34.16,102.0,52.0,1,1,1,29.159603
Status,1742897506000,34,7,6,27,1575449980,33.23,93.0,51.0,0,1,1,28.230581
Status,1742897506000,34,8,1,31,1575449980,36.22,294.0,48.0,1,1,1,31.21543
Status,1742897506000,34,9,6,13,1575449980,45.11,150.0,45.0,1,1,1,40.11349
Status,1742897506000,34,10,6,15,1575449980,28.95,68.0,45.0,0,1,1,23.95029
Status,1742897506000,34,11,3,9,1600875010,41.99,123.0,44.0,1,1,1,36.98823
Status,1742897506000,34,12,5,28,1575449980,43.77,209.0,44.0,1,1,1,38.766983
Status,1742897506000,34,13,5,11,1575449980,24.59,51.0,41.0,1,1,1,19.586557
Status,1742897506000,34,14,1,18,1575449980,41.05,175.0,31.0,1,1,1,36.05174
Status,1742897506000,34,15,3,19,1603687550,17.35,34.0,31.0,0,1,1,12.351854
Status,1742897506000,34,16,3,11,1602000000,23.78,319.0,30.0,0,1,1,18.783226
Status,1742897506000,34,17,1,26,1575449980,35.12,297.0,26.0,1,1,1,30.122566
Status,1742897506000,34,18,3,21,1604249980,28.85,202.0,24.0,1,1,1,23.853867
Status,1742897506000,34,19,5,13,1575449980,15.93,83.0,20.0,0,1,1,10.931571
Status,1742897506000,34,20,6,23,1575449980,32.04,291.0,18.0,1,1,1,27.043686
Status,1742897506000,34,21,5,25,1575449980,39.50,137.0,16.0,1,1,1,34.49788
Status,1742897506000,34,22,1,12,1575449980,30.72,104.0,16.0,1,1,1,25.716438
Status,1742897506000,34,23,6,4,1575449980,22.53,309.0,15.0,0,1,1,17.525805
Status,1742897506000,34,24,1,20,1575449980,19.27,60.0,14.0,0,1,1,14.265778
Status,1742897506000,34,25,1,11,1575449980,21.97,36.0,11.0,0,1,1,16.971024
Status,1742897506000,34,26,1,5,1575449980,23.84,95.0,9.0,0,1,1,18.839787
Status,1742897506000,34,27,6,18,1575449980,21.38,241.0,7.0,0,0,1,16.378485
Status,1742897506000,34,28,3,2,1599750020,24.58,348.0,7.0,0,1,1,19.575293
Status,1742897506000,34,29,6,34,1575449980,25.82,30.0,7.0,0,1,1,20.821035
Status,1742897506000,34,30,6,6,1575449980,25.33,332.0,6.0,0,1,1,20.32768
Status,1742897506000,34,31,6,26,1575449980,25.92,188.0,6.0,0,1,1,20.918346
Status,1742897506000,34,32,3,1,1602562560,20.98,302.0,6.0,0,1,1,15.981333
Status,1742897506000,34,33,5,23,1575449980,44.13,150.0,68.0,0,1,0,39.1265
Raw,1742897507000,96333000000,,,-1426932628667324903,0.0,14.961403064092877,,,29,5,0.0,16419,209524917682416,77,22.18214988708496,-181.52854846861874,1.1791697865668693,16,-3651.243005056144,340282346638528860000000000000000000000,1575420030,,,,1,,1,34.6890754699707,17.18214988708496,-0.37834980195649376,1.0,-0.37834980195649376,1.0,,1908099596424725,
Raw,1742897507000,96333000000,,,-1426932628667324903,0.0,14.961403064092877,,,29,11,0.0,16384,209524917401050,1000000000,19.628402709960938,880.9194379976016,299792458,16,15368.96832665326,340282346638528860000000000000000000000,1575420030,,,,0,,1,34.6890754699707,14.628402709960938,-0.20372681261465636,1.0,-0.20372681261465636,1.0,,1908099596424725,
Raw,1742897507000,96333000000,,,-1426932628667324903,0.0,14.961403064092877,,,29,12,0.0,16431,209524919591269,44,29.172611236572266,908.4147099833353,0.8651599934118739,25,15855.014861576434,0.005298573058098555,1575420030,,,,0,,1,34.6890754699707,24.172611236572266,-0.6984919076624261,1.0,-0.6984919076624261,1.0,,1908099596424725,
Raw,1742897507000,96333000000,,,-1426932628667324903,0.0,14.961403064092877,,,29,18,0.0,16431,209524923463484,20,38.6258544921875,-346.1201609927921,0.15,25,-28207.451093317995,0.001892661559395492,1575420030,,,,0,,1,34.6890754699707,33.6258544921875,-0.08731148845780326,1.0,-0.08731148845780326,1.0,,1908099596424725,
Raw,1742897507000,96333000000,,,-1426932628667324903,0.0,14.961403064092877,,,29,20,0.0,16384,209524919225309,1000000000,18.367950439453125,195.67726680984606,299792458,16,3663.533697905496,340282346638528860000000000000000000000,1575420030,,,,1,,1,34.6890754699707,13.367950439453125,0.0,1.0,0.0,1.0,,1908099596424725,
Raw,1742897507000,96333000000,,,-1426932628667324903,0.0,14.961403064092877,,,29,25,0.0,16431,209524930252337,29,34.159603118896484,708.6354150362299,0.6392207989596721,25,13412.232580572938,0.002984072081744671,1575420030,,,,0,,1,34.6890754699707,29.159603118896484,-1.8917489103726217,1.0,-1.8917489103726217,1.0,,1908099596424725,
Raw,1742897507000,96333000000,,,-1426932628667324903,0.0,14.961403064092877,,,29,26,0.0,16431,209524923616901,27,35.12256622314453,-274.1435512158015,0.5947237555464189,25,-5751.6681855788875,0.002670921850949526,1575420030,,,,0,,1,34.6890754699707,30.12256622314453,-0.8440110737314445,1.0,-0.8440110737314445,1.0,,1908099596424725,
Raw,1742897507000,96333000000,,,-1426932628667324903,0.0,14.961403064092877,,,29,28,0.0,16430,209524930282999,1000000000,19.212112426757812,380.99091065251855,299792458,16,7981.946976219322,340282346638528860000000000000000000000,1575420030,,,,1,,1,34.6890754699707,14.212111473083496,-0.34924595383121304,1.0,-0.34924595383121304,1.0,,1908099596424725,
Raw,1742897507000,96333000000,,,-1426932628667324903,0.0,14.961403064092877,,,29,29,0.0,16431,209524932305724,40,30.234411239624023,384.04272197448404,0.8161016256121831,25,7642.533548504167,0.0046888780780136585,1575420030,,,,0,,1,34.6890754699707,25.234411239624023,-0.9604263668227204,1.0,-0.9604263668227204,1.0,,1908099596424725,
Raw,1742897507000,96333000000,,,-1426932628667324903,0.0,14.961403064092877,,,29,31,0.0,16431,209524928858182,27,35.22148895263672,62.96003199927512,0.5912181219373158,25,1290.4964124769313,0.0026406755205243826,1575420030,,,,0,,1,34.6890754699707,30.22148895263672,-0.2619344840127561,1.0,-0.2619344840127561,1.0,,1908099596424725,
Raw,1742897507000,96333000000,,,-1426932628667324903,0.0,14.961403064092877,,,29,10,0.0,32769,47506935845359,143,23.12628173828125,213.18467491157026,1.1363827239019715,16,4937.39728677921,340282346638528860000000000000000000000,1598062460,,,,0,,3,51.483131408691406,18.12628173828125,4.656612873077393,2.0000000474974513,4.656612873077393,2.0000000474974513,,1908099596424725,
Raw,1742897507000,96333000000,,,-1426932628667324903,0.0,14.961403064092877,,,29,2,0.0,32768,47506920388181,1000000000,22.458112716674805,202.84352932447348,299792458,16,3527.2857106470374,340282346638528860000000000000000000000,1599750020,,,,0,,3,51.483131408691406,17.458112716674805,4.656612873077393,2.0000000474974513,4.656612873077393,2.0000000474974513,,1908099596424725,
Raw,1742897507000,96333000000,,,-1426932628667324903,0.0,14.961403064092877,,,29,9,0.0,32995,47506931660343,33,41.621192932128906,796.124740105719,0.15,25,24447.8977636066,0.0013193042250350118,1600875010,,,,0,,3,51.483131408691406,36.621192932128906,4.656612873077393,2.0000000474974513,4.656612873077393,2.0000000474974513,,1908099596424725,
Raw,1742897507000,96333000000,,,-1426932628667324903,0.0,14.961403064092877,,,29,11,0.0,32768,47506927700401,1000000000,23.783226013183594,-356.42594603124644,299792458,16,-9455.824831677683,340282346638528860000000000000000000000,1602000000,,,,0,,3,51.483131408691406,18.783226013183594,4.656612873077393,2.0000000474974513,4.656612873077393,2.0000000474974513,,1908099596424725,
Raw,1742897507000,96333000000,,,-1426932628667324903,0.0,14.961403064092877,,,29,1,0.0,32768,47506920047765,1000000000,18.107704162597656,740.9877779010294,299792458,16,17104.370083430935,340282346638528860000000000000000000000,1602562560,,,,1,,3,51.483131408691406,13.107704162597656,4.656612873077393,2.0000000474974513,4.656612873077393,2.0000000474974513,,1908099596424725,
Raw,1742897507000,96333000000,,,-1426932628667324903,0.0,14.961403064092877,,,29,20,0.0,32995,47506935814602,60,33.79517364501953,87.27985429169985,0.6566093088142013,25,1955.873102081408,0.0030581578612327576,1603124990,,,,0,,3,51.483131408691406,28.7951717376709,4.656612873077393,2.0000000474974513,4.656612873077393,2.0000000474974513,,1908099596424725,
Raw,1742897507000,96333000000,,,-1426932628667324903,0.0,14.961403064092877,,,29,19,0.0,32768,47506928016780,1000000000,15.832117080688477,972.0467244763354,299792458,16,16959.077878994613,340282346638528860000000000000000000000,1603687550,,,,0,,3,51.483131408691406,10.832117080688477,4.656612873077393,2.0000000474974513,4.656612873077393,2.0000000474974513,,1908099596424725,
Raw,1742897507000,96333000000,,,-1426932628667324903,0.0,14.961403064092877,,,29,21,0.0,32995,47506926010525,124,24.87891387939453,-476.9454317784041,1.0557997480011285,16,-24013.115438065903,340282346638528860000000000000000000000,1604249980,,,,0,,3,51.483131408691406,19.87891387939453,4.656612873077393,2.0000000474974513,4.656612873077393,2.0000000474974513,,1908099596424725,
Raw,1742897507000,96333000000,,,-1426932628667324903,0.0,14.961403064092877,,,29,8,0.0,16384,209510868014570,1000000000,12.0,-13.862992327275407,299792458,16,-243.42196890779965,340282346638528860000000000000000000000,1561097980,,,,1,,5,48.11504364013672,7.0,9.342329576611519,2.500692349107121,9.342329576611519,1.5000000237487257,,1908099596424725,
Raw,1742897507000,96333000000,,,-1426932628667324903,0.0,14.961403064092877,,,29,11,0.0,81955,209510922897721,35,23.281509399414062,731.7015354669984,1.1270732872912,16,12766.349266150904,340282346638528860000000000000000000000,1561097980,,,,1,,5,48.11504364013672,18.281509399414062,9.342329576611519,2.500692349107121,9.342329576611519,1.5000000237487257,,1908099596424725,
Raw,1742897507000,96333000000,,,-1426932628667324903,0.0,14.961403064092877,,,29,13,0.0,16384,209510867591640,1000000000,12.078588485717773,-47.961680620004785,299792458,16,-844.4397678988997,340282346638528860000000000000000000000,1561097980,,,,1,,5,48.11504364013672,7.078588485717773,9.342329576611519,2.500692349107121,9.342329576611519,1.5000000237487257,,1908099596424725,
Raw,1742897507000,96333000000,,,-1426932628667324903,0.0,14.961403064092877,,,29,23,0.0,81967,209510926387271,7,43.01512908935547,546.3220443183238,0.15,25,271118.4987249578,0.0011523261200636625,1561097980,,,,0,,5,48.11504364013672,38.01512908935547,9.342329576611519,2.500692349107121,9.342329576611519,1.5000000237487257,,1908099596424725,
Raw,1742897507000,96333000000,,,-1426932628667324903,0.0,14.961403064092877,,,29,25,0.0,81967,209510916195537,10,38.487449645996094,903.3862525128729,0.15,25,18928.03503694213,0.0019407047657296062,1561097980,,,,0,,5,48.11504364013672,33.487449645996094,9.342329576611519,2.500692349107121,9.342329576611519,1.5000000237487257,,1908099596424725,
Raw,1742897507000,96333000000,,,-1426932628667324903,0.0,14.961403064092877,,,29,28,0.0,81967,209510923736251,7,42.39714050292969,-179.41775377124804,0.15,25,-12611.475058753875,0.0012372994096949697,1561097980,,,,0,,5,48.11504364013672,37.39714050292969,9.342329576611519,2.500692349107121,9.342329576611519,1.5000000237487257,,1908099596424725,
Raw,1742897507000,96333000000,,,-1426932628667324903,0.0,14.961403064092877,,,29,34,0.0,16384,209510916518262,1000000000,12.0,878.698216141097,299792458,16,15329.096001161002,340282346638528860000000000000000000000,1561097980,,,,1,,5,48.11504364013672,7.0,9.342329576611519,2.500692349107121,9.342329576611519,1.5000000237487257,,1908099596424725,
Raw,1742897507000,96333000000,,,-1426932628667324903,0.0,14.961403064092877,,,29,37,0.0,81967,209510924405943,11,37.44689178466797,-29.21262732561928,0.15,25,-630.1818302195511,0.0020625810138881207,1561097980,,,,0,,5,48.11504364013672,32.44689178466797,9.342329576611519,2.500692349107121,9.342329576611519,1.5000000237487257,,1908099596424725,
Raw,1742897507000,96333000000,,,-1426932628667324903,0.0,14.961403064092877,,,29,4,0.0,85026,209524909031807,96,19.409730911254883,315.42325120621854,1.3015666778046668,16,5488.4226739933765,340282346638528860000000000000000000000,1575420030,,,,1,,6,34.6890754699707,14.409730911254883,1.3096723705530164,1.5000000237487257,1.3096723705530164,1.5000000237487257,,1908099596424725,
Raw,1742897507000,96333000000,,,-1426932628667324903,0.0,14.961403064092877,,,29,6,0.0,16384,209524905952794,1000000000,23.1485595703125,103.59391630196262,299792458,16,3.2720104589402554,340282346638528860000000000000000000000,1575420030,,,,0,,6,34.6890754699707,18.1485595703125,1.3096723705530164,1.5000000237487257,1.3096723705530164,1.5000000237487257,,1908099596424725,
Raw,1742897507000,96333000000,,,-1426932628667324903,0.0,14.961403064092877,,,29,13,0.0,21546,209524917683844,12,44.45325469970703,-142.42173289074282,0.15,25,-3363.9101901211156,0.0009676159243099391,1575420030,,,,0,,6,34.6890754699707,39.45325469970703,1.3096723705530164,1.5000000237487257,1.3096723705530164,1.5000000237487257,,1908099596424725,
Raw,1742897507000,96333000000,,,-1426932628667324903,0.0,14.961403064092877,,,29,15,0.0,85026,209524917577622,65,24.247173309326172,401.9366592156334,1.0841307234184168,16,3018.5940374950096,340282346638528860000000000000000000000,1575420030,,,,1,,6,34.6890754699707,19.247173309326172,1.3096723705530164,1.5000000237487257,1.3096723705530164,1.5000000237487257,,1908099596424725,
Raw,1742897507000,96333000000,,,-1426932628667324903,0.0,14.961403064092877,,,29,18,0.0,16384,209524898094185,1000000000,15.4186429977417,-150.006962522791,299792458,16,-186.1345835587314,340282346638528860000000000000000000000,1575420030,,,,0,,6,34.6890754699707,10.4186429977417,1.3096723705530164,1.5000000237487257,1.3096723705530164,1.5000000237487257,,1908099596424725,
Raw,1742897507000,96333000000,,,-1426932628667324903,0.0,14.961403064092877,,,29,21,0.0,85026,209524920979678,44,28.94224739074707,127.97158930402776,0.8721713271973779,29,2233.888596908308,0.0054409801959991455,1575420030,,,,1,,6,34.6890754699707,23.94224739074707,1.3096723705530164,1.5000000237487257,1.3096723705530164,1.5000000237487257,,1908099596424725,
Raw,1742897507000,96333000000,,,-1426932628667324903,0.0,14.961403064092877,,,29,23,0.0,21546,209524910153189,50,27.405616760253906,-153.18208417245603,0.9422025210068141,29,-3754.1509490979406,0.006493945140391588,1575420030,,,,0,,6,34.6890754699707,22.405616760253906,1.3096723705530164,1.5000000237487257,1.3096723705530164,1.5000000237487257,,1908099596424725,
Raw,1742897507000,96333000000,,,-1426932628667324903,0.0,14.961403064092877,,,29,26,0.0,16384,209524906164940,1000000000,23.177654266357422,-328.4187214660835,299792458,16,-10.531500303347377,340282346638528860000000000000000000000,1575420030,,,,0,,6,34.6890754699707,18.177654266357422,1.3096723705530164,1.5000000237487257,1.3096723705530164,1.5000000237487257,,1908099596424725,
Raw,1742897507000,96333000000,,,-1426932628667324903,0.0,14.961403064092877,,,29,27,0.0,85026,209524918320285,32,32.88783264160156,571.4819523006581,0.6957034840610143,25,9967.873986120592,0.0034546004608273506,1575420030,,,,0,,6,34.6890754699707,27.887832641601562,1.3096723705530164,1.5000000237487257,1.3096723705530164,1.5000000237487257,,1908099596424725,
Raw,1742897507000,96333000000,,,-1426932628667324903,0.0,14.961403064092877,,,29,34,0.0,84002,209524906374442,1000000000,24.28106117248535,805.9159482155919,299792458,16,2443.67414476259,340282346638528860000000000000000000000,1575420030,,,,0,,6,34.6890754699707,19.28106117248535,1.3096723705530164,1.5000000237487257,1.3096723705530164,1.5000000237487257,,1908099596424725,
Fix,GPS,45.0659963045,7.6464212963,321.24777459492253,0.0,8.0,,1742897507000,0.16763422,,1908099722565494,5.608589,0,,,
Fix,FLP,45.0660456000,7.6464701000,307.1000061035156,0.057037756,5.198,,1742897507607,0.08489907,,1908099722565494,3.0610836,0,,,
Status,1742897507000,33,0,1,29,1575449980,31.86,31.0,81.0,0,1,1,26.860636
Status,1742897507000,33,1,3,10,1598062460,24.47,19.0,79.0,1,1,1,19.470934
Status,1742897507000,33,2,3,20,1603124990,34.59,160.0,74.0,1,1,1,29.589338
Status,1742897507000,33,3,6,21,1575449980,29.49,314.0,68.0,0,1,1,24.489819
Status,1742897507000,33,4,1,28,1575449980,28.22,252.0,61.0,0,1,1,23.216536
Status,1742897507000,33,5,5,37,1575449980,37.74,302.0,55.0,1,1,1,32.74467
Status,1742897507000,33,6,1,25,1575449980,34.12,102.0,52.0,1,1,1,29.121946
Status,1742897507000,33,7,6,27,1575449980,33.39,93.0,51.0,0,1,1,28.39071
Status,1742897507000,33,8,1,31,1575449980,36.13,294.0,48.0,1,1,1,31.13022
Status,1742897507000,33,9,6,13,1575449980,45.07,150.0,45.0,1,1,1,40.073147
Status,1742897507000,33,10,6,15,1575449980,28.47,68.0,45.0,1,1,1,23.469942
Status,1742897507000,33,11,3,9,1600875010,41.88,123.0,44.0,1,1,1,36.88009
Status,1742897507000,33,12,5,28,1575449980,43.68,209.0,44.0,1,1,1,38.675137
Status,1742897507000,33,13,5,11,1575449980,24.45,51.0,41.0,1,1,1,19.445389
Status,1742897507000,33,14,1,18,1575449980,40.81,175.0,31.0,1,1,1,35.810673
Status,1742897507000,33,15,3,19,1603687550,17.18,34.0,31.0,0,1,1,12.182392
Status,1742897507000,33,16,3,11,1602000000,23.71,319.0,30.0,0,1,1,18.709435
Status,1742897507000,33,17,1,26,1575449980,35.36,297.0,26.0,1,1,1,30.359388
Status,1742897507000,33,18,3,21,1604249980,28.48,202.0,24.0,1,1,1,23.48486
Status,1742897507000,33,19,6,23,1575449980,31.45,291.0,18.0,1,1,1,26.454082
Status,1742897507000,33,20,5,25,1575449980,39.43,137.0,16.0,1,1,1,34.430183
Status,1742897507000,33,21,1,12,1575449980,30.58,104.0,16.0,1,1,1,25.582457
Status,1742897507000,33,22,6,4,1575449980,22.26,309.0,15.0,0,1,1,17.256203
Status,1742897507000,33,23,1,20,1575449980,19.15,60.0,14.0,0,1,1,14.150028
Status,1742897507000,33,24,1,11,1575449980,21.70,36.0,11.0,0,1,1,16.70468
Status,1742897507000,33,25,1,5,1575449980,23.49,95.0,9.0,0,1,1,18.4864
Status,1742897507000,33,26,6,18,1575449980,21.21,241.0,7.0,0,0,1,16.211823
Status,1742897507000,33,27,3,2,1599750020,23.98,348.0,7.0,0,1,1,18.981743
Status,1742897507000,33,28,6,34,1575449980,25.59,30.0,7.0,0,1,1,20.586937
Status,1742897507000,33,29,6,6,1575449980,24.91,332.0,6.0,0,1,1,19.907745
Status,1742897507000,33,30,6,26,1575449980,26.91,188.0,6.0,0,1,1,21.906765
Status,1742897507000,33,31,3,1,1602562560,20.66,302.0,6.0,0,1,1,15.6553
Status,1742897507000,33,32,5,23,1575449980,44.03,150.0,68.0,0,1,0,39.026577
Raw,1742897508000,97333000000,,,-1426932628667323905,0.0,14.6357379958111,,,29,5,0.0,16419,209525917683030,90,20.305931091308594,-181.43732677373544,1.2635414402274696,16,-3833.2314856150447,340282346638528860000000000000000000000,1575420030,,,,1,,1,36.164798736572266,15.305930137634277,-0.37834980195649376,1.0,-0.37834980195649376,1.0,,1908100606040186,
Raw,1742897508000,97333000000,,,-1426932628667323905,0.0,14.6357379958111,,,29,11,0.0,16384,209525917398463,1000000000,19.307580947875977,880.9194379976016,299792458,16,16250.249989234606,340282346638528860000000000000000000000,1575420030,,,,0,,1,36.164798736572266,14.307580947875977,-0.20372681261465636,1.0,-0.20372681261465636,1.0,,1908100606040186,
Raw,1742897508000,97333000000,,,-1426932628667323905,0.0,14.6357379958111,,,29,12,0.0,16431,209525919588240,43,29.376625061035156,908.3629046494207,0.8559851558774483,25,16763.349151516042,0.00517556956037879,1575420030,,,,0,,1,36.164798736572266,24.376625061035156,-0.6984919076624261,1.0,-0.6984919076624261,1.0,,1908100606040186,
Raw,1742897508000,97333000000,,,-1426932628667323905,0.0,14.6357379958111,,,29,18,0.0,16431,209525923464633,20,38.641082763671875,-346.0194814162237,0.15,25,-28553.51091028357,0.0018893461674451828,1575420030,,,,0,,1,36.164798736572266,33.641082763671875,-0.08731148845780326,1.0,-0.08731148845780326,1.0,,1908100606040186,
Raw,1742897508000,97333000000,,,-1426932628667323905,0.0,14.6357379958111,,,29,20,0.0,16384,209525919224535,1000000000,18.1082820892334,195.8629139505258,299792458,16,3859.0423947414392,340282346638528860000000000000000000000,1575420030,,,,1,,1,36.164798736572266,13.108282089233398,0.0,1.0,0.0,1.0,,1908100606040186,
Raw,1742897508000,97333000000,,,-1426932628667323905,0.0,14.6357379958111,,,29,25,0.0,16431,209525930249972,30,33.78303146362305,708.7481598024074,0.6561543213330814,25,14120.90286961766,0.0031162905506789684,1575420030,,,,0,,1,36.164798736572266,28.783031463623047,-1.8917489103726217,1.0,-1.8917489103726217,1.0,,1908100606040186,
Raw,1742897508000,97333000000,,,-1426932628667323905,0.0,14.6357379958111,,,29,26,0.0,16431,209525923617818,26,35.35939025878906,-274.09624476614783,0.5840743857962964,25,-6025.825785437352,0.0025990826543420553,1575420030,,,,0,,1,36.164798736572266,30.35938835144043,-0.8440110737314445,1.0,-0.8440110737314445,1.0,,1908100606040186,
Raw,1742897508000,97333000000,,,-1426932628667323905,0.0,14.6357379958111,,,29,28,0.0,16431,209525930281712,104,19.800559997558594,380.82758752086124,299.79429769574904,16,8362.920115645635,340282346638528860000000000000000000000,1575420030,,,,1,,1,36.164798736572266,14.800559997558594,-0.34924595383121304,1.0,-0.34924595383121304,1.0,,1908100606040186,
Raw,1742897508000,97333000000,,,-1426932628667323905,0.0,14.6357379958111,,,29,29,0.0,16431,209525932304451,36,31.38801383972168,384.3067246827097,0.7642251312560604,25,8026.72838800658,0.0041057150810956955,1575420030,,,,0,,1,36.164798736572266,26.38801383972168,-0.9604263668227204,1.0,-0.9604263668227204,1.0,,1908100606040186,
Raw,1742897508000,97333000000,,,-1426932628667323905,0.0,14.6357379958111,,,29,31,0.0,16431,209525928857980,26,35.36333465576172,63.013792814132785,0.5848393771837186,25,1353.4800983516252,0.0025979015044867992,1575420030,,,,0,,1,36.164798736572266,30.36333656311035,-0.2619344840127561,1.0,-0.2619344840127561,1.0,,1908100606040186,
Raw,1742897508000,97333000000,,,-1426932628667323905,0.0,14.6357379958111,,,29,10,0.0,32769,47507935844632,137,23.678550720214844,213.27625447224705,1.1115477298355914,16,5150.348190943645,340282346638528860000000000000000000000,1598062460,,,,0,,3,52.642974853515625,18.678550720214844,4.656612873077393,2.0000000474974513,4.656612873077393,2.0000000474974513,,1908100606040186,
Raw,1742897508000,97333000000,,,-1426932628667323905,0.0,14.6357379958111,,,29,2,0.0,32768,47507920387585,1000000000,18.639801025390625,203.30728931037936,299792458,16,3730.4925405337995,340282346638528860000000000000000000000,1599750020,,,,0,,3,52.642974853515625,13.639801025390625,4.656612873077393,2.0000000474974513,4.656612873077393,2.0000000474974513,,1908100606040186,
Raw,1742897508000,97333000000,,,-1426932628667323905,0.0,14.6357379958111,,,29,9,0.0,32995,47507931657668,34,40.906822204589844,796.2528901422447,0.15,25,25244.102835345366,0.0014323974028229713,1600875010,,,,0,,3,52.642974853515625,35.906822204589844,4.656612873077393,2.0000000474974513,4.656612873077393,2.0000000474974513,,1908100606040186,
Raw,1742897508000,97333000000,,,-1426932628667323905,0.0,14.6357379958111,,,29,11,0.0,32768,47507927701565,1000000000,23.045307159423828,-356.175780800369,299792458,16,-9811.81379412517,340282346638528860000000000000000000000,1602000000,,,,0,,3,52.642974853515625,18.045307159423828,4.656612873077393,2.0000000474974513,4.656612873077393,2.0000000474974513,,1908100606040186,
Raw,1742897508000,97333000000,,,-1426932628667323905,0.0,14.6357379958111,,,29,1,0.0,32768,47507920045218,1000000000,17.721006393432617,741.0789143897714,299792458,16,17845.39049264127,340282346638528860000000000000000000000,1602562560,,,,1,,3,52.642974853515625,12.721006393432617,4.656612873077393,2.0000000474974513,4.656612873077393,2.0000000474974513,,1908100606040186,
Raw,1742897508000,97333000000,,,-1426932628667323905,0.0,14.6357379958111,,,29,20,0.0,32995,47507935814310,60,33.80663299560547,87.47265874824939,0.6560938116592938,25,2043.2462975835715,0.0030541245359927416,1603124990,,,,0,,3,52.642974853515625,28.8066349029541,4.656612873077393,2.0000000474974513,4.656612873077393,2.0000000474974513,,1908100606040186,
Raw,1742897508000,97333000000,,,-1426932628667323905,0.0,14.6357379958111,,,29,19,0.0,32768,47507928013526,1000000000,15.657228469848633,972.1377928001643,299792458,16,17930.96444581463,340282346638528860000000000000000000000,1603687550,,,,1,,3,52.642974853515625,10.657228469848633,4.656612873077393,2.0000000474974513,4.656612873077393,2.0000000474974513,,1908100606040186,
Raw,1742897508000,97333000000,,,-1426932628667323905,0.0,14.6357379958111,,,29,21,0.0,32995,47507926012058,121,25.163801193237305,-476.9763786489268,1.042989071222915,16,-24489.314719407932,340282346638528860000000000000000000000,1604249980,,,,0,,3,52.642974853515625,20.163801193237305,4.656612873077393,2.0000000474974513,4.656612873077393,2.0000000474974513,,1908100606040186,
Raw,1742897508000,97333000000,,,-1426932628667323905,0.0,14.6357379958111,,,29,8,0.0,16384,209511868014610,1000000000,12.0,-13.862992327275407,299792458,16,-257.28496045657295,340282346638528860000000000000000000000,1561097980,,,,1,,5,49.28915786743164,7.0,9.342329576611519,2.500692349107121,9.342329576611519,1.5000000237487257,,1908100606040186,
Raw,1742897508000,97333000000,,,-1426932628667323905,0.0,14.6357379958111,,,29,11,0.0,81955,209511922895280,35,23.17487907409668,731.6380739329529,1.1318679966240612,16,13498.499012240853,340282346638528860000000000000000000000,1561097980,,,,0,,5,49.28915786743164,18.17487907409668,9.342329576611519,2.500692349107121,9.342329576611519,1.5000000237487257,,1908100606040186,
Raw,1742897508000,97333000000,,,-1426932628667323905,0.0,14.6357379958111,,,29,13,0.0,16384,209511867591804,1000000000,12.0,-47.961680620004785,299792458,16,-893.4541251243114,340282346638528860000000000000000000000,1561097980,,,,1,,5,49.28915786743164,7.0,9.342329576611519,2.500692349107121,9.342329576611519,1.5000000237487257,,1908100606040186,
Raw,1742897508000,97333000000,,,-1426932628667323905,0.0,14.6357379958111,,,29,23,0.0,81967,209511926385447,7,43.12728500366211,546.4531254461106,0.15,25,271664.91474103887,0.001137542654760182,1561097980,,,,0,,5,49.28915786743164,38.12728500366211,9.342329576611519,2.500692349107121,9.342329576611519,1.5000000237487257,,1908100606040186,
Raw,1742897508000,97333000000,,,-1426932628667323905,0.0,14.6357379958111,,,29,25,0.0,81967,209511916192532,10,38.82090377807617,903.4306278712656,0.15,25,19831.46249579639,0.0018676122417673469,1561097980,,,,0,,5,49.28915786743164,33.82090377807617,9.342329576611519,2.500692349107121,9.342329576611519,1.5000000237487257,,1908100606040186,
Raw,1742897508000,97333000000,,,-1426932628667323905,0.0,14.6357379958111,,,29,28,0.0,81967,209511923736855,7,42.848533630371094,-179.3894653323341,0.15,25,-12790.848451836266,0.0011746410746127367,1561097980,,,,0,,5,49.28915786743164,37.848533630371094,9.342329576611519,2.500692349107121,9.342329576611519,1.5000000237487257,,1908100606040186,
Raw,1742897508000,97333000000,,,-1426932628667323905,0.0,14.6357379958111,,,29,34,0.0,16384,209511916515371,1000000000,12.0,878.698216141097,299792458,16,16207.79421973273,340282346638528860000000000000000000000,1561097980,,,,1,,5,49.28915786743164,7.0,9.342329576611519,2.500692349107121,9.342329576611519,1.5000000237487257,,1908100606040186,
Raw,1742897508000,97333000000,,,-1426932628667323905,0.0,14.6357379958111,,,29,37,0.0,81967,209511924406035,11,37.74467086791992,-29.057665046577725,0.15,25,-659.28634523834,0.001993068028241396,1561097980,,,,0,,5,49.28915786743164,32.74467086791992,9.342329576611519,2.500692349107121,9.342329576611519,1.5000000237487257,,1908100606040186,
Raw,1742897508000,97333000000,,,-1426932628667323905,0.0,14.6357379958111,,,29,4,0.0,85026,209525909030737,93,19.82978630065918,315.6098185732244,1.2826771419498781,16,5804.1463308483,340282346638528860000000000000000000000,1575420030,,,,1,,6,36.164798736572266,14.82978630065918,1.3096723705530164,1.5000000237487257,1.3096723705530164,1.5000000237487257,,1908100606040186,
Raw,1742897508000,97333000000,,,-1426932628667323905,0.0,14.6357379958111,,,29,6,0.0,16384,209525905952446,1000000000,21.128326416015625,103.7795719632565,299792458,16,3.269042085127219,340282346638528860000000000000000000000,1575420030,,,,0,,6,36.164798736572266,16.128326416015625,1.3096723705530164,1.5000000237487257,1.3096723705530164,1.5000000237487257,,1908100606040186,
Raw,1742897508000,97333000000,,,-1426932628667323905,0.0,14.6357379958111,,,29,13,0.0,21546,209525917684321,12,44.71003341674805,-142.30178820562492,0.15,25,-3506.2628590018708,0.000939429271966219,1575420030,,,,0,,6,36.164798736572266,39.71003341674805,1.3096723705530164,1.5000000237487257,1.3096723705530164,1.5000000237487257,,1908100606040186,
Raw,1742897508000,97333000000,,,-1426932628667323905,0.0,14.6357379958111,,,29,15,0.0,85026,209525917576325,66,24.146808624267578,401.9082685293499,1.0886437199465817,16,3420.5394103919707,340282346638528860000000000000000000000,1575420030,,,,0,,6,36.164798736572266,19.146808624267578,1.3096723705530164,1.5000000237487257,1.3096723705530164,1.5000000237487257,,1908100606040186,
Raw,1742897508000,97333000000,,,-1426932628667323905,0.0,14.6357379958111,,,29,18,0.0,16384,209525898094685,1000000000,19.711856842041016,-150.006962522791,299792458,16,-186.13810278353898,340282346638528860000000000000000000000,1575420030,,,,0,,6,36.164798736572266,14.711856842041016,1.3096723705530164,1.5000000237487257,1.3096723705530164,1.5000000237487257,,1908100606040186,
Raw,1742897508000,97333000000,,,-1426932628667323905,0.0,14.6357379958111,,,29,21,0.0,85026,209525920979253,42,29.489818572998047,128.1417459682179,0.84754761773452,25,2362.0458701612715,0.005108560901135206,1575420030,,,,1,,6,36.164798736572266,24.489818572998047,1.3096723705530164,1.5000000237487257,1.3096723705530164,1.5000000237487257,,1908100606040186,
Raw,1742897508000,97333000000,,,-1426932628667323905,0.0,14.6357379958111,,,29,23,0.0,21546,209525910153704,56,26.147655487060547,-154.12226577686602,0.9987717435954213,16,-3907.2552106108865,340282346638528860000000000000000000000,1575420030,,,,0,,6,36.164798736572266,21.147655487060547,1.3096723705530164,1.5000000237487257,1.3096723705530164,1.5000000237487257,,1908100606040186,
Raw,1742897508000,97333000000,,,-1426932628667323905,0.0,14.6357379958111,,,29,26,0.0,16384,209525906166036,1000000000,26.90676498413086,-328.6043686067633,299792458,16,-10.519764402169184,340282346638528860000000000000000000000,1575420030,,,,0,,6,36.164798736572266,21.90676498413086,1.3096723705530164,1.5000000237487257,1.3096723705530164,1.5000000237487257,,1908100606040186,
Raw,1742897508000,97333000000,,,-1426932628667323905,0.0,14.6357379958111,,,29,27,0.0,85026,209525918318381,31,33.390708923339844,571.5364842310946,0.6730893081870444,25,10539.365936657612,0.003260272555053234,1575420030,,,,0,,6,36.164798736572266,28.390710830688477,1.3096723705530164,1.5000000237487257,1.3096723705530164,1.5000000237487257,,1908100606040186,
Raw,1742897508000,97333000000,,,-1426932628667323905,0.0,14.6357379958111,,,29,34,0.0,84002,209525906371815,1000000000,23.480051040649414,806.2468207035154,299792458,16,3248.6888524833385,340282346638528860000000000000000000000,1575420030,,,,0,,6,36.164798736572266,18.480051040649414,1.3096723705530164,1.5000000237487257,1.3096723705530164,1.5000000237487257,,1908100606040186,
Fix,GPS,45.0659963045,7.6464212963,321.6267160346038,0.0,8.0,,1742897508000,0.16633599,,1908100712016878,5.473007,0,,,
Fix,FLP,45.0660209000,7.6464454000,307.1000061035156,0.05754121,5.665,,1742897508597,0.16633599,,1908100712016878,3.070978,0,,,
Status,1742897508000,33,0,1,29,1575449980,31.74,31.0,81.0,0,1,1,26.73678
Status,1742897508000,33,1,3,10,1598062460,24.43,19.0,79.0,1,1,1,19.428867
Status,1742897508000,33,2,3,20,1603124990,34.56,160.0,74.0,1,1,1,29.558079
Status,1742897508000,33,3,6,21,1575449980,29.62,314.0,68.0,0,1,1,24.619131
Status,1742897508000,33,4,1,28,1575449980,28.18,252.0,61.0,1,1,1,23.184826
Status,1742897508000,33,5,5,37,1575449980,37.87,302.0,55.0,1,1,1,32.865635
Status,1742897508000,33,6,1,25,1575449980,34.39,102.0,52.0,1,1,1,29.390842
Status,1742897508000,33,7,6,27,1575449980,33.44,93.0,51.0,0,1,1,28.444016
Status,1742897508000,33,8,1,31,1575449980,35.83,294.0,48.0,1,1,1,30.825022
Status,1742897508000,33,9,6,13,1575449980,44.98,150.0,45.0,1,1,1,39.97547
Status,1742897508000,33,10,6,15,1575449980,27.90,68.0,45.0,1,1,1,22.895267
Status,1742897508000,33,11,3,9,1600875010,41.61,123.0,44.0,1,1,1,36.606266
Status,1742897508000,33,12,5,28,1575449980,43.58,209.0,44.0,1,1,1,38.576653
Status,1742897508000,33,13,5,11,1575449980,24.26,51.0,41.0,1,1,1,19.257032
Status,1742897508000,33,14,1,18,1575449980,40.77,175.0,31.0,1,1,1,35.765896
Status,1742897508000,33,15,3,19,1603687550,17.09,34.0,31.0,0,1,1,12.087701
Status,1742897508000,33,16,3,11,1602000000,23.58,319.0,30.0,0,1,1,18.580778
Status,1742897508000,33,17,1,26,1575449980,35.30,297.0,26.0,1,1,1,30.29889
Status,1742897508000,33,18,3,21,1604249980,27.96,202.0,24.0,1,1,1,22.96211
Status,1742897508000,33,19,6,23,1575449980,31.20,291.0,18.0,1,1,1,26.201004
Status,1742897508000,33,20,5,25,1575449980,39.22,137.0,16.0,1,1,1,34.22236
Status,1742897508000,33,21,1,12,1575449980,30.57,104.0,16.0,1,1,1,25.57493
Status,1742897508000,33,22,6,4,1575449980,22.02,309.0,15.0,0,1,1,17.021015
Status,1742897508000,33,23,1,20,1575449980,19.09,60.0,14.0,0,1,1,14.090846
Status,1742897508000,33,24,1,11,1575449980,21.43,36.0,11.0,0,1,1,16.433609
Status,1742897508000,33,25,1,5,1575449980,23.31,95.0,9.0,0,1,1,18.308773
Status,1742897508000,33,26,6,18,1575449980,21.18,241.0,7.0,0,0,1,16.184467
Status,1742897508000,33,27,3,2,1599750020,23.49,348.0,7.0,0,1,1,18.494005
Status,1742897508000,33,28,6,34,1575449980,25.05,30.0,7.0,0,1,1,20.046202
Status,1742897508000,33,29,6,6,1575449980,24.81,332.0,6.0,0,1,1,19.805084
Status,1742897508000,33,30,6,26,1575449980,26.15,188.0,6.0,0,1,1,21.154432
Status,1742897508000,33,31,3,1,1602562560,20.45,302.0,6.0,0,1,1,15.447448
Status,1742897508000,33,32,5,23,1575449980,44.01,150.0,68.0,0,1,0,39.00675
Raw,1742897509000,98333000000,,,-1426932628667322908,0.0,14.329902408534206,,,29,5,0.0,16418,209526917683638,1000000000,21.710115432739258,-181.79290904263792,299792458,16,-4014.8854608428414,340282346638528860000000000000000000000,1575420030,,,,1,,1,37.066368103027344,16.710115432739258,-0.37834980195649376,1.0,-0.37834980195649376,1.0,,1908101600498108,
Raw,1742897509000,98333000000,,,-1426932628667322908,0.0,14.329902408534206,,,29,11,0.0,16384,209526917395516,1000000000,18.993976593017578,881.1050510558248,299792458,16,17131.12935231412,340282346638528860000000000000000000000,1575420030,,,,1,,1,37.066368103027344,13.993976593017578,-0.20372681261465636,1.0,-0.20372681261465636,1.0,,1908101600498108,
Raw,1742897509000,98333000000,,,-1426932628667322908,0.0,14.329902408534206,,,29,12,0.0,16431,209526919585229,39,30.507198333740234,908.3426596702461,0.8051440492728017,25,17671.803351715644,0.0045439088717103004,1575420030,,,,0,,1,37.066368103027344,25.507198333740234,-0.6984919076624261,1.0,-0.6984919076624261,1.0,,1908101600498108,
Raw,1742897509000,98333000000,,,-1426932628667322908,0.0,14.329902408534206,,,29,18,0.0,16431,209526923465793,17,40.36288833618164,-345.91109920448116,0.15,25,-28899.42659357707,0.0015496063278988004,1575420030,,,,0,,1,37.066368103027344,35.36288833618164,-0.08731148845780326,1.0,-0.08731148845780326,1.0,,1908101600498108,
Raw,1742897509000,98333000000,,,-1426932628667322908,0.0,14.329902408534206,,,29,20,0.0,16384,209526919223987,1000000000,18.558202743530273,195.8629139505258,299792458,16,4055.380893839121,340282346638528860000000000000000000000,1575420030,,,,1,,1,37.066368103027344,13.558202743530273,0.0,1.0,0.0,1.0,,1908101600498108,
Raw,1742897509000,98333000000,,,-1426932628667322908,0.0,14.329902408534206,,,29,25,0.0,16431,209526930247607,28,34.39084243774414,708.8854439372813,0.6288213228458517,25,14829.734301195082,0.0029056768398731947,1575420030,,,,0,,1,37.066368103027344,29.39084243774414,-1.8917489103726217,1.0,-1.8917489103726217,1.0,,1908101600498108,
Raw,1742897509000,98333000000,,,-1426932628667322908,0.0,14.329902408534206,,,29,26,0.0,16431,209526923618733,28,34.754398345947266,-274.05001191387464,0.6112802407445446,25,-6299.880536789531,0.0027865676674991846,1575420030,,,,0,,1,37.066368103027344,29.754398345947266,-0.8440110737314445,1.0,-0.8440110737314445,1.0,,1908101600498108,
Raw,1742897509000,98333000000,,,-1426932628667322908,0.0,14.329902408534206,,,29,28,0.0,16431,209526930280395,48,27.89944076538086,382.04024132394284,0.9207381620694037,21,8747.17404012087,0.10128187682767188,1575420030,,,,1,,1,37.066368103027344,22.89944076538086,-0.34924595383121304,1.0,-0.34924595383121304,1.0,,1908101600498108,
Raw,1742897509000,98333000000,,,-1426932628667322908,0.0,14.329902408534206,,,29,29,0.0,16431,209526932303149,39,30.62207794189453,384.43269344201804,0.798668182831574,25,8411.07467913794,0.004484206438064575,1575420030,,,,0,,1,37.066368103027344,25.62207794189453,-0.9604263668227204,1.0,-0.9604263668227204,1.0,,1908101600498108,
Raw,1742897509000,98333000000,,,-1426932628667322908,0.0,14.329902408534206,,,29,31,0.0,16431,209526928857768,32,33.07823181152344,63.371420030426634,0.6875980501672898,25,1416.683521300308,0.0033796988427639008,1575420030,,,,0,,1,37.066368103027344,28.078229904174805,-0.2619344840127561,1.0,-0.2619344840127561,1.0,,1908101600498108,
Raw,1742897509000,98333000000,,,-1426932628667322908,0.0,14.329902408534206,,,29,10,0.0,32769,47508935843913,133,24.05026626586914,213.30253204622613,1.0948319490936003,16,5363.823454632221,340282346638528860000000000000000000000,1598062460,,,,0,,3,53.169551849365234,19.05026626586914,4.656612873077393,2.0000000474974513,4.656612873077393,2.0000000474974513,,1908101600498108,
Raw,1742897509000,98333000000,,,-1426932628667322908,0.0,14.329902408534206,,,29,2,0.0,32768,47508920386760,1000000000,19.104366302490234,203.2416635403447,299792458,16,3933.9781235967953,340282346638528860000000000000000000000,1599750020,,,,0,,3,53.169551849365234,14.10436725616455,4.656612873077393,2.0000000474974513,4.656612873077393,2.0000000474974513,,1908101600498108,
Raw,1742897509000,98333000000,,,-1426932628667322908,0.0,14.329902408534206,,,29,9,0.0,32995,47508931655001,39,39.1418571472168,796.3245314658557,0.15,25,26040.451781378,0.0017551402561366558,1600875010,,,,0,,3,53.169551849365234,34.1418571472168,4.656612873077393,2.0000000474974513,4.656612873077393,2.0000000474974513,,1908101600498108,
Raw,1742897509000,98333000000,,,-1426932628667322908,0.0,14.329902408534206,,,29,11,0.0,32768,47508927702709,1000000000,22.422863006591797,-355.99701831590687,299792458,16,-10167.852724010785,340282346638528860000000000000000000000,1602000000,,,,0,,3,53.169551849365234,17.422863006591797,4.656612873077393,2.0000000474974513,4.656612873077393,2.0000000474974513,,1908101600498108,
Raw,1742897509000,98333000000,,,-1426932628667322908,0.0,14.329902408534206,,,29,1,0.0,32768,47508920042687,1000000000,18.57677459716797,741.1700508785134,299792458,16,18586.811750721296,340282346638528860000000000000000000000,1602562560,,,,0,,3,53.169551849365234,13.576774597167969,4.656612873077393,2.0000000474974513,4.656612873077393,2.0000000474974513,,1908101600498108,
Raw,1742897509000,98333000000,,,-1426932628667322908,0.0,14.329902408534206,,,29,20,0.0,32995,47508935814044,58,34.27674865722656,87.64965746558647,0.6349532360588501,25,2130.8488593333545,0.0028932171408087015,1603124990,,,,0,,3,53.169551849365234,29.276748657226562,4.656612873077393,2.0000000474974513,4.656612873077393,2.0000000474974513,,1908101600498108,
Raw,1742897509000,98333000000,,,-1426932628667322908,0.0,14.329902408534206,,,29,19,0.0,32768,47508928010502,1000000000,16.235475540161133,972.2289292889063,299792458,16,18903.527622849026,340282346638528860000000000000000000000,1603687550,,,,0,,3,53.169551849365234,11.235475540161133,4.656612873077393,2.0000000474974513,4.656612873077393,2.0000000474974513,,1908101600498108,
Raw,1742897509000,98333000000,,,-1426932628667322908,0.0,14.329902408534206,,,29,21,0.0,32995,47508926013680,142,23.25737762451172,-477.05115555853786,1.1287190971643835,16,-24965.22492069773,340282346638528860000000000000000000000,1604249980,,,,0,,3,53.169551849365234,18.25737762451172,4.656612873077393,2.0000000474974513,4.656612873077393,2.0000000474974513,,1908101600498108,
Raw,1742897509000,98333000000,,,-1426932628667322908,0.0,14.329902408534206,,,29,8,0.0,16384,209512868014649,1000000000,12.0,-13.862992327275407,299792458,16,-270.7762329141491,340282346638528860000000000000000000000,1561097980,,,,0,,5,50.755516052246094,7.0,9.342329576611519,2.500692349107121,9.342329576611519,1.5000000237487257,,1908101600498108,
Raw,1742897509000,98333000000,,,-1426932628667322908,0.0,14.329902408534206,,,29,11,0.0,81955,209512922892839,37,22.561817169189453,731.3639828175965,1.159436177374758,16,14230.636984911267,340282346638528860000000000000000000000,1561097980,,,,0,,5,50.755516052246094,17.561817169189453,9.342329576611519,2.500692349107121,9.342329576611519,1.5000000237487257,,1908101600498108,
Raw,1742897509000,98333000000,,,-1426932628667322908,0.0,14.329902408534206,,,29,13,0.0,16384,209512867591951,1000000000,12.0,-47.961680620004785,299792458,16,-940.3176405385427,340282346638528860000000000000000000000,1561097980,,,,1,,5,50.755516052246094,7.0,9.342329576611519,2.500692349107121,9.342329576611519,1.5000000237487257,,1908101600498108,
Raw,1742897509000,98333000000,,,-1426932628667322908,0.0,14.329902408534206,,,29,23,0.0,81967,209512926383625,6,43.82829666137695,546.590443663441,0.15,25,272211.4814786241,0.0010493419831618667,1561097980,,,,0,,5,50.755516052246094,38.82829666137695,9.342329576611519,2.500692349107121,9.342329576611519,1.5000000237487257,,1908101600498108,
Raw,1742897509000,98333000000,,,-1426932628667322908,0.0,14.329902408534206,,,29,25,0.0,81967,209512916189513,11,37.3519401550293,903.6054027083146,0.15,25,20734.99977576801,0.0022117444314062595,1561097980,,,,0,,5,50.755516052246094,32.3519401550293,9.342329576611519,2.500692349107121,9.342329576611519,1.5000000237487257,,1908101600498108,
Raw,1742897509000,98333000000,,,-1426932628667322908,0.0,14.329902408534206,,,29,28,0.0,81967,209512923737446,7,42.69031524658203,-179.23231112530743,0.15,25,-12970.085299936502,0.0011962340213358402,1561097980,,,,0,,5,50.755516052246094,37.69031524658203,9.342329576611519,2.500692349107121,9.342329576611519,1.5000000237487257,,1908101600498108,
Raw,1742897509000,98333000000,,,-1426932628667322908,0.0,14.329902408534206,,,29,34,0.0,16384,209512916512418,1000000000,12.0,878.698216141097,299792458,16,17086.492438304493,340282346638528860000000000000000000000,1561097980,,,,1,,5,50.755516052246094,7.0,9.342329576611519,2.500692349107121,9.342329576611519,1.5000000237487257,,1908101600498108,
Raw,1742897509000,98333000000,,,-1426932628667322908,0.0,14.329902408534206,,,29,37,0.0,81967,209512924406134,10,37.86563491821289,-28.92332265373247,0.15,25,-688.2461796300817,0.0019655039068311453,1561097980,,,,0,,5,50.755516052246094,32.86563491821289,9.342329576611519,2.500692349107121,9.342329576611519,1.5000000237487257,,1908101600498108,
Raw,1742897509000,98333000000,,,-1426932628667322908,0.0,14.329902408534206,,,29,4,0.0,85026,209526909029700,93,19.90433692932129,315.61499910661587,1.2793245465586383,16,6119.589339160806,340282346638528860000000000000000000000,1575420030,,,,1,,6,37.066368103027344,14.904336929321289,1.3096723705530164,1.5000000237487257,1.3096723705530164,1.5000000237487257,,1908101600498108,
Raw,1742897509000,98333000000,,,-1426932628667322908,0.0,14.329902408534206,,,29,6,0.0,16384,209526905952095,1000000000,23.88114356994629,103.7795719632565,299792458,16,3.2714767964809948,340282346638528860000000000000000000000,1575420030,,,,0,,6,37.066368103027344,18.88114356994629,1.3096723705530164,1.5000000237487257,1.3096723705530164,1.5000000237487257,,1908101600498108,
Raw,1742897509000,98333000000,,,-1426932628667322908,0.0,14.329902408534206,,,29,13,0.0,21546,209526917684791,13,44.09638214111328,-142.2001543202739,0.15,25,-3648.4838070061887,0.0010081998771056533,1575420030,,,,0,,6,37.066368103027344,39.09638214111328,1.3096723705530164,1.5000000237487257,1.3096723705530164,1.5000000237487257,,1908101600498108,
Raw,1742897509000,98333000000,,,-1426932628667322908,0.0,14.329902408534206,,,29,15,0.0,85026,209526917574982,74,22.723201751708984,402.0153215252881,1.1526614903332746,16,3822.627432809975,340282346638528860000000000000000000000,1575420030,,,,0,,6,37.066368103027344,17.723201751708984,1.3096723705530164,1.5000000237487257,1.3096723705530164,1.5000000237487257,,1908101600498108,
Raw,1742897509000,98333000000,,,-1426932628667322908,0.0,14.329902408534206,,,29,18,0.0,16384,209526898095185,1000000000,20.93828010559082,-150.006962522791,299792458,16,-186.14162200837836,340282346638528860000000000000000000000,1575420030,,,,0,,6,37.066368103027344,15.93828010559082,1.3096723705530164,1.5000000237487257,1.3096723705530164,1.5000000237487257,,1908101600498108,
Raw,1742897509000,98333000000,,,-1426932628667322908,0.0,14.329902408534206,,,29,21,0.0,85026,209526920978814,42,29.619131088256836,128.33113365850102,0.841732631426805,25,2490.32608107501,0.0050330692902207375,1575420030,,,,0,,6,37.066368103027344,24.619131088256836,1.3096723705530164,1.5000000237487257,1.3096723705530164,1.5000000237487257,,1908101600498108,
Raw,1742897509000,98333000000,,,-1426932628667322908,0.0,14.329902408534206,,,29,23,0.0,21546,209526910154201,44,28.923297882080078,-152.95022122073135,0.8739542657042274,25,-4060.2689114436107,0.005452863406389952,1575420030,,,,0,,6,37.066368103027344,23.923297882080078,1.3096723705530164,1.5000000237487257,1.3096723705530164,1.5000000237487257,,1908101600498108,
Raw,1742897509000,98333000000,,,-1426932628667322908,0.0,14.329902408534206,,,29,26,0.0,84002,209526906167132,1000000000,19.383441925048828,-328.4191645380183,299792458,16,-274.4416136305528,340282346638528860000000000000000000000,1575420030,,,,0,,6,37.066368103027344,14.383442878723145,1.3096723705530164,1.5000000237487257,1.3096723705530164,1.5000000237487257,,1908101600498108,
Raw,1742897509000,98333000000,,,-1426932628667322908,0.0,14.329902408534206,,,29,27,0.0,85026,209526918316466,31,33.44401550292969,571.6628278974247,0.6706918869533158,25,11110.964206588593,0.0032403257209807634,1575420030,,,,0,,6,37.066368103027344,28.444015502929688,1.3096723705530164,1.5000000237487257,1.3096723705530164,1.5000000237487257,,1908101600498108,
Raw,1742897509000,98333000000,,,-1426932628667322908,0.0,14.329902408534206,,,29,34,0.0,16384,209526906369126,1000000000,20.179580688476562,806.1018339334673,299792458,16,992.9631488178035,340282346638528860000000000000000000000,1575420030,,,,0,,6,37.066368103027344,15.179581642150879,1.3096723705530164,1.5000000237487257,1.3096723705530164,1.5000000237487257,,1908101600498108,
Fix,GPS,45.0659522150,7.6463346477,321.96443567124066,0.0,8.0,,1742897509000,0.17645882,,1908101703330493,5.342211,0,,,
Fix,FLP,45.0659829000,7.6463838000,307.1000061035156,0.16922504,6.064,238.32887,1742897509588,0.17645882,45.0,1908101703330493,3.0808911,0,,,
Fix,NLP,45.0660760000,7.6464817000,307.1000061035156,,15.729,,1742897507079,,,1908099194000000,2.9558632,0,,,
Status,1742897509000,34,0,1,29,1575449980,31.66,31.0,81.0,0,1,1,26.659876
Status,1742897509000,34,1,3,10,1598062460,24.38,19.0,79.0,1,1,1,19.377834
Status,1742897509000,34,2,3,20,1603124990,34.64,160.0,74.0,1,1,1,29.637842
Status,1742897509000,34,3,6,21,1575449980,30.12,314.0,68.0,0,1,1,25.120316
Status,1742897509000,34,4,1,28,1575449980,30.11,252.0,61.0,1,1,1,25.11175
Status,1742897509000,34,5,5,37,1575449980,37.86,302.0,55.0,1,1,1,32.86346
Status,1742897509000,34,6,1,25,1575449980,34.37,102.0,52.0,1,1,1,29.374613
Status,1742897509000,34,7,6,27,1575449980,33.47,93.0,51.0,0,1,1,28.47318
Status,1742897509000,34,8,1,31,1575449980,35.42,294.0,48.0,1,1,1,30.415718
Status,1742897509000,34,9,6,13,1575449980,44.89,150.0,45.0,1,1,1,39.894356
Status,1742897509000,34,10,6,15,1575449980,27.68,68.0,45.0,0,1,1,22.676054
Status,1742897509000,34,11,5,28,1575449980,43.45,209.0,44.0,1,1,1,38.44997
Status,1742897509000,34,12,3,9,1600875010,41.41,123.0,43.0,1,1,1,36.414154
Status,1742897509000,34,13,5,11,1575449980,24.07,51.0,41.0,1,1,1,19.070173
Status,1742897509000,34,14,1,18,1575449980,40.69,175.0,31.0,1,1,1,35.687023
Status,1742897509000,34,15,3,19,1603687550,17.05,34.0,31.0,0,1,1,12.054624
Status,1742897509000,34,16,3,11,1602000000,23.40,319.0,30.0,0,1,1,18.404095
Status,1742897509000,34,17,1,26,1575449980,35.20,297.0,26.0,1,1,1,30.196438
Status,1742897509000,34,18,3,21,1604249980,27.38,202.0,24.0,1,1,1,22.378601
Status,1742897509000,34,19,5,13,1575449980,14.93,83.0,20.0,0,1,1,9.928038
Status,1742897509000,34,20,6,23,1575449980,30.99,291.0,18.0,1,1,1,25.986036
Status,1742897509000,34,21,5,25,1575449980,38.93,137.0,16.0,1,1,1,33.93288
Status,1742897509000,34,22,1,12,1575449980,30.52,104.0,16.0,1,1,1,25.520761
Status,1742897509000,34,23,6,4,1575449980,21.87,309.0,15.0,0,1,1,16.865723
Status,1742897509000,34,24,1,20,1575449980,19.30,60.0,14.0,0,1,1,14.3016205
Status,1742897509000,34,25,1,11,1575449980,21.18,36.0,11.0,0,1,1,16.177015
Status,1742897509000,34,26,1,5,1575449980,23.10,95.0,9.0,1,1,1,18.096313
Status,1742897509000,34,27,6,18,1575449980,20.88,241.0,7.0,0,0,1,15.875129
Status,1742897509000,34,28,3,2,1599750020,22.98,348.0,7.0,0,1,1,17.983685
Status,1742897509000,34,29,6,34,1575449980,24.71,30.0,7.0,0,1,1,19.706896
Status,1742897509000,34,30,6,6,1575449980,24.96,332.0,6.0,0,1,1,19.96021
Status,1742897509000,34,31,6,26,1575449980,25.52,188.0,6.0,0,1,1,20.524586
Status,1742897509000,34,32,3,1,1602562560,20.28,302.0,6.0,0,1,1,15.278633
Status,1742897509000,34,33,5,23,1575449980,44.63,150.0,68.0,0,1,0,39.626595
Raw,1742897510000,99333000000,,,-1426932628667321912,0.0,13.984590773366063,994.0,1.0,29,5,0.0,16419,209527917684258,83,21.18418312072754,-182.00844649768817,1.2240474617894925,16,-4196.625049815135,340282346638528860000000000000000000000,1575420030,,,,1,,1,37.307655334472656,16.18418312072754,-0.37834980195649376,1.0,-0.37834980195649376,1.0,,1908102605629492,
Raw,1742897510000,99333000000,,,-1426932628667321912,0.0,13.984590773366063,994.0,1.0,29,11,0.0,16384,209527917392572,1000000000,18.867666244506836,881.1050510558248,299792458,16,18012.81719357163,340282346638528860000000000000000000000,1575420030,,,,1,,1,37.307655334472656,13.867666244506836,-0.20372681261465636,1.0,-0.20372681261465636,1.0,,1908102605629492,
Raw,1742897510000,99333000000,,,-1426932628667321912,0.0,13.984590773366063,994.0,1.0,29,12,0.0,16431,209527919582200,41,30.033248901367188,908.4806936191635,0.8264564350691153,25,18580.3546813697,0.004798737354576588,1575420030,,,,0,,1,37.307655334472656,25.033248901367188,-0.6984919076624261,1.0,-0.6984919076624261,1.0,,1908102605629492,
Raw,1742897510000,99333000000,,,-1426932628667321912,0.0,13.984590773366063,994.0,1.0,29,18,0.0,16431,209527923466944,18,39.97718048095703,-345.8390148089354,0.15,25,-29245.24911784275,0.001619968912564218,1575420030,,,,0,,1,37.307655334472656,34.97718048095703,-0.08731148845780326,1.0,-0.08731148845780326,1.0,,1908102605629492,
Raw,1742897510000,99333000000,,,-1426932628667321912,0.0,13.984590773366063,994.0,1.0,29,20,0.0,16384,209527919223183,1000000000,19.301620483398438,196.04856109120556,299792458,16,4251.30291236767,340282346638528860000000000000000000000,1575420030,,,,1,,1,37.307655334472656,14.301620483398438,0.0,1.0,0.0,1.0,,1908102605629492,
Raw,1742897510000,99333000000,,,-1426932628667321912,0.0,13.984590773366063,994.0,1.0,29,25,0.0,16431,209527930245248,29,34.22854995727539,709.0399056302426,0.6361189625796069,25,15538.688290147113,0.0029604791197925806,1575420030,,,,0,,1,37.307655334472656,29.22854995727539,-1.8917489103726217,1.0,-1.8917489103726217,1.0,,1908102605629492,
Raw,1742897510000,99333000000,,,-1426932628667321912,0.0,13.984590773366063,994.0,1.0,29,26,0.0,16431,209527923619620,29,34.27436828613281,-273.9495027495889,0.6328668172408922,25,-6573.826478473358,0.0029449034482240677,1575420030,,,,0,,1,37.307655334472656,29.274368286132812,-0.8440110737314445,1.0,-0.8440110737314445,1.0,,1908102605629492,
Raw,1742897510000,99333000000,,,-1426932628667321912,0.0,13.984590773366063,994.0,1.0,29,28,0.0,16431,209527930279144,40,30.11174964904785,382.6057374425693,0.8212529359598739,17,9129.546172633638,0.09990240043316757,1575420030,,,,0,,1,37.307655334472656,25.11174964904785,-0.34924595383121304,1.0,-0.34924595383121304,1.0,,1908102605629492,
Raw,1742897510000,99333000000,,,-1426932628667321912,0.0,13.984590773366063,994.0,1.0,29,29,0.0,16431,209527932301838,38,30.96773338317871,384.57958882963135,0.7831241862344482,25,8795.5617526627,0.004309260752052069,1575420030,,,,0,,1,37.307655334472656,25.96773338317871,-0.9604263668227204,1.0,-0.9604263668227204,1.0,,1908102605629492,
Raw,1742897510000,99333000000,,,-1426932628667321912,0.0,13.984590773366063,994.0,1.0,29,31,0.0,16431,209527928857541,35,31.731983184814453,63.540477535393904,0.7481371467005276,25,1480.0772857948205,0.003946302458643913,1575420030,,,,0,,1,37.307655334472656,26.731983184814453,-0.2619344840127561,1.0,-0.2619344840127561,1.0,,1908102605629492,
Raw,1742897510000,99333000000,,,-1426932628667321912,0.0,13.984590773366063,994.0,1.0,29,10,0.0,32769,47509935843200,134,23.918535232543945,213.3148187718026,1.1007556397987797,16,5577.9785664409155,340282346638528860000000000000000000000,1598062460,,,,0,,3,54.36126708984375,18.918535232543945,4.656612873077393,2.0000000474974513,4.656612873077393,2.0000000474974513,,1908102605629492,
Raw,1742897510000,99333000000,,,-1426932628667321912,0.0,13.984590773366063,994.0,1.0,29,2,0.0,32768,47509920385905,1000000000,18.39080047607422,203.28017671621546,299792458,16,4137.899586063008,340282346638528860000000000000000000000,1599750020,,,,0,,3,54.36126708984375,13.390800476074219,4.656612873077393,2.0000000474974513,4.656612873077393,2.0000000474974513,,1908102605629492,
Raw,1742897510000,99333000000,,,-1426932628667321912,0.0,13.984590773366063,994.0,1.0,29,9,0.0,32995,47509931652356,37,39.68516540527344,796.6154593147344,0.15,25,26836.992834399025,0.0016487179091200233,1600875010,,,,0,,3,54.36126708984375,34.68516540527344,4.656612873077393,2.0000000474974513,4.656612873077393,2.0000000474974513,,1908102605629492,
Raw,1742897510000,99333000000,,,-1426932628667321912,0.0,13.984590773366063,994.0,1.0,29,11,0.0,32768,47509927704001,1000000000,21.813934326171875,-355.8274921771624,299792458,16,-10523.794754097175,340282346638528860000000000000000000000,1602000000,,,,0,,3,54.36126708984375,16.813934326171875,4.656612873077393,2.0000000474974513,4.656612873077393,2.0000000474974513,,1908102605629492,
Raw,1742897510000,99333000000,,,-1426932628667321912,0.0,13.984590773366063,994.0,1.0,29,1,0.0,32768,47509920040136,1000000000,18.759296417236328,741.2612555321684,299792458,16,19327.573065280107,340282346638528860000000000000000000000,1602562560,,,,0,,3,54.36126708984375,13.759296417236328,4.656612873077393,2.0000000474974513,4.656612873077393,2.0000000474974513,,1908102605629492,
Raw,1742897510000,99333000000,,,-1426932628667321912,0.0,13.984590773366063,994.0,1.0,29,20,0.0,32995,47509935813722,56,34.637840270996094,87.93060767531813,0.6187152088138594,25,2218.6861275867545,0.0027754048351198435,1603124990,,,,0,,3,54.36126708984375,29.637842178344727,4.656612873077393,2.0000000474974513,4.656612873077393,2.0000000474974513,,1908102605629492,
Raw,1742897510000,99333000000,,,-1426932628667321912,0.0,13.984590773366063,994.0,1.0,29,19,0.0,32768,47509928007072,1000000000,16.756925582885742,972.2289292889063,299792458,16,19875.790207553924,340282346638528860000000000000000000000,1603687550,,,,1,,3,54.36126708984375,11.756925582885742,4.656612873077393,2.0000000474974513,4.656612873077393,2.0000000474974513,,1908102605629492,
Raw,1742897510000,99333000000,,,-1426932628667321912,0.0,13.984590773366063,994.0,1.0,29,21,0.0,32995,47509926015206,155,22.127017974853516,-477.0352390513417,1.1795502852416435,16,-25441.620687128412,340282346638528860000000000000000000000,1604249980,,,,1,,3,54.36126708984375,17.127017974853516,4.656612873077393,2.0000000474974513,4.656612873077393,2.0000000474974513,,1908102605629492,
Raw,1742897510000,99333000000,,,-1426932628667321912,0.0,13.984590773366063,994.0,1.0,29,8,0.0,16384,209513868014689,1000000000,12.0,-13.488281279649499,299792458,16,-284.261523406237,340282346638528860000000000000000000000,1561097980,,,,1,,5,49.67959976196289,7.0,9.342329576611519,2.500692349107121,9.342329576611519,1.5000000237487257,,1908102605629492,
Raw,1742897510000,99333000000,,,-1426932628667321912,0.0,13.984590773366063,994.0,1.0,29,11,0.0,81955,209513922890387,38,22.388437271118164,731.5318729984278,1.1672325393043508,16,14962.766297301829,340282346638528860000000000000000000000,1561097980,,,,0,,5,49.67959976196289,17.388437271118164,9.342329576611519,2.500692349107121,9.342329576611519,1.5000000237487257,,1908102605629492,
Raw,1742897510000,99333000000,,,-1426932628667321912,0.0,13.984590773366063,994.0,1.0,29,13,0.0,16384,209513867592106,1000000000,12.619224548339844,-47.961680620004785,299792458,16,-989.3194272890795,340282346638528860000000000000000000000,1561097980,,,,1,,5,49.67959976196289,7.619224548339844,9.342329576611519,2.500692349107121,9.342329576611519,1.5000000237487257,,1908102605629492,
Raw,1742897510000,99333000000,,,-1426932628667321912,0.0,13.984590773366063,994.0,1.0,29,23,0.0,81967,209513926381795,6,44.62659454345703,546.7632076355551,0.15,25,272758.1983982846,0.0009571989648975432,1561097980,,,,0,,5,49.67959976196289,39.62659454345703,9.342329576611519,2.500692349107121,9.342329576611519,1.5000000237487257,,1908102605629492,
Raw,1742897510000,99333000000,,,-1426932628667321912,0.0,13.984590773366063,994.0,1.0,29,25,0.0,81967,209513916186505,12,36.32757568359375,903.6880185829259,0.15,25,21638.61932873103,0.0024885882157832384,1561097980,,,,0,,5,49.67959976196289,31.327577590942383,9.342329576611519,2.500692349107121,9.342329576611519,1.5000000237487257,,1908102605629492,
Raw,1742897510000,99333000000,,,-1426932628667321912,0.0,13.984590773366063,994.0,1.0,29,28,0.0,81967,209513923738053,7,42.309814453125,-179.02336862559434,0.15,25,-13149.184501974947,0.0012498019495978951,1561097980,,,,0,,5,49.67959976196289,37.309814453125,9.342329576611519,2.500692349107121,9.342329576611519,1.5000000237487257,,1908102605629492,
Raw,1742897510000,99333000000,,,-1426932628667321912,0.0,13.984590773366063,994.0,1.0,29,34,0.0,16384,209513916509481,1000000000,12.0,878.698216141097,299792458,16,17965.19065679671,340282346638528860000000000000000000000,1561097980,,,,1,,5,49.67959976196289,7.0,9.342329576611519,2.500692349107121,9.342329576611519,1.5000000237487257,,1908102605629492,
Raw,1742897510000,99333000000,,,-1426932628667321912,0.0,13.984590773366063,994.0,1.0,29,37,0.0,81967,209513924406234,10,37.843894958496094,-28.757149376648442,0.15,25,-717.0816745821106,0.001970429439097643,1561097980,,,,0,,5,49.67959976196289,32.843894958496094,9.342329576611519,2.500692349107121,9.342329576611519,1.5000000237487257,,1908102605629492,
Raw,1742897510000,99333000000,,,-1426932628667321912,0.0,13.984590773366063,994.0,1.0,29,4,0.0,85026,209527909028612,88,20.46809959411621,315.7958747033824,1.253972524289499,16,6435.324065958421,340282346638528860000000000000000000000,1575420030,,,,1,,6,37.307655334472656,15.468099594116211,1.3096723705530164,1.5000000237487257,1.3096723705530164,1.5000000237487257,,1908102605629492,
Raw,1742897510000,99333000000,,,-1426932628667321912,0.0,13.984590773366063,994.0,1.0,29,6,0.0,16384,209527905951744,1000000000,24.9602108001709,103.7795719632565,299792458,16,3.2804040714885963,340282346638528860000000000000000000000,1575420030,,,,0,,6,37.307655334472656,19.9602108001709,1.3096723705530164,1.5000000237487257,1.3096723705530164,1.5000000237487257,,1908102605629492,
Raw,1742897510000,99333000000,,,-1426932628667321912,0.0,13.984590773366063,994.0,1.0,29,13,0.0,21546,209527917685267,13,44.16432189941406,-142.06515370998704,0.15,25,-3790.568415291142,0.001000344636850059,1575420030,,,,0,,6,37.307655334472656,39.16432189941406,1.3096723705530164,1.5000000237487257,1.3096723705530164,1.5000000237487257,,1908102605629492,
Raw,1742897510000,99333000000,,,-1426932628667321912,0.0,13.984590773366063,994.0,1.0,29,15,0.0,85026,209527917573634,63,25.7031307220459,402.0908141664861,299.79344563433597,16,4225.255281817026,340282346638528860000000000000000000000,1575420030,,,,0,,6,37.307655334472656,20.7031307220459,1.3096723705530164,1.5000000237487257,1.3096723705530164,1.5000000237487257,,1908102605629492,
Raw,1742897510000,99333000000,,,-1426932628667321912,0.0,13.984590773366063,994.0,1.0,29,18,0.0,16384,209527898095686,1000000000,18.091083526611328,-150.19260966347076,299792458,16,-186.13908915591566,340282346638528860000000000000000000000,1575420030,,,,0,,6,37.307655334472656,13.091083526611328,1.3096723705530164,1.5000000237487257,1.3096723705530164,1.5000000237487257,,1908102605629492,
Raw,1742897510000,99333000000,,,-1426932628667321912,0.0,13.984590773366063,994.0,1.0,29,21,0.0,85026,209527920978385,40,30.120315551757812,128.49362176997352,0.819194741676224,25,2618.696194000693,0.004750875756144524,1575420030,,,,1,,6,37.307655334472656,25.120315551757812,1.3096723705530164,1.5000000237487257,1.3096723705530164,1.5000000237487257,,1908102605629492,
Raw,1742897510000,99333000000,,,-1426932628667321912,0.0,13.984590773366063,994.0,1.0,29,23,0.0,21546,209527910154711,44,29.051334381103516,-152.96623997529707,0.8681966604072988,29,-4213.211815250165,0.005373072810471058,1575420030,,,,0,,6,37.307655334472656,24.051334381103516,1.3096723705530164,1.5000000237487257,1.3096723705530164,1.5000000237487257,,1908102605629492,
Raw,1742897510000,99333000000,,,-1426932628667321912,0.0,13.984590773366063,994.0,1.0,29,26,0.0,84002,209527906168228,1000000000,19.855958938598633,-328.5978588575674,299792458,16,-601.7555118410127,340282346638528860000000000000000000000,1575420030,,,,0,,6,37.307655334472656,14.855958938598633,1.3096723705530164,1.5000000237487257,1.3096723705530164,1.5000000237487257,,1908102605629492,
Raw,1742897510000,99333000000,,,-1426932628667321912,0.0,13.984590773366063,994.0,1.0,29,27,0.0,85026,209527918314562,31,33.473182678222656,571.692445552143,0.6693800452136771,25,11682.656620637426,0.0032294634729623795,1575420030,,,,0,,6,37.307655334472656,28.473180770874023,1.3096723705530164,1.5000000237487257,1.3096723705530164,1.5000000237487257,,1908102605629492,
Raw,1742897510000,99333000000,,,-1426932628667321912,0.0,13.984590773366063,994.0,1.0,29,34,0.0,16384,209527906366430,1000000000,21.653148651123047,806.1018339334673,299792458,16,992.9820602971254,340282346638528860000000000000000000000,1575420030,,,,0,,6,37.307655334472656,16.653148651123047,1.3096723705530164,1.5000000237487257,1.3096723705530164,1.5000000237487257,,1908102605629492,
Fix,GPS,45.0659522150,7.6463346477,321.931957599488,0.0,8.0,,1742897510000,0.17483729,,1908102713381492,5.2097554,0,,,
Fix,FLP,45.0659649000,7.6463548000,307.1000061035156,0.28636378,6.814,234.22816,1742897510599,0.17483729,45.0,1908102713381492,2.9910572,0,,,
Status,1742897510000,34,0,1,29,1575449980,31.51,31.0,81.0,0,1,1,26.507858
Status,1742897510000,34,1,3,10,1598062460,24.39,19.0,79.0,1,1,1,19.393208
Status,1742897510000,34,2,3,20,1603124990,34.58,160.0,74.0,1,1,1,29.575428
Status,1742897510000,34,3,6,21,1575449980,30.04,314.0,68.0,0,1,1,25.040915
Status,1742897510000,34,4,1,28,1575449980,33.31,252.0,61.0,1,1,1,28.312166
Status,1742897510000,34,5,5,37,1575449980,39.72,302.0,55.0,1,1,1,34.719757
Status,1742897510000,34,6,1,25,1575449980,34.85,102.0,52.0,1,1,1,29.851763
Status,1742897510000,34,7,6,27,1575449980,33.98,93.0,51.0,0,1,1,28.976551
Status,1742897510000,34,8,1,31,1575449980,35.43,294.0,48.0,1,1,1,30.427322
Status,1742897510000,34,9,6,13,1575449980,44.88,150.0,45.0,1,1,1,39.876347
Status,1742897510000,34,10,6,15,1575449980,27.49,68.0,45.0,1,1,1,22.49295
Status,1742897510000,34,11,5,28,1575449980,44.14,209.0,44.0,1,1,1,39.140606
Status,1742897510000,34,12,3,9,1600875010,41.62,123.0,43.0,1,1,1,36.617958
Status,1742897510000,34,13,5,11,1575449980,23.89,51.0,41.0,1,1,1,18.889786
Status,1742897510000,34,14,1,18,1575449980,40.60,175.0,31.0,1,1,1,35.603516
Status,1742897510000,34,15,3,19,1603687550,17.00,34.0,31.0,0,1,1,12.001314
Status,1742897510000,34,16,3,11,1602000000,24.27,319.0,30.0,0,1,1,19.265795
Status,1742897510000,34,17,1,26,1575449980,35.20,297.0,26.0,1,1,1,30.197071
Status,1742897510000,34,18,3,21,1604249980,28.52,202.0,24.0,1,1,1,23.51622
Status,1742897510000,34,19,5,13,1575449980,15.02,83.0,20.0,0,1,1,10.017603
Status,1742897510000,34,20,6,23,1575449980,30.61,291.0,18.0,1,1,1,25.612627
Status,1742897510000,34,21,5,25,1575449980,38.61,137.0,16.0,1,1,1,33.611782
Status,1742897510000,34,22,1,12,1575449980,30.33,104.0,16.0,1,1,1,25.332817
Status,1742897510000,34,23,6,4,1575449980,21.69,309.0,15.0,0,1,1,16.685013
Status,1742897510000,34,24,1,20,1575449980,20.08,60.0,14.0,0,1,1,15.076667
Status,1742897510000,34,25,1,11,1575449980,20.98,36.0,11.0,0,1,1,15.97576
Status,1742897510000,34,26,1,5,1575449980,22.79,95.0,9.0,1,1,1,17.793787
Status,1742897510000,34,27,6,18,1575449980,20.71,241.0,7.0,0,0,1,15.713585
Status,1742897510000,34,28,3,2,1599750020,22.64,348.0,7.0,0,1,1,17.64412
Status,1742897510000,34,29,6,34,1575449980,24.34,30.0,7.0,0,1,1,19.344364
Status,1742897510000,34,30,6,6,1575449980,24.63,332.0,6.0,0,1,1,19.625366
Status,1742897510000,34,31,6,26,1575449980,24.93,188.0,6.0,1,1,1,19.926586
Status,1742897510000,34,32,3,1,1602562560,20.08,302.0,6.0,0,1,1,15.076119
Status,1742897510000,34,33,5,23,1575449980,44.43,150.0,68.0,0,1,0,39.427814
Raw,1742897511000,100333000000,,,-1426932628667320916,0.0,13.616238321494885,994.0,1.0,29,5,0.0,16419,209528917684862,91,20.071048736572266,-181.58880625175107,1.2741040727884334,16,-4378.036241203149,340282346638528860000000000000000000000,1575420030,,,,1,,1,38.62957763671875,15.071048736572266,-0.37834980195649376,1.0,-0.37834980195649376,1.0,,1908103616801068,
Raw,1742897511000,100333000000,,,-1426932628667320916,0.0,13.616238321494885,994.0,1.0,29,11,0.0,16384,209528917389289,1000000000,19.164466857910156,881.1050510558248,299792458,16,18893.235028958567,340282346638528860000000000000000000000,1575420030,,,,0,,1,38.62957763671875,14.16446590423584,-0.20372681261465636,1.0,-0.20372681261465636,1.0,,1908103616801068,
Raw,1742897511000,100333000000,,,-1426932628667320916,0.0,13.616238321494885,994.0,1.0,29,12,0.0,16431,209528919579195,46,28.641324996948242,908.5855312554277,0.8890491327424481,25,19489.015007464404,0.005632786080241203,1575420030,,,,0,,1,38.62957763671875,23.641324996948242,-0.6984919076624261,1.0,-0.6984919076624261,1.0,,1908103616801068,
Raw,1742897511000,100333000000,,,-1426932628667320916,0.0,13.616238321494885,994.0,1.0,29,18,0.0,16431,209528923468103,18,39.851966857910156,-345.61897846962415,0.15,25,-29590.913313386027,0.001643491443246603,1575420030,,,,0,,1,38.62957763671875,34.851966857910156,-0.08731148845780326,1.0,-0.08731148845780326,1.0,,1908103616801068,
Raw,1742897511000,100333000000,,,-1426932628667320916,0.0,13.616238321494885,994.0,1.0,29,20,0.0,16384,209528919222524,1000000000,20.07666778564453,196.04856109120556,299792458,16,4447.591663847358,340282346638528860000000000000000000000,1575420030,,,,0,,1,38.62957763671875,15.076666831970215,0.0,1.0,0.0,1.0,,1908103616801068,
Raw,1742897511000,100333000000,,,-1426932628667320916,0.0,13.616238321494885,994.0,1.0,29,25,0.0,16431,209528930242890,27,34.85176086425781,709.174872158073,0.608093397925066,25,16247.7855341906,0.002755505731329322,1575420030,,,,0,,1,38.62957763671875,29.851762771606445,-1.8917489103726217,1.0,-1.8917489103726217,1.0,,1908103616801068,
Raw,1742897511000,100333000000,,,-1426932628667320916,0.0,13.616238321494885,994.0,1.0,29,26,0.0,16431,209528923620529,27,35.19707107543945,-273.79122382149694,0.5913740225489885,25,-6847.668732854746,0.0026481091044843197,1575420030,,,,0,,1,38.62957763671875,30.197071075439453,-0.8440110737314445,1.0,-0.8440110737314445,1.0,,1908103616801068,
Raw,1742897511000,100333000000,,,-1426932628667320916,0.0,13.616238321494885,994.0,1.0,29,28,0.0,16431,209528930277855,31,33.312164306640625,382.88085103162143,0.6773335725336027,17,9512.292763664344,0.09843672501210844,1575420030,,,,0,,1,38.62957763671875,28.312166213989258,-0.34924595383121304,1.0,-0.34924595383121304,1.0,,1908103616801068,
Raw,1742897511000,100333000000,,,-1426932628667320916,0.0,13.616238321494885,994.0,1.0,29,29,0.0,16431,209528932300551,40,30.139698028564453,384.6662945990254,0.8203598025240018,25,9180.227992890355,0.004740285687148571,1575420030,,,,0,,1,38.62957763671875,25.139698028564453,-0.9604263668227204,1.0,-0.9604263668227204,1.0,,1908103616801068,
Raw,1742897511000,100333000000,,,-1426932628667320916,0.0,13.616238321494885,994.0,1.0,29,31,0.0,16431,209528928857370,26,35.42732238769531,63.740839776677376,0.5819618725975633,25,1543.6589777858303,0.002578833606094122,1575420030,,,,0,,1,38.62957763671875,30.427322387695312,-0.2619344840127561,1.0,-0.2619344840127561,1.0,,1908103616801068,
Raw,1742897511000,100333000000,,,-1426932628667320916,0.0,13.616238321494885,994.0,1.0,29,10,0.0,32769,47510935842506,129,24.393207550048828,213.37282711280443,1.079410036920816,16,5791.1861714077795,340282346638528860000000000000000000000,1598062460,,,,0,,3,53.90400695800781,19.393207550048828,4.656612873077393,2.0000000474974513,4.656612873077393,2.0000000474974513,,1908103616801068,
Raw,1742897511000,100333000000,,,-1426932628667320916,0.0,13.616238321494885,994.0,1.0,29,2,0.0,32768,47510920385268,1000000000,19.588035583496094,203.99507328300967,299792458,16,4341.468142863792,340282346638528860000000000000000000000,1599750020,,,,0,,3,53.90400695800781,14.588035583496094,4.656612873077393,2.0000000474974513,4.656612873077393,2.0000000474974513,,1908103616801068,
Raw,1742897511000,100333000000,,,-1426932628667320916,0.0,13.616238321494885,994.0,1.0,29,9,0.0,32995,47510931649686,33,41.617958068847656,796.792688088653,0.15,25,27633.703506763726,0.001319795730523765,1600875010,,,,0,,3,53.90400695800781,36.617958068847656,4.656612873077393,2.0000000474974513,4.656612873077393,2.0000000474974513,,1908103616801068,
Raw,1742897511000,100333000000,,,-1426932628667320916,0.0,13.616238321494885,994.0,1.0,29,11,0.0,32768,47510927705392,1000000000,24.26579475402832,-355.9799089227324,299792458,16,-10879.784494977255,340282346638528860000000000000000000000,1602000000,,,,0,,3,53.90400695800781,19.26579475402832,4.656612873077393,2.0000000474974513,4.656612873077393,2.0000000474974513,,1908103616801068,
Raw,1742897511000,100333000000,,,-1426932628667320916,0.0,13.616238321494885,994.0,1.0,29,1,0.0,32768,47510920037478,1000000000,18.25349998474121,741.3523920209104,299792458,16,20069.51617230154,340282346638528860000000000000000000000,1602562560,,,,1,,3,53.90400695800781,13.253499984741211,4.656612873077393,2.0000000474974513,4.656612873077393,2.0000000474974513,,1908103616801068,
Raw,1742897511000,100333000000,,,-1426932628667320916,0.0,13.616238321494885,994.0,1.0,29,20,0.0,32995,47510935813460,59,34.01369857788086,88.19705579979933,0.6467822448949896,25,2306.766334926235,0.0029821775387972593,1603124990,,,,0,,3,53.90400695800781,29.01369857788086,4.656612873077393,2.0000000474974513,4.656612873077393,2.0000000474974513,,1908103616801068,
Raw,1742897511000,100333000000,,,-1426932628667320916,0.0,13.616238321494885,994.0,1.0,29,19,0.0,32768,47510928003994,1000000000,16.521533966064453,972.4110659365642,299792458,16,20848.349447139695,340282346638528860000000000000000000000,1603687550,,,,0,,3,53.90400695800781,11.521533966064453,4.656612873077393,2.0000000474974513,4.656612873077393,2.0000000474974513,,1908103616801068,
Raw,1742897511000,100333000000,,,-1426932628667320916,0.0,13.616238321494885,994.0,1.0,29,21,0.0,32995,47510926016861,93,28.516220092773438,-476.9072935095551,0.8922354430235435,29,-25918.493881571852,0.005611806642264128,1604249980,,,,1,,3,53.90400695800781,23.516220092773438,4.656612873077393,2.0000000474974513,4.656612873077393,2.0000000474974513,,1908103616801068,
Raw,1742897511000,100333000000,,,-1426932628667320916,0.0,13.616238321494885,994.0,1.0,29,8,0.0,16384,209514868014729,1000000000,12.0,-13.488281279649499,299792458,16,-297.74980403766847,340282346638528860000000000000000000000,1561097980,,,,1,,5,51.326629638671875,7.0,9.342329576611519,2.500692349107121,9.342329576611519,1.5000000237487257,,1908103616801068,
Raw,1742897511000,100333000000,,,-1426932628667320916,0.0,13.616238321494885,994.0,1.0,29,11,0.0,81955,209514922887947,38,22.26629638671875,731.4849073733394,1.1727247407845676,16,15695.07940262836,340282346638528860000000000000000000000,1561097980,,,,0,,5,51.326629638671875,17.26629638671875,9.342329576611519,2.500692349107121,9.342329576611519,1.5000000237487257,,1908103616801068,
Raw,1742897511000,100333000000,,,-1426932628667320916,0.0,13.616238321494885,994.0,1.0,29,13,0.0,16384,209514867592261,1000000000,15.017602920532227,-47.961680620004785,299792458,16,-1036.1790294841765,340282346638528860000000000000000000000,1561097980,,,,1,,5,51.326629638671875,10.017602920532227,9.342329576611519,2.500692349107121,9.342329576611519,1.5000000237487257,,1908103616801068,
Raw,1742897511000,100333000000,,,-1426932628667320916,0.0,13.616238321494885,994.0,1.0,29,23,0.0,81967,209514926379978,7,42.6387825012207,546.9700199817355,0.15,25,273305.0827973979,0.0012033521197736263,1561097980,,,,0,,5,51.326629638671875,37.6387825012207,9.342329576611519,2.500692349107121,9.342329576611519,1.5000000237487257,,1908103616801068,
Raw,1742897511000,100333000000,,,-1426932628667320916,0.0,13.616238321494885,994.0,1.0,29,25,0.0,81967,209514916183479,13,35.721893310546875,903.7636816364065,0.5700332790837712,25,22542.34997045231,0.002668316476047039,1561097980,,,,0,,5,51.326629638671875,30.721891403198242,9.342329576611519,2.500692349107121,9.342329576611519,1.5000000237487257,,1908103616801068,
Raw,1742897511000,100333000000,,,-1426932628667320916,0.0,13.616238321494885,994.0,1.0,29,28,0.0,81967,209514923738641,6,44.14060592651367,-178.8820457196225,0.15,25,-13328.13962250204,0.0010122822131961584,1561097980,,,,0,,5,51.326629638671875,39.14060592651367,9.342329576611519,2.500692349107121,9.342329576611519,1.5000000237487257,,1908103616801068,
Raw,1742897511000,100333000000,,,-1426932628667320916,0.0,13.616238321494885,994.0,1.0,29,34,0.0,16384,209514916506571,1000000000,12.0,878.698216141097,299792458,16,18843.888875368437,340282346638528860000000000000000000000,1561097980,,,,1,,5,51.326629638671875,7.0,9.342329576611519,2.500692349107121,9.342329576611519,1.5000000237487257,,1908103616801068,
Raw,1742897511000,100333000000,,,-1426932628667320916,0.0,13.616238321494885,994.0,1.0,29,37,0.0,81967,209514924406329,9,39.719757080078125,-28.57809932145939,0.15,25,-745.7661337504069,0.0016840074677020311,1561097980,,,,0,,5,51.326629638671875,34.719757080078125,9.342329576611519,2.500692349107121,9.342329576611519,1.5000000237487257,,1908103616801068,
Raw,1742897511000,100333000000,,,-1426932628667320916,0.0,13.616238321494885,994.0,1.0,29,4,0.0,85026,209528909027556,91,20.058624267578125,315.7948181472302,1.2723861039643305,16,6751.129865198831,340282346638528860000000000000000000000,1575420030,,,,1,,6,38.62957763671875,15.058623313903809,1.3096723705530164,1.5000000237487257,1.3096723705530164,1.5000000237487257,,1908103616801068,
Raw,1742897511000,100333000000,,,-1426932628667320916,0.0,13.616238321494885,994.0,1.0,29,6,0.0,16384,209528905951392,1000000000,21.61175537109375,103.96521910393625,299792458,16,3.270937237439443,340282346638528860000000000000000000000,1575420030,,,,0,,6,38.62957763671875,16.61175537109375,1.3096723705530164,1.5000000237487257,1.3096723705530164,1.5000000237487257,,1908103616801068,
Raw,1742897511000,100333000000,,,-1426932628667320916,0.0,13.616238321494885,994.0,1.0,29,13,0.0,85026,209528917685747,12,44.714263916015625,-141.88882812116628,0.15,25,-3932.5050853586085,0.0009389715851284564,1575420030,,,,0,,6,38.62957763671875,39.714263916015625,1.3096723705530164,1.5000000237487257,1.3096723705530164,1.5000000237487257,,1908103616801068,
Raw,1742897511000,100333000000,,,-1426932628667320916,0.0,13.616238321494885,994.0,1.0,29,15,0.0,85026,209528917572295,57,25.845027923583984,402.2188278731858,1.0122758519158186,16,4627.92303409932,340282346638528860000000000000000000000,1575420030,,,,0,,6,38.62957763671875,20.845027923583984,1.3096723705530164,1.5000000237487257,1.3096723705530164,1.5000000237487257,,1908103616801068,
Raw,1742897511000,100333000000,,,-1426932628667320916,0.0,13.616238321494885,994.0,1.0,29,18,0.0,16384,209528898096190,1000000000,19.259685516357422,-150.19260966347076,299792458,16,-186.14261273623967,340282346638528860000000000000000000000,1575420030,,,,0,,6,38.62957763671875,14.259686470031738,1.3096723705530164,1.5000000237487257,1.3096723705530164,1.5000000237487257,,1908103616801068,
Raw,1742897511000,100333000000,,,-1426932628667320916,0.0,13.616238321494885,994.0,1.0,29,21,0.0,85026,209528920977963,43,29.326297760009766,128.41223286379704,0.8549007745947206,25,2747.1622527071627,0.0052056447602808475,1575420030,,,,0,,6,38.62957763671875,24.326297760009766,1.3096723705530164,1.5000000237487257,1.3096723705530164,1.5000000237487257,,1908103616801068,
Raw,1742897511000,100333000000,,,-1426932628667320916,0.0,13.616238321494885,994.0,1.0,29,23,0.0,21546,209528910155229,51,27.251941680908203,-152.86637837768524,0.9491134047397929,29,-4366.092690808195,0.006609860807657242,1575420030,,,,0,,6,38.62957763671875,22.251941680908203,1.3096723705530164,1.5000000237487257,1.3096723705530164,1.5000000237487257,,1908103616801068,
Raw,1742897511000,100333000000,,,-1426932628667320916,0.0,13.616238321494885,994.0,1.0,29,26,0.0,85026,209528906169361,95,19.544586181640625,-328.60464126641546,1.2957068917054677,16,-930.1970314608818,340282346638528860000000000000000000000,1575420030,,,,0,,6,38.62957763671875,14.544587135314941,1.3096723705530164,1.5000000237487257,1.3096723705530164,1.5000000237487257,,1908103616801068,
Raw,1742897511000,100333000000,,,-1426932628667320916,0.0,13.616238321494885,994.0,1.0,29,27,0.0,85026,209528918312648,29,33.9765510559082,571.865720761105,0.6467437024295077,25,12254.479137457403,0.0030476280953735113,1575420030,,,,0,,6,38.62957763671875,28.976551055908203,1.3096723705530164,1.5000000237487257,1.3096723705530164,1.5000000237487257,,1908103616801068,
Raw,1742897511000,100333000000,,,-1426932628667320916,0.0,13.616238321494885,994.0,1.0,29,34,0.0,16384,209528906363738,1000000000,21.081588745117188,806.1018339334673,299792458,16,993.000971776468,340282346638528860000000000000000000000,1575420030,,,,0,,6,38.62957763671875,16.081588745117188,1.3096723705530164,1.5000000237487257,1.3096723705530164,1.5000000237487257,,1908103616801068,
Fix,GPS,45.0659522150,7.6463346477,321.9472259645444,0.0,8.0,,1742897511000,0.17012359,,1908103728565030,5.0914564,0,,,
Fix,FLP,45.0659568000,7.6463417000,307.1000061035156,0.35525364,7.393,232.8883,1742897511614,0.17012359,45.0,1908103728565030,3.0012088,0,,,
Status,1742897511000,36,0,1,29,1575449980,31.18,31.0,81.0,0,1,1,26.181328
Status,1742897511000,36,1,3,10,1598062460,24.58,19.0,79.0,1,1,1,19.584755
Status,1742897511000,36,2,3,20,1603124990,34.51,160.0,74.0,1,1,1,29.506508
Status,1742897511000,36,3,6,21,1575449980,29.99,314.0,68.0,0,1,1,24.985498
Status,1742897511000,36,4,1,28,1575449980,34.25,252.0,61.0,1,1,1,29.24561
Status,1742897511000,36,5,5,37,1575449980,39.65,302.0,55.0,1,1,1,34.65412
Status,1742897511000,36,6,1,25,1575449980,34.81,102.0,52.0,1,1,1,29.806137
Status,1742897511000,36,7,6,27,1575449980,34.53,93.0,51.0,0,1,1,29.525427
Status,1742897511000,36,8,1,31,1575449980,35.40,294.0,48.0,1,1,1,30.401814
Status,1742897511000,36,9,6,13,1575449980,44.79,150.0,45.0,1,1,1,39.793106
Status,1742897511000,36,10,6,15,1575449980,27.26,68.0,45.0,1,1,1,22.264727
Status,1742897511000,36,11,5,28,1575449980,44.83,209.0,44.0,1,1,1,39.834927
Status,1742897511000,36,12,3,9,1600875010,42.21,123.0,43.0,1,1,1,37.20813
Status,1742897511000,36,13,5,11,1575449980,23.60,51.0,41.0,1,1,1,18.5955
Status,1742897511000,36,14,1,18,1575449980,40.55,175.0,31.0,1,1,1,35.54644
Status,1742897511000,36,15,3,19,1603687550,16.91,34.0,31.0,0,1,1,11.91039
Status,1742897511000,36,16,3,11,1602000000,25.47,319.0,30.0,0,1,1,20.468998
Status,1742897511000,36,17,1,26,1575449980,35.21,297.0,26.0,1,1,1,30.214092
Status,1742897511000,36,18,3,21,1604249980,28.37,202.0,24.0,1,1,1,23.369268
Status,1742897511000,36,19,5,8,1575449980,15.41,69.0,20.0,0,1,1,10.406193
Status,1742897511000,36,20,5,13,1575449980,17.31,83.0,20.0,0,1,1,12.30695
Status,1742897511000,36,21,5,34,1575449980,16.20,48.0,18.0,0,1,1,11.198231
Status,1742897511000,36,22,6,23,1575449980,30.16,291.0,18.0,0,1,1,25.156294
Status,1742897511000,36,23,5,25,1575449980,38.25,137.0,16.0,1,1,1,33.25011
Status,1742897511000,36,24,1,12,1575449980,30.08,104.0,16.0,1,1,1,25.081848
Status,1742897511000,36,25,6,4,1575449980,21.53,309.0,15.0,0,1,1,16.533182
Status,1742897511000,36,26,1,20,1575449980,20.76,60.0,14.0,0,1,1,15.757389
Status,1742897511000,36,27,1,11,1575449980,20.83,36.0,11.0,0,1,1,15.82909
Status,1742897511000,36,28,1,5,1575449980,22.70,95.0,9.0,1,1,1,17.704197
Status,1742897511000,36,29,6,18,1575449980,21.37,241.0,7.0,0,0,1,16.369442
Status,1742897511000,36,30,3,2,1599750020,22.30,348.0,7.0,0,1,1,17.29883
Status,1742897511000,36,31,6,34,1575449980,24.23,30.0,7.0,0,1,1,19.227694
Status,1742897511000,36,32,6,6,1575449980,24.34,332.0,6.0,0,1,1,19.341663
Status,1742897511000,36,33,6,26,1575449980,24.46,188.0,6.0,1,1,1,19.459433
Status,1742897511000,36,34,3,1,1602562560,20.01,302.0,6.0,0,1,1,15.009612
Status,1742897511000,36,35,5,23,1575449980,44.16,150.0,68.0,0,1,0,39.16278
Raw,1742897512000,101333000000,,,-1426932628667319920,0.0,13.455483850796115,995.0,1.0,29,5,0.0,16419,209529917685489,79,21.89788818359375,-181.77348204241991,1.1919532373202433,16,-4558.991105404083,340282346638528860000000000000000000000,1575420030,,,,1,,1,35.23455810546875,16.89788818359375,-0.37834980195649376,1.0,-0.37834980195649376,1.0,,1908104603981490,
Raw,1742897512000,101333000000,,,-1426932628667319920,0.0,13.455483850796115,995.0,1.0,29,11,0.0,16384,209529917386374,1000000000,19.509056091308594,881.1050510558248,299792458,16,19774.463284572295,340282346638528860000000000000000000000,1575420030,,,,0,,1,35.23455810546875,14.509056091308594,-0.20372681261465636,1.0,-0.20372681261465636,1.0,,1908104603981490,
Raw,1742897512000,101333000000,,,-1426932628667319920,0.0,13.455483850796115,995.0,1.0,29,12,0.0,16431,209529919576149,49,27.823131561279297,909.494510370891,0.925841743664503,29,20397.85470416687,0.00618917727842927,1575420030,,,,0,,1,35.23455810546875,22.823131561279297,-0.6984919076624261,1.0,-0.6984919076624261,1.0,,1908104603981490,
Raw,1742897512000,101333000000,,,-1426932628667319920,0.0,13.455483850796115,995.0,1.0,29,18,0.0,16431,209529923469251,18,40.03276443481445,-345.4510882887928,0.15,25,-29936.410684566752,0.0016096356557682157,1575420030,,,,0,,1,35.23455810546875,35.03276443481445,-0.08731148845780326,1.0,-0.08731148845780326,1.0,,1908104603981490,
Raw,1742897512000,101333000000,,,-1426932628667319920,0.0,13.455483850796115,995.0,1.0,29,20,0.0,16384,209529919221847,1000000000,20.757389068603516,196.2342082318853,299792458,16,4644.128829539143,340282346638528860000000000000000000000,1575420030,,,,0,,1,35.23455810546875,15.757389068603516,0.0,1.0,0.0,1.0,,1908104603981490,
Raw,1742897512000,101333000000,,,-1426932628667319920,0.0,13.455483850796115,995.0,1.0,29,25,0.0,16431,209529930240535,28,34.39551544189453,709.4088823045586,0.6286099051077336,25,16957.095484957004,0.00290411408059299,1575420030,,,,0,,1,35.23455810546875,29.39551544189453,-1.8917489103726217,1.0,-1.8917489103726217,1.0,,1908104603981490,
Raw,1742897512000,101333000000,,,-1426932628667319920,0.0,13.455483850796115,995.0,1.0,29,26,0.0,16431,209529923621459,27,35.21409225463867,-273.68856746245024,0.5906088314596727,25,-7121.34076108851,0.0026429248973727226,1575420030,,,,0,,1,35.23455810546875,30.214092254638672,-0.8440110737314445,1.0,-0.8440110737314445,1.0,,1908104603981490,
Raw,1742897512000,101333000000,,,-1426932628667319920,0.0,13.455483850796115,995.0,1.0,29,28,0.0,16431,209529930276584,29,34.245609283447266,383.15835039263015,0.6353574992589732,17,9895.315203021448,0.09810150616158521,1575420030,,,,0,,1,35.23455810546875,29.245609283447266,-0.34924595383121304,1.0,-0.34924595383121304,1.0,,1908104603981490,
Raw,1742897512000,101333000000,,,-1426932628667319920,0.0,13.455483850796115,995.0,1.0,29,29,0.0,16431,209529932299252,47,28.242549896240234,384.72706361900555,0.9056721852384699,29,9565.110837756507,0.005897418595850468,1575420030,,,,0,,1,35.23455810546875,23.242549896240234,-0.9604263668227204,1.0,-0.9604263668227204,1.0,,1908104603981490,
Raw,1742897512000,101333000000,,,-1426932628667319920,0.0,13.455483850796115,995.0,1.0,29,31,0.0,16431,209529928857150,27,35.17223358154297,63.94671485530341,0.5934327493710216,25,1607.4910205549756,0.0026556917000561953,1575420030,,,,0,,1,35.23455810546875,30.1722354888916,-0.2619344840127561,1.0,-0.2619344840127561,1.0,,1908104603981490,
Raw,1742897512000,101333000000,,,-1426932628667319920,0.0,13.455483850796115,995.0,1.0,29,10,0.0,32769,47511935841784,127,24.584754943847656,213.5004488712541,1.0707962951403567,16,6004.6838055379985,340282346638528860000000000000000000000,1598062460,,,,0,,3,52.296875,19.584754943847656,4.656612873077393,2.0000000474974513,4.656612873077393,2.0000000474974513,,1908104603981490,
Raw,1742897512000,101333000000,,,-1426932628667319920,0.0,13.455483850796115,995.0,1.0,29,2,0.0,32768,47511920384698,1000000000,19.191219329833984,203.83669210754817,299792458,16,4545.704911164166,340282346638528860000000000000000000000,1599750020,,,,0,,3,52.296875,14.191218376159668,4.656612873077393,2.0000000474974513,4.656612873077393,2.0000000474974513,,1908104603981490,
Raw,1742897512000,101333000000,,,-1426932628667319920,0.0,13.455483850796115,995.0,1.0,29,9,0.0,32995,47511931647023,33,42.2081298828125,797.0268345649647,0.15,25,28430.63517746735,0.0012330994941294193,1600875010,,,,0,,3,52.296875,37.2081298828125,4.656612873077393,2.0000000474974513,4.656612873077393,2.0000000474974513,,1908104603981490,
Raw,1742897512000,101333000000,,,-1426932628667319920,0.0,13.455483850796115,995.0,1.0,29,11,0.0,32768,47511927706146,1000000000,25.468997955322266,-356.0393487269082,299792458,16,-11235.21778464715,340282346638528860000000000000000000000,1602000000,,,,0,,3,52.296875,20.468997955322266,4.656612873077393,2.0000000474974513,4.656612873077393,2.0000000474974513,,1908104603981490,
Raw,1742897512000,101333000000,,,-1426932628667319920,0.0,13.455483850796115,995.0,1.0,29,1,0.0,32768,47511920035131,1000000000,19.411048889160156,741.4435285096524,299792458,16,20811.59880107244,340282346638528860000000000000000000000,1602562560,,,,0,,3,52.296875,14.411049842834473,4.656612873077393,2.0000000474974513,4.656612873077393,2.0000000474974513,,1908104603981490,
Raw,1742897512000,101333000000,,,-1426932628667319920,0.0,13.455483850796115,995.0,1.0,29,20,0.0,32995,47511935813128,60,33.886234283447266,88.49464676892825,0.6525140886476324,25,2395.142261986476,0.0030262633226811886,1603124990,,,,0,,3,52.296875,28.886234283447266,4.656612873077393,2.0000000474974513,4.656612873077393,2.0000000474974513,,1908104603981490,
Raw,1742897512000,101333000000,,,-1426932628667319920,0.0,13.455483850796115,995.0,1.0,29,19,0.0,32768,47511928000495,1000000000,16.09206771850586,972.4110659365642,299792458,16,21820.98591402021,340282346638528860000000000000000000000,1603687550,,,,1,,3,52.296875,11.09206771850586,4.656612873077393,2.0000000474974513,4.656612873077393,2.0000000474974513,,1908104603981490,
Raw,1742897512000,101333000000,,,-1426932628667319920,0.0,13.455483850796115,995.0,1.0,29,21,0.0,32995,47511926018548,104,27.04669761657715,-476.38845627390833,1.1228955236752398,16,-26394.77377008506,340282346638528860000000000000000000000,1604249980,,,,0,,3,52.296875,22.04669761657715,4.656612873077393,2.0000000474974513,4.656612873077393,2.0000000474974513,,1908104603981490,
Raw,1742897512000,101333000000,,,-1426932628667319920,0.0,13.455483850796115,995.0,1.0,29,8,0.0,16384,209515868014689,1000000000,15.406192779541016,-13.488281279649499,299792458,16,-310.4245039320158,340282346638528860000000000000000000000,1561097980,,,,1,,5,48.66847229003906,10.406192779541016,9.342329576611519,2.500692349107121,9.342329576611519,1.5000000237487257,,1908104603981490,
Raw,1742897512000,101333000000,,,-1426932628667319920,0.0,13.455483850796115,995.0,1.0,29,11,0.0,81955,209515922885504,42,20.946937561035156,731.633643213605,1.2320541763804371,16,16427.521384962856,340282346638528860000000000000000000000,1561097980,,,,0,,5,48.66847229003906,15.94693660736084,9.342329576611519,2.500692349107121,9.342329576611519,1.5000000237487257,,1908104603981490,
Raw,1742897512000,101333000000,,,-1426932628667319920,0.0,13.455483850796115,995.0,1.0,29,13,0.0,16384,209515867592175,1000000000,17.306949615478516,-47.961680620004785,299792458,16,-1083.7884211240832,340282346638528860000000000000000000000,1561097980,,,,1,,5,48.66847229003906,12.306949615478516,9.342329576611519,2.500692349107121,9.342329576611519,1.5000000237487257,,1908104603981490,
Raw,1742897512000,101333000000,,,-1426932628667319920,0.0,13.455483850796115,995.0,1.0,29,23,0.0,81967,209515926378144,7,41.7774658203125,547.1554285452196,0.15,25,273852.17969011574,0.0013287969632074237,1561097980,,,,0,,5,48.66847229003906,36.7774658203125,9.342329576611519,2.500692349107121,9.342329576611519,1.5000000237487257,,1908104603981490,
Raw,1742897512000,101333000000,,,-1426932628667319920,0.0,13.455483850796115,995.0,1.0,29,25,0.0,81967,209515916180477,13,34.99508285522461,903.9873307161092,0.6027164244375074,25,23446.250328942857,0.002735277870669961,1561097980,,,,0,,5,48.66847229003906,29.99508285522461,9.342329576611519,2.500692349107121,9.342329576611519,1.5000000237487257,,1908104603981490,
Raw,1742897512000,101333000000,,,-1426932628667319920,0.0,13.455483850796115,995.0,1.0,29,28,0.0,81967,209515923739238,6,44.83492660522461,-178.6911669218665,0.15,25,-13506.896264432671,0.0009345135767944157,1561097980,,,,0,,5,48.66847229003906,39.83492660522461,9.342329576611519,2.500692349107121,9.342329576611519,1.5000000237487257,,1908104603981490,
Raw,1742897512000,101333000000,,,-1426932628667319920,0.0,13.455483850796115,995.0,1.0,29,34,0.0,16384,209515916503658,1000000000,16.198230743408203,878.698216141097,299792458,16,19723.382652054388,340282346638528860000000000000000000000,1561097980,,,,1,,5,48.66847229003906,11.198230743408203,9.342329576611519,2.500692349107121,9.342329576611519,1.5000000237487257,,1908104603981490,
Raw,1742897512000,101333000000,,,-1426932628667319920,0.0,13.455483850796115,995.0,1.0,29,37,0.0,81967,209515924406414,9,39.06341552734375,-28.443158355471454,0.15,25,-774.2493579997897,0.0018161892658099532,1561097980,,,,0,,5,48.66847229003906,34.06341552734375,9.342329576611519,2.500692349107121,9.342329576611519,1.5000000237487257,,1908104603981490,
Raw,1742897512000,101333000000,,,-1426932628667319920,0.0,13.455483850796115,995.0,1.0,29,4,0.0,85026,209529909026504,91,20.166698455810547,316.1641697285679,1.2675257592757436,16,7067.35349614603,340282346638528860000000000000000000000,1575420030,,,,1,,6,35.23455810546875,15.166698455810547,1.3096723705530164,1.5000000237487257,1.3096723705530164,1.5000000237487257,,1908104603981490,
Raw,1742897512000,101333000000,,,-1426932628667319920,0.0,13.455483850796115,995.0,1.0,29,6,0.0,16384,209529905951043,1000000000,21.788339614868164,104.336530426524,299792458,16,3.2755522678429125,340282346638528860000000000000000000000,1575420030,,,,0,,6,35.23455810546875,16.788339614868164,1.3096723705530164,1.5000000237487257,1.3096723705530164,1.5000000237487257,,1908104603981490,
Raw,1742897512000,101333000000,,,-1426932628667319920,0.0,13.455483850796115,995.0,1.0,29,13,0.0,85026,209529917686214,13,44.04392623901367,-141.65944466815364,0.15,25,-4074.231319048582,0.0010143069084733725,1575420030,,,,0,,6,35.23455810546875,39.04392623901367,1.3096723705530164,1.5000000237487257,1.3096723705530164,1.5000000237487257,,1908104603981490,
Raw,1742897512000,101333000000,,,-1426932628667319920,0.0,13.455483850796115,995.0,1.0,29,15,0.0,85026,209529917570936,60,25.210710525512695,402.2787448317529,1.040800205333495,29,5030.900593965924,0.004180459305644035,1575420030,,,,0,,6,35.23455810546875,20.210710525512695,1.3096723705530164,1.5000000237487257,1.3096723705530164,1.5000000237487257,,1908104603981490,
Raw,1742897512000,101333000000,,,-1426932628667319920,0.0,13.455483850796115,995.0,1.0,29,18,0.0,16384,209529898096690,1000000000,21.369441986083984,-150.006962522791,299792458,16,-186.1427950833232,340282346638528860000000000000000000000,1575420030,,,,0,,6,35.23455810546875,16.369441986083984,1.3096723705530164,1.5000000237487257,1.3096723705530164,1.5000000237487257,,1908104603981490,
Raw,1742897512000,101333000000,,,-1426932628667319920,0.0,13.455483850796115,995.0,1.0,29,21,0.0,85026,209529920977554,42,29.48674774169922,128.7015077135344,0.847685412041165,29,2875.8360701360816,0.005110367201268673,1575420030,,,,0,,6,35.23455810546875,24.48674774169922,1.3096723705530164,1.5000000237487257,1.3096723705530164,1.5000000237487257,,1908104603981490,
Raw,1742897512000,101333000000,,,-1426932628667319920,0.0,13.455483850796115,995.0,1.0,29,23,0.0,21546,209529910155736,62,26.049301147460938,-153.2920853008834,299.79354788170554,16,-4518.845799248698,340282346638528860000000000000000000000,1575420030,,,,0,,6,35.23455810546875,21.049301147460938,1.3096723705530164,1.5000000237487257,1.3096723705530164,1.5000000237487257,,1908104603981490,
Raw,1742897512000,101333000000,,,-1426932628667319920,0.0,13.455483850796115,995.0,1.0,29,26,0.0,85026,209529906170419,90,20.255046844482422,-328.23631215877344,1.2637587158878025,16,-1258.509150432631,340282346638528860000000000000000000000,1575420030,,,,0,,6,35.23455810546875,15.255046844482422,1.3096723705530164,1.5000000237487257,1.3096723705530164,1.5000000237487257,,1908104603981490,
Raw,1742897512000,101333000000,,,-1426932628667319920,0.0,13.455483850796115,995.0,1.0,29,27,0.0,85026,209529918310742,28,34.525428771972656,572.0998672374167,0.6220610809080118,25,12826.476530364205,0.00286100129596889,1575420030,,,,0,,6,35.23455810546875,29.525426864624023,1.3096723705530164,1.5000000237487257,1.3096723705530164,1.5000000237487257,,1908104603981490,
Raw,1742897512000,101333000000,,,-1426932628667319920,0.0,13.455483850796115,995.0,1.0,29,34,0.0,16384,209529906361041,1000000000,23.177654266357422,806.4731282148268,299792458,16,993.0221054956968,340282346638528860000000000000000000000,1575420030,,,,0,,6,35.23455810546875,18.177654266357422,1.3096723705530164,1.5000000237487257,1.3096723705530164,1.5000000237487257,,1908104603981490,
Fix,GPS,45.0659522150,7.6463346477,321.98072400278295,0.0,8.0,,1742897512000,0.17506137,,1908104707264413,4.995723,0,,,
Fix,FLP,45.0659533000,7.6463361000,307.1000061035156,0.37555245,7.494,232.3254,1742897512592,0.17506137,45.0,1908104707264413,3.0109959,0,,,
Status,1742897512000,36,0,1,29,1575449980,30.87,31.0,81.0,0,1,1,25.873186
Status,1742897512000,36,1,3,10,1598062460,25.01,20.0,79.0,1,1,1,20.005758
Status,1742897512000,36,2,3,20,1603124990,34.45,160.0,74.0,1,1,1,29.45091
Status,1742897512000,36,3,6,21,1575449980,30.16,314.0,68.0,0,1,1,25.156946
Status,1742897512000,36,4,1,28,1575449980,34.75,252.0,61.0,1,1,1,29.747118
Status,1742897512000,36,5,5,37,1575449980,39.62,302.0,55.0,1,1,1,34.622406
Status,1742897512000,36,6,1,25,1575449980,34.75,102.0,52.0,1,1,1,29.753807
Status,1742897512000,36,7,6,27,1575449980,34.80,93.0,51.0,1,1,1,29.799078
Status,1742897512000,36,8,1,31,1575449980,35.38,294.0,48.0,1,1,1,30.3788
Status,1742897512000,36,9,6,13,1575449980,44.70,150.0,45.0,1,1,1,39.703518
Status,1742897512000,36,10,6,15,1575449980,27.16,68.0,45.0,0,1,1,22.161562
Status,1742897512000,36,11,5,28,1575449980,45.32,209.0,44.0,1,1,1,40.31967
Status,1742897512000,36,12,3,9,1600875010,43.04,123.0,43.0,1,1,1,38.045
Status,1742897512000,36,13,5,11,1575449980,23.09,51.0,41.0,1,1,1,18.08982
Status,1742897512000,36,14,1,18,1575449980,40.51,175.0,31.0,1,1,1,35.513557
Status,1742897512000,36,15,3,19,1603687550,16.76,34.0,31.0,0,1,1,11.758646
Status,1742897512000,36,16,3,11,1602000000,26.97,319.0,30.0,0,1,1,21.971043
Status,1742897512000,36,17,1,26,1575449980,35.17,297.0,26.0,1,1,1,30.173784
Status,1742897512000,36,18,3,21,1604249980,28.05,202.0,24.0,1,1,1,23.050718
Status,1742897512000,36,19,5,8,1575449980,15.10,69.0,20.0,0,1,1,10.10137
Status,1742897512000,36,20,5,13,1575449980,19.93,83.0,20.0,0,1,1,14.925486
Status,1742897512000,36,21,5,34,1575449980,15.89,48.0,18.0,0,1,1,10.892211
Status,1742897512000,36,22,6,23,1575449980,29.63,291.0,18.0,1,1,1,24.632793
Status,1742897512000,36,23,5,25,1575449980,37.88,137.0,16.0,1,1,1,32.87685
Status,1742897512000,36,24,1,12,1575449980,29.88,104.0,16.0,1,1,1,24.877577
Status,1742897512000,36,25,6,4,1575449980,21.42,309.0,15.0,0,1,1,16.415054
Status,1742897512000,36,26,1,20,1575449980,22.66,60.0,14.0,0,1,1,17.657497
Status,1742897512000,36,27,1,11,1575449980,20.68,36.0,11.0,0,1,1,15.682683
Status,1742897512000,36,28,1,5,1575449980,22.65,95.0,9.0,1,1,1,17.650135
Status,1742897512000,36,29,6,18,1575449980,21.85,241.0,7.0,0,0,1,16.85439
Status,1742897512000,36,30,3,2,1599750020,22.01,348.0,7.0,0,1,1,17.014074
Status,1742897512000,36,31,6,34,1575449980,24.41,30.0,7.0,0,1,1,19.414295
Status,1742897512000,36,32,6,6,1575449980,24.11,332.0,6.0,0,1,1,19.109653
Status,1742897512000,36,33,6,26,1575449980,24.10,188.0,6.0,1,1,1,19.0999
Status,1742897512000,36,34,3,1,1602562560,19.97,302.0,6.0,0,1,1,14.971929
Status,1742897512000,36,35,5,23,1575449980,43.95,150.0,68.0,0,1,0,38.945175
Raw,1742897513000,102333000000,,,-1426932628667318922,0.0,13.258876622310302,995.0,1.0,29,5,0.0,16419,209530917686111,77,22.163578033447266,-181.33628933137356,1.1800054724246571,16,-4740.1352194893625,340282346638528860000000000000000000000,1575420030,,,,1,,1,37.42583465576172,17.163578033447266,-0.37834980195649376,1.0,-0.37834980195649376,1.0,,1908105612547874,
Raw,1742897513000,102333000000,,,-1426932628667318922,0.0,13.258876622310302,995.0,1.0,29,11,0.0,16384,209530917383429,1000000000,19.36501693725586,881.4764816670104,299792458,16,20656.354428815855,340282346638528860000000000000000000000,1575420030,,,,0,,1,37.42583465576172,14.36501693725586,-0.20372681261465636,1.0,-0.20372681261465636,1.0,,1908105612547874,
Raw,1742897513000,102333000000,,,-1426932628667318922,0.0,13.258876622310302,995.0,1.0,29,12,0.0,16431,209530919573100,48,28.039133071899414,908.9421019155693,0.9161279107190126,29,21306.755528538004,0.006037161219865084,1575420030,,,,0,,1,37.42583465576172,23.039133071899414,-0.6984919076624261,1.0,-0.6984919076624261,1.0,,1908105612547874,
Raw,1742897513000,102333000000,,,-1426932628667318922,0.0,13.258876622310302,995.0,1.0,29,18,0.0,16431,209530923470403,18,40.217620849609375,-345.34301281915896,0.15,25,-30281.778681855456,0.001575740403495729,1575420030,,,,0,,1,37.42583465576172,35.217620849609375,-0.08731148845780326,1.0,-0.08731148845780326,1.0,,1908105612547874,
Raw,1742897513000,102333000000,,,-1426932628667318922,0.0,13.258876622310302,995.0,1.0,29,20,0.0,16384,209530919221163,1000000000,22.65749740600586,195.90014903427698,299792458,16,4840.86895069227,340282346638528860000000000000000000000,1575420030,,,,0,,1,37.42583465576172,17.65749740600586,0.0,1.0,0.0,1.0,,1908105612547874,
Raw,1742897513000,102333000000,,,-1426932628667318922,0.0,13.258876622310302,995.0,1.0,29,25,0.0,16431,209530930238158,29,34.282840728759766,709.5020637406919,0.633676275583309,25,17666.555792158855,0.0029420319478958845,1575420030,,,,0,,1,37.42583465576172,29.282840728759766,-1.8917489103726217,1.0,-1.8917489103726217,1.0,,1908105612547874,
Raw,1742897513000,102333000000,,,-1426932628667318922,0.0,13.258876622310302,995.0,1.0,29,26,0.0,16431,209530923622372,27,34.811012268066406,-273.4886056900309,0.6087351066767845,25,-7394.902237089573,0.0027684643864631653,1575420030,,,,0,,1,37.42583465576172,29.811010360717773,-0.8440110737314445,1.0,-0.8440110737314445,1.0,,1908105612547874,
Raw,1742897513000,102333000000,,,-1426932628667318922,0.0,13.258876622310302,995.0,1.0,29,28,0.0,16431,209530930275290,28,34.74711608886719,383.3248431927441,0.612805031270153,17,10278.54545433991,0.0979357400565294,1575420030,,,,0,,1,37.42583465576172,29.74711799621582,-0.34924595383121304,1.0,-0.34924595383121304,1.0,,1908105612547874,
Raw,1742897513000,102333000000,,,-1426932628667318922,0.0,13.258876622310302,995.0,1.0,29,29,0.0,16431,209530932297941,48,28.09990882873535,385.03159036803686,0.91208627722725,25,9950.192728453154,0.005995066836476326,1575420030,,,,0,,1,37.42583465576172,23.09990882873535,-0.9604263668227204,1.0,-0.9604263668227204,1.0,,1908105612547874,
Raw,1742897513000,102333000000,,,-1426932628667318922,0.0,13.258876622310302,995.0,1.0,29,31,0.0,16431,209530928856944,27,35.17167663574219,64.18810811393328,0.5934578452423285,25,1671.538502944704,0.0026558623649179935,1575420030,,,,0,,1,37.42583465576172,30.17167854309082,-0.2619344840127561,1.0,-0.2619344840127561,1.0,,1908105612547874,
Raw,1742897513000,102333000000,,,-1426932628667318922,0.0,13.258876622310302,995.0,1.0,29,10,0.0,32769,47512935841043,123,25.00575828552246,213.79648908861122,1.0518640896476166,16,6217.976372508388,340282346638528860000000000000000000000,1598062460,,,,0,,3,54.36126708984375,20.00575828552246,4.656612873077393,2.0000000474974513,4.656612873077393,2.0000000474974513,,1908105612547874,
Raw,1742897513000,102333000000,,,-1426932628667318922,0.0,13.258876622310302,995.0,1.0,29,2,0.0,32768,47512920384066,1000000000,19.451274871826172,204.29331181881253,299792458,16,4749.936814477941,340282346638528860000000000000000000000,1599750020,,,,1,,3,54.36126708984375,14.451273918151855,4.656612873077393,2.0000000474974513,4.656612873077393,2.0000000474974513,,1908105612547874,
Raw,1742897513000,102333000000,,,-1426932628667318922,0.0,13.258876622310302,995.0,1.0,29,9,0.0,32995,47512931644360,33,43.04499816894531,797.1935659422743,0.15,25,29227.746963527996,0.001119836699217558,1600875010,,,,0,,3,54.36126708984375,38.04499816894531,4.656612873077393,2.0000000474974513,4.656612873077393,2.0000000474974513,,1908105612547874,
Raw,1742897513000,102333000000,,,-1426932628667318922,0.0,13.258876622310302,995.0,1.0,29,11,0.0,32769,47512927707307,105,26.97104263305664,-355.49000769267354,0.96202426530134,29,-11591.517869749043,0.006713843438774347,1602000000,,,,0,,3,54.36126708984375,21.97104263305664,4.656612873077393,2.0000000474974513,4.656612873077393,2.0000000474974513,,1908105612547874,
Raw,1742897513000,102333000000,,,-1426932628667318922,0.0,13.258876622310302,995.0,1.0,29,1,0.0,32768,47512920032642,1000000000,19.632774353027344,741.8994154481015,299792458,16,21553.22873557007,340282346638528860000000000000000000000,1602562560,,,,0,,3,54.36126708984375,14.632774353027344,4.656612873077393,2.0000000474974513,4.656612873077393,2.0000000474974513,,1908105612547874,
Raw,1742897513000,102333000000,,,-1426932628667318922,0.0,13.258876622310302,995.0,1.0,29,20,0.0,32995,47512935812855,60,33.950538635253906,88.67498556700457,0.6496222055251315,25,2483.755288497076,0.0030039409175515175,1603124990,,,,0,,3,54.36126708984375,28.95054054260254,4.656612873077393,2.0000000474974513,4.656612873077393,2.0000000474974513,,1908105612547874,
Raw,1742897513000,102333000000,,,-1426932628667318922,0.0,13.258876622310302,995.0,1.0,29,19,0.0,32768,47512927996971,1000000000,15.392946243286133,972.7755437266192,299792458,16,22793.998999351963,340282346638528860000000000000000000000,1603687550,,,,1,,3,54.36126708984375,10.392946243286133,4.656612873077393,2.0000000474974513,4.656612873077393,2.0000000474974513,,1908105612547874,
Raw,1742897513000,102333000000,,,-1426932628667318922,0.0,13.258876622310302,995.0,1.0,29,21,0.0,32995,47512926020167,121,25.183767318725586,-475.8139283043033,1.042092675989446,16,-26870.124252664245,340282346638528860000000000000000000000,1604249980,,,,1,,3,54.36126708984375,20.183767318725586,4.656612873077393,2.0000000474974513,4.656612873077393,2.0000000474974513,,1908105612547874,
Raw,1742897513000,102333000000,,,-1426932628667318922,0.0,13.258876622310302,995.0,1.0,29,8,0.0,16384,209516868014729,1000000000,12.357959747314453,-13.11357023202359,299792458,16,-324.30231173913984,340282346638528860000000000000000000000,1561097980,,,,0,,5,49.08715057373047,7.357959747314453,9.342329576611519,2.500692349107121,9.342329576611519,1.5000000237487257,,1908105612547874,
Raw,1742897513000,102333000000,,,-1426932628667318922,0.0,13.258876622310302,995.0,1.0,29,11,0.0,81955,209516922883051,51,18.538698196411133,731.8564743143511,1.3403495843665176,16,17160.071887465918,340282346638528860000000000000000000000,1561097980,,,,1,,5,49.08715057373047,13.538698196411133,9.342329576611519,2.500692349107121,9.342329576611519,1.5000000237487257,,1908105612547874,
Raw,1742897513000,102333000000,,,-1426932628667318922,0.0,13.258876622310302,995.0,1.0,29,13,0.0,16384,209516867592372,1000000000,19.925485610961914,-47.58696957237888,299792458,16,-1131.808890398514,340282346638528860000000000000000000000,1561097980,,,,1,,5,49.08715057373047,14.925485610961914,9.342329576611519,2.500692349107121,9.342329576611519,1.5000000237487257,,1908105612547874,
Raw,1742897513000,102333000000,,,-1426932628667318922,0.0,13.258876622310302,995.0,1.0,29,23,0.0,81967,209516926376316,7,41.986717224121094,547.3424389841603,0.15,25,274399.45658673614,0.001297167269513011,1561097980,,,,0,,5,49.08715057373047,36.986717224121094,9.342329576611519,2.500692349107121,9.342329576611519,1.5000000237487257,,1908105612547874,
Raw,1742897513000,102333000000,,,-1426932628667318922,0.0,13.258876622310302,995.0,1.0,29,25,0.0,81967,209516916177475,14,34.51750183105469,904.0793533487208,0.624192166382858,25,24350.25692256275,0.0028898846358060837,1561097980,,,,0,,5,49.08715057373047,29.517501831054688,9.342329576611519,2.500692349107121,9.342329576611519,1.5000000237487257,,1908105612547874,
Raw,1742897513000,102333000000,,,-1426932628667318922,0.0,13.258876622310302,995.0,1.0,29,28,0.0,81967,209516923739831,6,45.319671630859375,-178.56606726519954,0.15,25,-13685.502306327093,0.0008837884524837136,1561097980,,,,0,,5,49.08715057373047,40.319671630859375,9.342329576611519,2.500692349107121,9.342329576611519,1.5000000237487257,,1908105612547874,
Raw,1742897513000,102333000000,,,-1426932628667318922,0.0,13.258876622310302,995.0,1.0,29,34,0.0,16384,209516916500737,1000000000,13.138029098510742,879.0729186681087,299792458,16,20601.32003071829,340282346638528860000000000000000000000,1561097980,,,,1,,5,49.08715057373047,8.138029098510742,9.342329576611519,2.500692349107121,9.342329576611519,1.5000000237487257,,1908105612547874,
Raw,1742897513000,102333000000,,,-1426932628667318922,0.0,13.258876622310302,995.0,1.0,29,37,0.0,81967,209516924406522,9,39.336952209472656,-28.25906622687056,0.15,25,-802.5752654612817,0.0017598847625777125,1561097980,,,,0,,5,49.08715057373047,34.336952209472656,9.342329576611519,2.500692349107121,9.342329576611519,1.5000000237487257,,1908105612547874,
Raw,1742897513000,102333000000,,,-1426932628667318922,0.0,13.258876622310302,995.0,1.0,29,4,0.0,85026,209530909025450,89,20.351896286010742,316.348794395552,1.2591975246359608,16,7383.531887475821,340282346638528860000000000000000000000,1575420030,,,,1,,6,37.42583465576172,15.351896286010742,1.3096723705530164,1.5000000237487257,1.3096723705530164,1.5000000237487257,,1908105612547874,
Raw,1742897513000,102333000000,,,-1426932628667318922,0.0,13.258876622310302,995.0,1.0,29,6,0.0,16384,209530905950692,1000000000,22.021564483642578,104.336530426524,299792458,16,3.28452745278552,340282346638528860000000000000000000000,1575420030,,,,0,,6,37.42583465576172,17.021564483642578,1.3096723705530164,1.5000000237487257,1.3096723705530164,1.5000000237487257,,1908105612547874,
Raw,1742897513000,102333000000,,,-1426932628667318922,0.0,13.258876622310302,995.0,1.0,29,13,0.0,85026,209530917686696,13,43.897239685058594,-141.51830921569268,0.15,25,-4215.812250074441,0.0010315818944945931,1575420030,,,,0,,6,37.42583465576172,38.897239685058594,1.3096723705530164,1.5000000237487257,1.3096723705530164,1.5000000237487257,,1908105612547874,
Raw,1742897513000,102333000000,,,-1426932628667318922,0.0,13.258876622310302,995.0,1.0,29,15,0.0,85026,209530917569578,61,26.233074188232422,403.20970713167344,299.79344563433597,16,5434.020429951508,340282346638528860000000000000000000000,1575420030,,,,1,,6,37.42583465576172,21.233074188232422,1.3096723705530164,1.5000000237487257,1.3096723705530164,1.5000000237487257,,1908105612547874,
Raw,1742897513000,102333000000,,,-1426932628667318922,0.0,13.258876622310302,995.0,1.0,29,18,0.0,16384,209530898097190,1000000000,21.854389190673828,-150.006962522791,299792458,16,-186.13692970859154,340282346638528860000000000000000000000,1575420030,,,,0,,6,37.42583465576172,16.854389190673828,1.3096723705530164,1.5000000237487257,1.3096723705530164,1.5000000237487257,,1908105612547874,
Raw,1742897513000,102333000000,,,-1426932628667318922,0.0,13.258876622310302,995.0,1.0,29,21,0.0,85026,209530920977126,40,30.156946182250977,128.73746470516596,0.8175473341878909,25,3004.6100496446793,0.004730882588773966,1575420030,,,,1,,6,37.42583465576172,25.156946182250977,1.3096723705530164,1.5000000237487257,1.3096723705530164,1.5000000237487257,,1908105612547874,
Raw,1742897513000,102333000000,,,-1426932628667318922,0.0,13.258876622310302,995.0,1.0,29,23,0.0,21546,209530910156268,62,24.921287536621094,-152.84954164416297,1.0539206197488191,16,-4671.4689598162095,340282346638528860000000000000000000000,1575420030,,,,0,,6,37.42583465576172,19.921287536621094,1.3096723705530164,1.5000000237487257,1.3096723705530164,1.5000000237487257,,1908105612547874,
Raw,1742897513000,102333000000,,,-1426932628667318922,0.0,13.258876622310302,995.0,1.0,29,26,0.0,85026,209530906171511,86,20.864093780517578,-328.2310293780124,1.2363707993798085,16,-1586.7779163379214,340282346638528860000000000000000000000,1575420030,,,,0,,6,37.42583465576172,15.864093780517578,1.3096723705530164,1.5000000237487257,1.3096723705530164,1.5000000237487257,,1908105612547874,
Raw,1742897513000,102333000000,,,-1426932628667318922,0.0,13.258876622310302,995.0,1.0,29,27,0.0,85026,209530918308833,28,34.79907989501953,572.1732808487668,0.6097549842478509,25,13398.584633151482,0.0027722702361643314,1575420030,,,,0,,6,37.42583465576172,29.7990779876709,1.3096723705530164,1.5000000237487257,1.3096723705530164,1.5000000237487257,,1908105612547874,
Raw,1742897513000,102333000000,,,-1426932628667318922,0.0,13.258876622310302,995.0,1.0,29,34,0.0,16384,209530906358349,1000000000,24.414295196533203,806.4731282148268,299792458,16,992.9905718462618,340282346638528860000000000000000000000,1575420030,,,,0,,6,37.42583465576172,19.414295196533203,1.3096723705530164,1.5000000237487257,1.3096723705530164,1.5000000237487257,,1908105612547874,
Fix,GPS,45.0659522150,7.6463346477,321.67099271031196,0.0,8.0,,1742897513000,0.17356193,,1908105719561336,4.8741965,0,,,
Fix,FLP,45.0659518000,7.6463337000,307.1000061035156,0.36251867,8.0,232.04863,1742897513604,0.17356193,45.0,1908105719561336,3.0211189,0,,,
Raw,1742897514000,103333000000,,,-1426932628667317926,0.0,13.127260370691419,995.0,1.0,29,5,0.0,16419,209531917686726,82,21.327333450317383,-181.8465207467483,1.2176106703521299,16,-4922.194738714966,340282346638528860000000000000000000000,1575420030,,,,1,,1,38.83158493041992,16.327333450317383,-0.37834980195649376,1.0,-0.37834980195649376,1.0,,1908106608688489,
Raw,1742897514000,103333000000,,,-1426932628667317926,0.0,13.127260370691419,995.0,1.0,29,11,0.0,16384,209531917380490,1000000000,19.428260803222656,881.6620947252336,299792458,16,21537.82340409578,340282346638528860000000000000000000000,1575420030,,,,0,,1,38.83158493041992,14.428260803222656,-0.20372681261465636,1.0,-0.20372681261465636,1.0,,1908106608688489,
Raw,1742897514000,103333000000,,,-1426932628667317926,0.0,13.127260370691419,995.0,1.0,29,12,0.0,16431,209531919570109,53,26.825937271118164,909.0823171417042,0.9706835391135602,29,22215.748592102744,0.006942126899957657,1575420030,,,,0,,1,38.83158493041992,21.825937271118164,-0.6984919076624261,1.0,-0.6984919076624261,1.0,,1908106608688489,
Raw,1742897514000,103333000000,,,-1426932628667317926,0.0,13.127260370691419,995.0,1.0,29,18,0.0,16431,209531923471561,18,40.1711540222168,-345.3454326735721,0.15,25,-30627.061587590146,0.0015841929707676172,1575420030,,,,0,,1,38.83158493041992,35.1711540222168,-0.08731148845780326,1.0,-0.08731148845780326,1.0,,1908106608688489,
Raw,1742897514000,103333000000,,,-1426932628667317926,0.0,13.127260370691419,995.0,1.0,29,20,0.0,16384,209531919220537,1000000000,22.62360382080078,196.84772653175241,299792458,16,5036.60824772471,340282346638528860000000000000000000000,1575420030,,,,0,,1,38.83158493041992,17.62360382080078,0.0,1.0,0.0,1.0,,1908106608688489,
Raw,1742897514000,103333000000,,,-1426932628667317926,0.0,13.127260370691419,995.0,1.0,29,25,0.0,16431,209531930235802,29,34.21287536621094,709.5034270389529,0.6368221795145814,25,18376.107506014123,0.0029658263083547354,1575420030,,,,0,,1,38.83158493041992,29.212875366210938,-1.8917489103726217,1.0,-1.8917489103726217,1.0,,1908106608688489,
Raw,1742897514000,103333000000,,,-1426932628667317926,0.0,13.127260370691419,995.0,1.0,29,26,0.0,16431,209531923623286,29,34.170867919921875,-273.51551378945567,0.6375216686808738,25,-7668.393465060101,0.002980203600600362,1575420030,,,,0,,1,38.83158493041992,29.170869827270508,-0.8440110737314445,1.0,-0.8440110737314445,1.0,,1908106608688489,
Raw,1742897514000,103333000000,,,-1426932628667317926,0.0,13.127260370691419,995.0,1.0,29,28,0.0,16431,209531930274005,27,35.028526306152344,383.38142007057195,0.6001501219690164,17,10661.932154784263,0.09784683251109695,1575420030,,,,0,,1,38.83158493041992,30.028526306152344,-0.34924595383121304,1.0,-0.34924595383121304,1.0,,1908106608688489,
Raw,1742897514000,103333000000,,,-1426932628667317926,0.0,13.127260370691419,995.0,1.0,29,29,0.0,16431,209531932296635,54,26.55281639099121,384.98721500964416,0.9816570916044367,16,10335.37772866423,340282346638528860000000000000000000000,1575420030,,,,0,,1,38.83158493041992,21.55281639099121,-0.9604263668227204,1.0,-0.9604263668227204,1.0,,1908106608688489,
Raw,1742897514000,103333000000,,,-1426932628667317926,0.0,13.127260370691419,995.0,1.0,29,31,0.0,16431,209531928856720,26,35.36914825439453,64.24231200072575,0.5845777677029869,25,1735.7323046609333,0.0025961636565625668,1575420030,,,,0,,1,38.83158493041992,30.36914825439453,-0.2619344840127561,1.0,-0.2619344840127561,1.0,,1908106608688489,
Raw,1742897514000,103333000000,,,-1426932628667317926,0.0,13.127260370691419,995.0,1.0,29,10,0.0,32769,47513935840319,140,23.39286994934082,214.25143875950596,1.1243936872816898,16,6430.994407375137,340282346638528860000000000000000000000,1598062460,,,,0,,3,53.42133331298828,18.39286994934082,4.656612873077393,2.0000000474974513,4.656612873077393,2.0000000474974513,,1908106608688489,
Raw,1742897514000,103333000000,,,-1426932628667317926,0.0,13.127260370691419,995.0,1.0,29,2,0.0,32768,47513920383489,1000000000,19.98478889465332,204.38465280229366,299792458,16,4953.8690464849615,340282346638528860000000000000000000000,1599750020,,,,0,,3,53.42133331298828,14.98478889465332,4.656612873077393,2.0000000474974513,4.656612873077393,2.0000000474974513,,1908106608688489,
Raw,1742897514000,103333000000,,,-1426932628667317926,0.0,13.127260370691419,995.0,1.0,29,9,0.0,32995,47513931641680,33,42.96429443359375,797.2228086899709,0.15,25,30024.983733768262,0.0011302902130410075,1600875010,,,,0,,3,53.42133331298828,37.96429443359375,4.656612873077393,2.0000000474974513,4.656612873077393,2.0000000474974513,,1908106608688489,
Raw,1742897514000,103333000000,,,-1426932628667317926,0.0,13.127260370691419,995.0,1.0,29,11,0.0,32769,47513927708507,95,28.127965927124023,-355.5824733972199,0.9099991261690152,16,-11946.748658233357,340282346638528860000000000000000000000,1602000000,,,,1,,3,53.42133331298828,23.127965927124023,4.656612873077393,2.0000000474974513,4.656612873077393,2.0000000474974513,,1908106608688489,
Raw,1742897514000,103333000000,,,-1426932628667317926,0.0,13.127260370691419,995.0,1.0,29,1,0.0,32768,47513920030189,1000000000,20.1834774017334,741.9905519368435,299792458,16,22295.084346275682,340282346638528860000000000000000000000,1602562560,,,,0,,3,53.42133331298828,15.183477401733398,4.656612873077393,2.0000000474974513,4.656612873077393,2.0000000474974513,,1908106608688489,
Raw,1742897514000,103333000000,,,-1426932628667317926,0.0,13.127260370691419,995.0,1.0,29,20,0.0,32995,47513935812516,58,34.346961975097656,88.8474172351676,0.631795616283148,25,2572.57350976035,0.0028699238318949938,1603124990,,,,0,,3,53.42133331298828,29.346961975097656,4.656612873077393,2.0000000474974513,4.656612873077393,2.0000000474974513,,1908106608688489,
Raw,1742897514000,103333000000,,,-1426932628667317926,0.0,13.127260370691419,995.0,1.0,29,19,0.0,32768,47513927994164,1000000000,15.367141723632812,972.8666802153612,299792458,16,23766.4446147463,340282346638528860000000000000000000000,1603687550,,,,1,,3,53.42133331298828,10.367141723632812,4.656612873077393,2.0000000474974513,4.656612873077393,2.0000000474974513,,1908106608688489,
Raw,1742897514000,103333000000,,,-1426932628667317926,0.0,13.127260370691419,995.0,1.0,29,21,0.0,32995,47513926021748,117,25.65145492553711,-475.83488901506485,1.0210616035940414,16,-27346.396239155725,340282346638528860000000000000000000000,1604249980,,,,0,,3,53.42133331298828,20.65145492553711,4.656612873077393,2.0000000474974513,4.656612873077393,2.0000000474974513,,1908106608688489,
Raw,1742897514000,103333000000,,,-1426932628667317926,0.0,13.127260370691419,995.0,1.0,29,8,0.0,16384,209517868014860,1000000000,12.0,-13.11357023202359,299792458,16,-336.01728869163264,340282346638528860000000000000000000000,1561097980,,,,1,,5,51.1672477722168,7.0,9.342329576611519,2.500692349107121,9.342329576611519,1.5000000237487257,,1908106608688489,
Raw,1742897514000,103333000000,,,-1426932628667317926,0.0,13.127260370691419,995.0,1.0,29,11,0.0,81955,209517922880605,48,19.304733276367188,732.0851675976191,1.305901407109066,16,17891.352051773476,340282346638528860000000000000000000000,1561097980,,,,1,,5,51.1672477722168,14.304733276367188,9.342329576611519,2.500692349107121,9.342329576611519,1.5000000237487257,,1908106608688489,
Raw,1742897514000,103333000000,,,-1426932628667317926,0.0,13.127260370691419,995.0,1.0,29,13,0.0,16384,209517867592667,1000000000,21.584938049316406,-47.58696957237888,299792458,16,-1179.8395369714406,340282346638528860000000000000000000000,1561097980,,,,1,,5,51.1672477722168,16.584938049316406,9.342329576611519,2.500692349107121,9.342329576611519,1.5000000237487257,,1908106608688489,
Raw,1742897514000,103333000000,,,-1426932628667317926,0.0,13.127260370691419,995.0,1.0,29,23,0.0,81967,209517926374491,7,42.016048431396484,547.3358610700514,0.15,25,274946.832600712,0.0012927943607792258,1561097980,,,,0,,5,51.1672477722168,37.016048431396484,9.342329576611519,2.500692349107121,9.342329576611519,1.5000000237487257,,1908106608688489,
Raw,1742897514000,103333000000,,,-1426932628667317926,0.0,13.127260370691419,995.0,1.0,29,25,0.0,81967,209517916174460,14,34.26056671142578,904.0137105374579,0.6357457197403034,25,25254.317049716552,0.0029766459483653307,1561097980,,,,0,,5,51.1672477722168,29.260568618774414,9.342329576611519,2.500692349107121,9.342329576611519,1.5000000237487257,,1908106608688489,
Raw,1742897514000,103333000000,,,-1426932628667317926,0.0,13.127260370691419,995.0,1.0,29,28,0.0,81967,209517923740427,6,45.17316436767578,-178.53851159910084,0.15,25,-13864.009395817126,0.0008988220943138003,1561097980,,,,0,,5,51.1672477722168,40.17316436767578,9.342329576611519,2.500692349107121,9.342329576611519,1.5000000237487257,,1908106608688489,
Raw,1742897514000,103333000000,,,-1426932628667317926,0.0,13.127260370691419,995.0,1.0,29,34,0.0,16384,209517916497849,1000000000,12.0,879.0729186681087,299792458,16,21481.696357300916,340282346638528860000000000000000000000,1561097980,,,,1,,5,51.1672477722168,7.0,9.342329576611519,2.500692349107121,9.342329576611519,1.5000000237487257,,1908106608688489,
Raw,1742897514000,103333000000,,,-1426932628667317926,0.0,13.127260370691419,995.0,1.0,29,37,0.0,81967,209517924406606,9,39.731204986572266,-28.224470403346373,0.15,25,-830.80177724819,0.0016817895229905844,1561097980,,,,0,,5,51.1672477722168,34.731204986572266,9.342329576611519,2.500692349107121,9.342329576611519,1.5000000237487257,,1908106608688489,
Raw,1742897514000,103333000000,,,-1426932628667317926,0.0,13.127260370691419,995.0,1.0,29,4,0.0,85026,209531909024413,85,20.891752243041992,316.3603483483132,1.2349205642278438,16,7699.969492003045,340282346638528860000000000000000000000,1575420030,,,,1,,6,38.83158493041992,15.891752243041992,1.3096723705530164,1.5000000237487257,1.3096723705530164,1.5000000237487257,,1908106608688489,
Raw,1742897514000,103333000000,,,-1426932628667317926,0.0,13.127260370691419,995.0,1.0,29,6,0.0,16384,209531905950340,1000000000,24.97940444946289,104.336530426524,299792458,16,3.2739204160406126,340282346638528860000000000000000000000,1575420030,,,,0,,6,38.83158493041992,19.97940444946289,1.3096723705530164,1.5000000237487257,1.3096723705530164,1.5000000237487257,,1908106608688489,
Raw,1742897514000,103333000000,,,-1426932628667317926,0.0,13.127260370691419,995.0,1.0,29,13,0.0,85026,209531917687161,13,44.071563720703125,-141.5358275983454,0.15,25,-4357.300579306551,0.0010110846487805247,1575420030,,,,0,,6,38.83158493041992,39.071563720703125,1.3096723705530164,1.5000000237487257,1.3096723705530164,1.5000000237487257,,1908106608688489,
Raw,1742897514000,103333000000,,,-1426932628667317926,0.0,13.127260370691419,995.0,1.0,29,15,0.0,85026,209531917568220,54,26.46088981628418,403.330086368112,1.0660910522558678,16,5837.293410698819,340282346638528860000000000000000000000,1575420030,,,,1,,6,38.83158493041992,21.46088981628418,1.3096723705530164,1.5000000237487257,1.3096723705530164,1.5000000237487257,,1908106608688489,
Raw,1742897514000,103333000000,,,-1426932628667317926,0.0,13.127260370691419,995.0,1.0,29,18,0.0,16384,209531898097694,1000000000,19.859615325927734,-150.006962522791,299792458,16,-186.14044893343134,340282346638528860000000000000000000000,1575420030,,,,0,,6,38.83158493041992,14.859614372253418,1.3096723705530164,1.5000000237487257,1.3096723705530164,1.5000000237487257,,1908106608688489,
Raw,1742897514000,103333000000,,,-1426932628667317926,0.0,13.127260370691419,995.0,1.0,29,21,0.0,85026,209531920976701,38,30.9483642578125,128.76146727517215,0.7819579937426062,25,3133.4543375994626,0.004318880848586559,1575420030,,,,1,,6,38.83158493041992,25.9483642578125,1.3096723705530164,1.5000000237487257,1.3096723705530164,1.5000000237487257,,1908106608688489,
Raw,1742897514000,103333000000,,,-1426932628667317926,0.0,13.127260370691419,995.0,1.0,29,23,0.0,21546,209531910156779,61,25.11899185180664,-152.30253525820012,1.1942982700905276,16,-4824.09176576897,340282346638528860000000000000000000000,1575420030,,,,0,,6,38.83158493041992,20.11899185180664,1.3096723705530164,1.5000000237487257,1.3096723705530164,1.5000000237487257,,1908106608688489,
Raw,1742897514000,103333000000,,,-1426932628667317926,0.0,13.127260370691419,995.0,1.0,29,26,0.0,85026,209531906172602,86,20.74307632446289,-328.2332447376864,1.2418129422520074,16,-1915.1184963632131,340282346638528860000000000000000000000,1575420030,,,,1,,6,38.83158493041992,15.743077278137207,1.3096723705530164,1.5000000237487257,1.3096723705530164,1.5000000237487257,,1908106608688489,
Raw,1742897514000,103333000000,,,-1426932628667317926,0.0,13.127260370691419,995.0,1.0,29,27,0.0,85026,209531918306918,28,34.69188690185547,572.1551489818967,0.6145748560193169,25,13970.764588806709,0.002806694246828556,1575420030,,,,0,,6,38.83158493041992,29.69188690185547,1.3096723705530164,1.5000000237487257,1.3096723705530164,1.5000000237487257,,1908106608688489,
Raw,1742897514000,103333000000,,,-1426932628667317926,0.0,13.127260370691419,995.0,1.0,29,34,0.0,16384,209531906355650,1000000000,25.86566162109375,806.4731282148268,299792458,16,993.0094920359105,340282346638528860000000000000000000000,1575420030,,,,0,,6,38.83158493041992,20.86566162109375,1.3096723705530164,1.5000000237487257,1.3096723705530164,1.5000000237487257,,1908106608688489,
Status,1742897513000,34,0,1,29,1575449980,30.44,31.0,81.0,0,1,1,25.441149
Status,1742897513000,34,1,3,10,1598062460,24.84,20.0,79.0,1,1,1,19.84447
Status,1742897513000,34,2,3,20,1603124990,34.44,160.0,74.0,1,1,1,29.440516
Status,1742897513000,34,3,6,21,1575449980,30.95,314.0,68.0,0,1,1,25.948364
Status,1742897513000,34,4,1,28,1575449980,35.03,251.0,61.0,1,1,1,30.028526
Status,1742897513000,34,5,5,37,1575449980,39.73,302.0,55.0,1,1,1,34.731205
Status,1742897513000,34,6,1,25,1575449980,34.70,102.0,52.0,1,1,1,29.699715
Status,1742897513000,34,7,6,27,1575449980,34.79,93.0,51.0,1,1,1,29.788359
Status,1742897513000,34,8,1,31,1575449980,35.38,294.0,48.0,1,1,1,30.377834
Status,1742897513000,34,9,6,13,1575449980,44.64,150.0,45.0,1,1,1,39.640324
Status,1742897513000,34,10,6,15,1575449980,27.09,68.0,45.0,1,1,1,22.091496
Status,1742897513000,34,11,5,28,1575449980,45.31,209.0,44.0,1,1,1,40.30502
Status,1742897513000,34,12,3,9,1600875010,43.04,123.0,43.0,1,1,1,38.036926
Status,1742897513000,34,13,5,11,1575449980,22.71,51.0,41.0,1,1,1,17.711311
Status,1742897513000,34,14,1,18,1575449980,40.48,175.0,31.0,1,1,1,35.479317
Status,1742897513000,34,15,3,19,1603687550,16.62,34.0,31.0,0,1,1,11.619495
Status,1742897513000,34,16,3,11,1602000000,28.13,319.0,30.0,0,1,1,23.127966
Status,1742897513000,34,17,1,26,1575449980,35.07,297.0,26.0,1,1,1,30.073492
Status,1742897513000,34,18,3,21,1604249980,27.81,202.0,24.0,1,1,1,22.810791
Status,1742897513000,34,19,5,13,1575449980,21.58,83.0,20.0,0,1,1,16.584938
Status,1742897513000,34,20,6,23,1575449980,29.18,291.0,18.0,1,1,1,24.181414
Status,1742897513000,34,21,5,25,1575449980,37.52,137.0,16.0,1,1,1,32.51522
Status,1742897513000,34,22,1,12,1575449980,29.57,104.0,16.0,1,1,1,24.572412
Status,1742897513000,34,23,6,4,1575449980,21.36,309.0,15.0,0,1,1,16.362724
Status,1742897513000,34,24,1,20,1575449980,22.65,60.0,14.0,0,1,1,17.654108
Status,1742897513000,34,25,1,11,1575449980,20.56,36.0,11.0,0,1,1,15.5572405
Status,1742897513000,34,26,1,5,1575449980,22.52,95.0,9.0,1,1,1,17.517855
Status,1742897513000,34,27,6,18,1575449980,21.65,241.0,7.0,0,0,1,16.654911
Status,1742897513000,34,28,3,2,1599750020,21.81,348.0,7.0,0,1,1,16.811146
Status,1742897513000,34,29,6,34,1575449980,25.87,30.0,7.0,0,1,1,20.865662
Status,1742897513000,34,30,6,6,1575449980,24.98,332.0,6.0,0,1,1,19.979404
Status,1742897513000,34,31,6,26,1575449980,23.76,188.0,6.0,1,1,1,18.764217
Status,1742897513000,34,32,3,1,1602562560,20.18,302.0,6.0,0,1,1,15.183477
Status,1742897513000,34,33,5,23,1575449980,43.75,150.0,68.0,0,1,0,38.752262
Fix,GPS,45.0659522150,7.6463346477,321.24834784117905,0.0,8.0,,1742897514000,0.16923283,,1908106716125027,4.7657733,0,,,
Fix,FLP,45.0659513000,7.6463328000,307.1000061035156,0.33171502,8.0,231.9067,1742897514601,0.16923283,45.0,1908106716125027,3.0310845,0,,,
Fix,NLP,45.0660772000,7.6464853000,307.1000061035156,,19.228,,1742897512072,,,1908104186000000,2.4808652,0,,,
Status,1742897514000,35,0,1,29,1575449980,30.07,31.0,81.0,0,1,1,25.074417
Status,1742897514000,35,1,3,10,1598062460,24.57,20.0,79.0,1,1,1,19.568823
Status,1742897514000,35,2,3,20,1603124990,34.43,160.0,74.0,1,1,1,29.429613
Status,1742897514000,35,3,6,21,1575449980,30.91,314.0,68.0,0,1,1,25.914852
Status,1742897514000,35,4,1,28,1575449980,34.98,251.0,61.0,1,1,1,29.984676
Status,1742897514000,35,5,5,37,1575449980,39.82,302.0,55.0,1,1,1,34.8215
Status,1742897514000,35,6,1,25,1575449980,34.64,102.0,52.0,1,1,1,29.640747
Status,1742897514000,35,7,6,27,1575449980,34.75,93.0,51.0,0,1,1,29.749117
Status,1742897514000,35,8,1,31,1575449980,36.25,294.0,48.0,1,1,1,31.248652
Status,1742897514000,35,9,6,13,1575449980,44.60,150.0,45.0,1,1,1,39.599094
Status,1742897514000,35,10,6,15,1575449980,27.09,68.0,45.0,0,1,1,22.087116
Status,1742897514000,35,11,5,28,1575449980,45.23,209.0,44.0,1,1,1,40.23173
Status,1742897514000,35,12,3,9,1600875010,42.99,123.0,43.0,1,1,1,37.993176
Status,1742897514000,35,13,5,11,1575449980,22.65,51.0,41.0,1,1,1,17.651564
Status,1742897514000,35,14,1,18,1575449980,40.41,175.0,31.0,1,1,1,35.40962
Status,1742897514000,35,15,3,19,1603687550,16.52,34.0,31.0,0,1,1,11.522525
Status,1742897514000,35,16,3,11,1602000000,28.10,319.0,30.0,0,1,1,23.097551
Status,1742897514000,35,17,1,26,1575449980,34.92,297.0,26.0,1,1,1,29.916435
Status,1742897514000,35,18,3,21,1604249980,27.73,202.0,24.0,1,1,1,22.731216
Status,1742897514000,35,19,5,8,1575449980,14.63,69.0,20.0,0,1,1,9.627207
Status,1742897514000,35,20,5,13,1575449980,21.54,83.0,20.0,0,1,1,16.541853
Status,1742897514000,35,21,6,23,1575449980,28.86,291.0,18.0,1,1,1,23.862116
Status,1742897514000,35,22,5,25,1575449980,37.17,137.0,16.0,1,1,1,32.170715
Status,1742897514000,35,23,1,12,1575449980,29.17,104.0,16.0,0,1,1,24.173723
Status,1742897514000,35,24,6,4,1575449980,21.35,309.0,15.0,0,1,1,16.349024
Status,1742897514000,35,25,1,20,1575449980,22.48,60.0,14.0,0,1,1,17.480673
Status,1742897514000,35,26,1,11,1575449980,20.44,36.0,11.0,0,1,1,15.435902
Status,1742897514000,35,27,1,5,1575449980,22.29,95.0,9.0,1,1,1,17.293312
Status,1742897514000,35,28,6,18,1575449980,21.60,241.0,7.0,0,0,1,16.6038
Status,1742897514000,35,29,3,2,1599750020,21.64,348.0,7.0,0,1,1,16.644257
Status,1742897514000,35,30,6,34,1575449980,25.49,30.0,7.0,0,1,1,20.486269
Status,1742897514000,35,31,6,6,1575449980,24.76,332.0,6.0,0,1,1,19.760849
Status,1742897514000,35,32,6,26,1575449980,23.47,188.0,6.0,1,1,1,18.466112
Status,1742897514000,35,33,3,1,1602562560,20.52,302.0,6.0,0,1,1,15.524244
Status,1742897514000,35,34,5,23,1575449980,43.60,151.0,68.0,0,1,0,38.599026
Raw,1742897515000,104333000000,,,-1426932628667316931,0.0,13.16964634362465,995.0,1.0,29,5,0.0,16419,209532917687330,90,20.27243423461914,-181.1572712284875,1.265048257582646,16,-5104.9063583093275,340282346638528860000000000000000000000,1575420030,,,,1,,1,37.993743896484375,15.272435188293457,-0.37834980195649376,1.0,-0.37834980195649376,1.0,,1908107606224565,
Raw,1742897515000,104333000000,,,-1426932628667316931,0.0,13.16964634362465,995.0,1.0,29,11,0.0,16384,209532917377545,1000000000,19.343847274780273,881.6620947252336,299792458,16,22419.683933065106,340282346638528860000000000000000000000,1575420030,,,,0,,1,37.993743896484375,14.343847274780273,-0.20372681261465636,1.0,-0.20372681261465636,1.0,,1908107606224565,
Raw,1742897515000,104333000000,,,-1426932628667316931,0.0,13.16964634362465,995.0,1.0,29,12,0.0,16431,209532919567074,78,25.58551788330078,908.8545100023057,299.79596773611866,16,23124.705742163787,340282346638528860000000000000000000000,1575420030,,,,0,,1,37.993743896484375,20.58551788330078,-0.6984919076624261,1.0,-0.6984919076624261,1.0,,1908107606224565,
Raw,1742897515000,104333000000,,,-1426932628667316931,0.0,13.16964634362465,995.0,1.0,29,18,0.0,16431,209532923472709,18,39.7823371887207,-345.000177388996,0.15,25,-30972.239909107215,0.0016567190177738667,1575420030,,,,0,,1,37.993743896484375,34.7823371887207,-0.08731148845780326,1.0,-0.08731148845780326,1.0,,1908107606224565,
Raw,1742897515000,104333000000,,,-1426932628667316931,0.0,13.16964634362465,995.0,1.0,29,20,0.0,16384,209532919219809,1000000000,20.919763565063477,196.7824756687395,299792458,16,5234.652060415778,340282346638528860000000000000000000000,1575420030,,,,0,,1,37.993743896484375,15.919763565063477,0.0,1.0,0.0,1.0,,1908107606224565,
Raw,1742897515000,104333000000,,,-1426932628667316931,0.0,13.16964634362465,995.0,1.0,29,25,0.0,16431,209532930233449,29,34.110042572021484,709.9897836935334,0.6414459440264455,25,19085.799838786974,0.0030011474154889584,1575420030,,,,0,,1,37.993743896484375,29.110042572021484,-1.8917489103726217,1.0,-1.8917489103726217,1.0,,1908107606224565,
Raw,1742897515000,104333000000,,,-1426932628667316931,0.0,13.16964634362465,995.0,1.0,29,26,0.0,16431,209532923624205,31,33.50291442871094,-273.24767680487116,0.6675588970778352,25,-7941.815217542614,0.003218426601961255,1575420030,,,,0,,1,37.993743896484375,28.50291633605957,-0.8440110737314445,1.0,-0.8440110737314445,1.0,,1908107606224565,
Raw,1742897515000,104333000000,,,-1426932628667316931,0.0,13.16964634362465,995.0,1.0,29,28,0.0,16431,209532930272740,28,34.590030670166016,383.79112528043265,0.6403716144057001,16,11045.503816612401,340282346638528860000000000000000000000,1575420030,,,,0,,1,37.993743896484375,29.590030670166016,-0.34924595383121304,1.0,-0.34924595383121304,1.0,,1908107606224565,
Raw,1742897515000,104333000000,,,-1426932628667316931,0.0,13.16964634362465,995.0,1.0,29,29,0.0,16431,209532932295346,53,26.77382469177246,385.9372634852175,1.0351324658887262,16,10720.727488815955,340282346638528860000000000000000000000,1575420030,,,,0,,1,37.993743896484375,21.77382469177246,-0.9604263668227204,1.0,-0.9604263668227204,1.0,,1908107606224565,
Raw,1742897515000,104333000000,,,-1426932628667316931,0.0,13.16964634362465,995.0,1.0,29,31,0.0,16431,209532928856515,24,36.24864959716797,64.60220996068543,0.15,25,1800.0900420027847,0.0023461561650037766,1575420030,,,,0,,1,37.993743896484375,31.2486515045166,-0.2619344840127561,1.0,-0.2619344840127561,1.0,,1908107606224565,
Raw,1742897515000,104333000000,,,-1426932628667316931,0.0,13.16964634362465,995.0,1.0,29,10,0.0,32769,47514935839579,156,22.0880126953125,214.24377020678833,1.1830715621657522,16,6644.704953244733,340282346638528860000000000000000000000,1598062460,,,,0,,3,55.107749938964844,17.0880126953125,4.656612873077393,2.0000000474974513,4.656612873077393,2.0000000474974513,,1908107606224565,
Raw,1742897515000,104333000000,,,-1426932628667316931,0.0,13.16964634362465,995.0,1.0,29,2,0.0,32768,47514920382761,1000000000,20.14225959777832,204.5673006867994,299792458,16,5159.33229700001,340282346638528860000000000000000000000,1599750020,,,,0,,3,55.107749938964844,15.14225959777832,4.656612873077393,2.0000000474974513,4.656612873077393,2.0000000474974513,,1908107606224565,
Raw,1742897515000,104333000000,,,-1426932628667316931,0.0,13.16964634362465,995.0,1.0,29,9,0.0,32995,47514931639023,33,42.599403381347656,797.6069179749829,0.15,25,30822.367881530776,0.001178784528747201,1600875010,,,,0,,3,55.107749938964844,37.599403381347656,4.656612873077393,2.0000000474974513,4.656612873077393,2.0000000474974513,,1908107606224565,
Raw,1742897515000,104333000000,,,-1426932628667316931,0.0,13.16964634362465,995.0,1.0,29,11,0.0,32769,47514927709660,98,27.823822021484375,-356.0230913951468,0.9236762428966445,16,-12301.505673169917,340282346638528860000000000000000000000,1602000000,,,,1,,3,55.107749938964844,22.823822021484375,4.656612873077393,2.0000000474974513,4.656612873077393,2.0000000474974513,,1908107606224565,
Raw,1742897515000,104333000000,,,-1426932628667316931,0.0,13.16964634362465,995.0,1.0,29,1,0.0,32768,47514920027746,1000000000,20.52424430847168,742.0817565904986,299792458,16,23037.412194832228,340282346638528860000000000000000000000,1602562560,,,,0,,3,55.107749938964844,15.52424430847168,4.656612873077393,2.0000000474974513,4.656612873077393,2.0000000474974513,,1908107606224565,
Raw,1742897515000,104333000000,,,-1426932628667316931,0.0,13.16964634362465,995.0,1.0,29,20,0.0,32995,47514935812235,58,34.331485748291016,89.26726197584384,0.6324913776807581,25,2661.5946708378597,0.0028750416822731495,1603124990,,,,0,,3,55.107749938964844,29.331485748291016,4.656612873077393,2.0000000474974513,4.656612873077393,2.0000000474974513,,1908107606224565,
Raw,1742897515000,104333000000,,,-1426932628667316931,0.0,13.16964634362465,995.0,1.0,29,19,0.0,32768,47514927990561,1000000000,15.649791717529297,972.9577485391901,299792458,16,24739.78073562634,340282346638528860000000000000000000000,1603687550,,,,1,,3,55.107749938964844,10.649791717529297,4.656612873077393,2.0000000474974513,4.656612873077393,2.0000000474974513,,1908107606224565,
Raw,1742897515000,104333000000,,,-1426932628667316931,0.0,13.16964634362465,995.0,1.0,29,21,0.0,32995,47514926023352,104,27.015037536621094,-475.71655472601765,0.9597430040024402,16,-27822.56870842189,340282346638528860000000000000000000000,1604249980,,,,0,,3,55.107749938964844,22.015037536621094,4.656612873077393,2.0000000474974513,4.656612873077393,2.0000000474974513,,1908107606224565,
Raw,1742897515000,104333000000,,,-1426932628667316931,0.0,13.16964634362465,995.0,1.0,29,8,0.0,16384,209518868014843,1000000000,13.150968551635742,-13.11357023202359,299792458,16,-350.268362594023,340282346638528860000000000000000000000,1561097980,,,,0,,5,48.451316833496094,8.150968551635742,9.342329576611519,2.500692349107121,9.342329576611519,1.5000000237487257,,1908107606224565,
Raw,1742897515000,104333000000,,,-1426932628667316931,0.0,13.16964634362465,995.0,1.0,29,11,0.0,81955,209518922878159,38,22.113834381103516,732.7369604961614,1.1795789091797388,16,18624.873329145663,340282346638528860000000000000000000000,1561097980,,,,1,,5,48.451316833496094,17.113834381103516,9.342329576611519,2.500692349107121,9.342329576611519,1.5000000237487257,,1908107606224565,
Raw,1742897515000,104333000000,,,-1426932628667316931,0.0,13.16964634362465,995.0,1.0,29,13,0.0,16384,209518867592810,1000000000,21.15408706665039,-47.58696957237888,299792458,16,-1227.0976260546095,340282346638528860000000000000000000000,1561097980,,,,0,,5,48.451316833496094,16.15408706665039,9.342329576611519,2.500692349107121,9.342329576611519,1.5000000237487257,,1908107606224565,
Raw,1742897515000,104333000000,,,-1426932628667316931,0.0,13.16964634362465,995.0,1.0,29,23,0.0,81967,209518926372661,7,42.21988296508789,547.7036789408455,0.15,25,275494.3456353284,0.0012628092663362622,1561097980,,,,0,,5,48.451316833496094,37.21988296508789,9.342329576611519,2.500692349107121,9.342329576611519,1.5000000237487257,,1908107606224565,
Raw,1742897515000,104333000000,,,-1426932628667316931,0.0,13.16964634362465,995.0,1.0,29,25,0.0,81967,209518916171439,14,34.07017135620117,904.3325178357723,0.6443070730573184,25,26158.46096005754,0.003042615484446287,1561097980,,,,0,,5,48.451316833496094,29.070171356201172,9.342329576611519,2.500692349107121,9.342329576611519,1.5000000237487257,,1908107606224565,
Raw,1742897515000,104333000000,,,-1426932628667316931,0.0,13.16964634362465,995.0,1.0,29,28,0.0,81967,209518923741025,6,44.572147369384766,-178.1958977049053,0.15,25,-14042.405936918633,0.0009632176370359957,1561097980,,,,0,,5,48.451316833496094,39.572147369384766,9.342329576611519,2.500692349107121,9.342329576611519,1.5000000237487257,,1908107606224565,
Raw,1742897515000,104333000000,,,-1426932628667316931,0.0,13.16964634362465,995.0,1.0,29,34,0.0,16384,209518916494905,1000000000,12.0,879.0729186681087,299792458,16,22359.28398122727,340282346638528860000000000000000000000,1561097980,,,,1,,5,48.451316833496094,7.0,9.342329576611519,2.500692349107121,9.342329576611519,1.5000000237487257,,1908107606224565,
Raw,1742897515000,104333000000,,,-1426932628667316931,0.0,13.16964634362465,995.0,1.0,29,37,0.0,81967,209518924406706,9,39.82149887084961,-27.911448602026752,0.15,25,-858.9153912823699,0.0016643971903249621,1561097980,,,,0,,5,48.451316833496094,34.82149887084961,9.342329576611519,2.500692349107121,9.342329576611519,1.5000000237487257,,1908107606224565,
Raw,1742897515000,104333000000,,,-1426932628667316931,0.0,13.16964634362465,995.0,1.0,29,4,0.0,85026,209532909023396,83,21.225723266601562,316.5402014713841,1.2199021830149057,16,8016.347665107447,340282346638528860000000000000000000000,1575420030,,,,1,,6,37.993743896484375,16.225723266601562,1.3096723705530164,1.5000000237487257,1.3096723705530164,1.5000000237487257,,1908107606224565,
Raw,1742897515000,104333000000,,,-1426932628667316931,0.0,13.16964634362465,995.0,1.0,29,6,0.0,16384,209532905949988,1000000000,22.79384994506836,104.52217756720376,299792458,16,3.277457582690797,340282346638528860000000000000000000000,1575420030,,,,0,,6,37.993743896484375,17.79384994506836,1.3096723705530164,1.5000000237487257,1.3096723705530164,1.5000000237487257,,1908107606224565,
Raw,1742897515000,104333000000,,,-1426932628667316931,0.0,13.16964634362465,995.0,1.0,29,13,0.0,85026,209532917687629,13,44.22804641723633,-141.13940602591447,0.15,25,-4498.661020261648,0.0009930323576554656,1575420030,,,,0,,6,37.993743896484375,39.22804641723633,1.3096723705530164,1.5000000237487257,1.3096723705530164,1.5000000237487257,,1908107606224565,
Raw,1742897515000,104333000000,,,-1426932628667316931,0.0,13.16964634362465,995.0,1.0,29,15,0.0,85026,209532917566858,52,27.047700881958008,402.6578780781126,0.9581921856633544,16,6240.630534977236,340282346638528860000000000000000000000,1575420030,,,,1,,6,37.993743896484375,22.047700881958008,1.3096723705530164,1.5000000237487257,1.3096723705530164,1.5000000237487257,,1908107606224565,
Raw,1742897515000,104333000000,,,-1426932628667316931,0.0,13.16964634362465,995.0,1.0,29,18,0.0,16384,209532898098199,1000000000,21.143795013427734,-150.19260966347076,299792458,16,-186.1379146291302,340282346638528860000000000000000000000,1575420030,,,,0,,6,37.993743896484375,16.143795013427734,1.3096723705530164,1.5000000237487257,1.3096723705530164,1.5000000237487257,,1908107606224565,
Raw,1742897515000,104333000000,,,-1426932628667316931,0.0,13.16964634362465,995.0,1.0,29,21,0.0,85026,209532920976267,39,30.613250732421875,129.22539767336065,0.7970276983422222,25,3262.4029807099637,0.004488765727728605,1575420030,,,,1,,6,37.993743896484375,25.613250732421875,1.3096723705530164,1.5000000237487257,1.3096723705530164,1.5000000237487257,,1908107606224565,
Raw,1742897515000,104333000000,,,-1426932628667316931,0.0,13.16964634362465,995.0,1.0,29,23,0.0,21546,209532910157223,56,25.98843765258789,-151.88234969295866,1.0059321881282126,29,-4976.6372751358995,0.007644825614988804,1575420030,,,,0,,6,37.993743896484375,20.98843765258789,1.3096723705530164,1.5000000237487257,1.3096723705530164,1.5000000237487257,,1908107606224565,
Raw,1742897515000,104333000000,,,-1426932628667316931,0.0,13.16964634362465,995.0,1.0,29,26,0.0,85026,209532906173706,86,20.783157348632812,-328.2346080359473,1.240010699228768,16,-2243.410250155944,340282346638528860000000000000000000000,1575420030,,,,1,,6,37.993743896484375,15.783156394958496,1.3096723705530164,1.5000000237487257,1.3096723705530164,1.5000000237487257,,1908107606224565,
Raw,1742897515000,104333000000,,,-1426932628667316931,0.0,13.16964634362465,995.0,1.0,29,27,0.0,85026,209532918305015,28,34.39594268798828,572.4931787856899,0.6278826573782186,25,14543.034122718062,0.0029039704240858555,1575420030,,,,1,,6,37.993743896484375,29.395944595336914,1.3096723705530164,1.5000000237487257,1.3096723705530164,1.5000000237487257,,1908107606224565,
Raw,1742897515000,104333000000,,,-1426932628667316931,0.0,13.16964634362465,995.0,1.0,29,34,0.0,16384,209532906352953,1000000000,22.071733474731445,806.65874127305,299792458,16,993.0295246142932,340282346638528860000000000000000000000,1575420030,,,,0,,6,37.993743896484375,17.071733474731445,1.3096723705530164,1.5000000237487257,1.3096723705530164,1.5000000237487257,,1908107606224565,
Fix,GPS,45.0659522150,7.6463346477,321.2812010592366,0.0,8.0,,1742897515000,0.1698275,,1908107709728565,4.683996,0,,,
Fix,FLP,45.0659511000,7.6463326000,307.1000061035156,0.29373693,8.0,231.83127,1742897515594,0.1698275,45.0,1908107709728565,2.5161026,0,,,
Raw,1742897516000,105333000000,,,-1426932628667315936,0.0,13.186121338751676,996.0,1.0,29,5,0.0,16419,209533917687933,84,21.167591094970703,-181.13199908697584,1.224794346871887,16,-5285.580976342167,340282346638528860000000000000000000000,1575420030,,,,1,,1,36.94316101074219,16.167591094970703,-0.37834980195649376,1.0,-0.37834980195649376,1.0,,1908108613650949,
Raw,1742897516000,105333000000,,,-1426932628667315936,0.0,13.186121338751676,996.0,1.0,29,11,0.0,16384,209533917374622,1000000000,19.720584869384766,881.8477759483699,299792458,16,23301.368237844243,340282346638528860000000000000000000000,1575420030,,,,0,,1,36.94316101074219,14.72058391571045,-0.20372681261465636,1.0,-0.20372681261465636,1.0,,1908108613650949,
Raw,1742897516000,105333000000,,,-1426932628667315936,0.0,13.186121338751676,996.0,1.0,29,12,0.0,16431,209533919564072,77,25.86236572265625,909.0817036574867,299.79596773611866,16,24034.12746385524,340282346638528860000000000000000000000,1575420030,,,,0,,1,36.94316101074219,20.86236572265625,-0.6984919076624261,1.0,-0.6984919076624261,1.0,,1908108613650949,
Raw,1742897516000,105333000000,,,-1426932628667315936,0.0,13.186121338751676,996.0,1.0,29,18,0.0,16431,209533923473867,19,39.093624114990234,-344.61208045657077,0.15,25,-31317.039750577085,0.0017934305360540748,1575420030,,,,0,,1,36.94316101074219,34.093624114990234,-0.08731148845780326,1.0,-0.08731148845780326,1.0,,1908108613650949,
Raw,1742897516000,105333000000,,,-1426932628667315936,0.0,13.186121338751676,996.0,1.0,29,20,0.0,16384,209533919219177,1000000000,20.977970123291016,197.39916363706322,299792458,16,5431.3640678213515,340282346638528860000000000000000000000,1575420030,,,,0,,1,36.94316101074219,15.977970123291016,0.0,1.0,0.0,1.0,,1908108613650949,
Raw,1742897516000,105333000000,,,-1426932628667315936,0.0,13.186121338751676,996.0,1.0,29,25,0.0,16431,209533930231095,29,33.99785614013672,710.232859773454,0.6464904804283109,25,19795.859091813378,0.0030401619151234627,1575420030,,,,0,,1,36.94316101074219,28.99785614013672,-1.8917489103726217,1.0,-1.8917489103726217,1.0,,1908108613650949,
Raw,1742897516000,105333000000,,,-1426932628667315936,0.0,13.186121338751676,996.0,1.0,29,26,0.0,16431,209533923625108,33,32.505287170410156,-272.93370921538303,0.7124213949565381,25,-8214.872995259297,0.0036101483274251223,1575420030,,,,0,,1,36.94316101074219,27.505287170410156,-0.8440110737314445,1.0,-0.8440110737314445,1.0,,1908108613650949,
Raw,1742897516000,105333000000,,,-1426932628667315936,0.0,13.186121338751676,996.0,1.0,29,28,0.0,16431,209533930271462,31,33.247535705566406,384.28017444907846,0.6802388356829807,25,11429.536426953788,0.003314459463581443,1575420030,,,,0,,1,36.94316101074219,28.247535705566406,-0.34924595383121304,1.0,-0.34924595383121304,1.0,,1908108613650949,
Raw,1742897516000,105333000000,,,-1426932628667315936,0.0,13.186121338751676,996.0,1.0,29,29,0.0,16431,209533932294046,54,26.630014419555664,385.9364795887175,1.1714780684295691,16,11106.434750586985,340282346638528860000000000000000000000,1575420030,,,,0,,1,36.94316101074219,21.630014419555664,-0.9604263668227204,1.0,-0.9604263668227204,1.0,,1908108613650949,
Raw,1742897516000,105333000000,,,-1426932628667315936,0.0,13.186121338751676,996.0,1.0,29,31,0.0,16431,209533928856290,23,37.187374114990234,65.05432226707464,0.15,25,1864.9033730032118,0.0021058176644146442,1575420030,,,,0,,1,36.94316101074219,32.187374114990234,-0.2619344840127561,1.0,-0.2619344840127561,1.0,,1908108613650949,
Raw,1742897516000,105333000000,,,-1426932628667315936,0.0,13.186121338751676,996.0,1.0,29,10,0.0,32769,47515935838828,160,21.78868865966797,214.2178164161462,1.196531736069538,16,6857.690759164227,340282346638528860000000000000000000000,1598062460,,,,0,,3,53.54454040527344,16.78868865966797,4.656612873077393,2.0000000474974513,4.656612873077393,2.0000000474974513,,1908108613650949,
Raw,1742897516000,105333000000,,,-1426932628667315936,0.0,13.186121338751676,996.0,1.0,29,2,0.0,32768,47515920382100,1000000000,20.268611907958984,204.84128955478627,299792458,16,5364.451260232207,340282346638528860000000000000000000000,1599750020,,,,0,,3,53.54454040527344,15.268610954284668,4.656612873077393,2.0000000474974513,4.656612873077393,2.0000000474974513,,1908108613650949,
Raw,1742897516000,105333000000,,,-1426932628667315936,0.0,13.186121338751676,996.0,1.0,29,9,0.0,32995,47515931636369,33,42.899044036865234,797.9755538247337,0.15,25,31620.167060700445,0.001138813211582601,1600875010,,,,0,,3,53.54454040527344,37.899044036865234,4.656612873077393,2.0000000474974513,4.656612873077393,2.0000000474974513,,1908108613650949,
Raw,1742897516000,105333000000,,,-1426932628667315936,0.0,13.186121338751676,996.0,1.0,29,11,0.0,32803,47515927711082,101,27.489622116088867,-354.3952791891609,0.9387051417426502,29,-12656.32543820512,0.006324733607470989,1602000000,,,,1,,3,53.54454040527344,22.489622116088867,4.656612873077393,2.0000000474974513,4.656612873077393,2.0000000474974513,,1908108613650949,
Raw,1742897516000,105333000000,,,-1426932628667315936,0.0,13.186121338751676,996.0,1.0,29,1,0.0,32768,47515920025121,1000000000,20.731019973754883,742.2640295679826,299792458,16,23780.08104082948,340282346638528860000000000000000000000,1602562560,,,,0,,3,53.54454040527344,15.731019973754883,4.656612873077393,2.0000000474974513,4.656612873077393,2.0000000474974513,,1908108613650949,
Raw,1742897516000,105333000000,,,-1426932628667315936,0.0,13.186121338751676,996.0,1.0,29,20,0.0,32995,47515935811958,57,34.478492736816406,89.73991748290217,0.6258805127593972,25,2751.1047872561603,0.002826790791004896,1603124990,,,,0,,3,53.54454040527344,29.47849464416504,4.656612873077393,2.0000000474974513,4.656612873077393,2.0000000474974513,,1908108613650949,
Raw,1742897516000,105333000000,,,-1426932628667315936,0.0,13.186121338751676,996.0,1.0,29,19,0.0,32768,47515927987497,1000000000,15.129562377929688,973.0488850279321,299792458,16,25713.23002292258,340282346638528860000000000000000000000,1603687550,,,,1,,3,53.54454040527344,10.129562377929688,4.656612873077393,2.0000000474974513,4.656612873077393,2.0000000474974513,,1908108613650949,
Raw,1742897516000,105333000000,,,-1426932628667315936,0.0,13.186121338751676,996.0,1.0,29,21,0.0,32995,47515926024952,112,26.125839233398438,-475.63632462336295,0.9997295804448485,16,-28298.369173024446,340282346638528860000000000000000000000,1604249980,,,,1,,3,53.54454040527344,21.125839233398438,4.656612873077393,2.0000000474974513,4.656612873077393,2.0000000474974513,,1908108613650949,
Raw,1742897516000,105333000000,,,-1426932628667315936,0.0,13.186121338751676,996.0,1.0,29,8,0.0,16384,209519868014931,1000000000,14.450511932373047,-13.11357023202359,299792458,16,-363.31361895285454,340282346638528860000000000000000000000,1561097980,,,,1,,5,48.66847229003906,9.450511932373047,9.342329576611519,2.500692349107121,9.342329576611519,1.5000000237487257,,1908108613650949,
Raw,1742897516000,105333000000,,,-1426932628667315936,0.0,13.186121338751676,996.0,1.0,29,11,0.0,81955,209519922875713,38,22.374977111816406,733.0834427491723,1.1678351064849064,16,19358.101453976546,340282346638528860000000000000000000000,1561097980,,,,1,,5,48.66847229003906,17.374977111816406,9.342329576611519,2.500692349107121,9.342329576611519,1.5000000237487257,,1908108613650949,
Raw,1742897516000,105333000000,,,-1426932628667315936,0.0,13.186121338751676,996.0,1.0,29,13,0.0,16384,209519867592954,1000000000,19.01193618774414,-47.58696957237888,299792458,16,-1274.5944228481012,340282346638528860000000000000000000000,1561097980,,,,0,,5,48.66847229003906,14.011935234069824,9.342329576611519,2.500692349107121,9.342329576611519,1.5000000237487257,,1908108613650949,
Raw,1742897516000,105333000000,,,-1426932628667315936,0.0,13.186121338751676,996.0,1.0,29,23,0.0,81967,209519926370828,7,42.82731246948242,548.0895264311403,0.15,25,276042.2693839196,0.001177514437586069,1561097980,,,,0,,5,48.66847229003906,37.82731246948242,9.342329576611519,2.500692349107121,9.342329576611519,1.5000000237487257,,1908108613650949,
Raw,1742897516000,105333000000,,,-1426932628667315936,0.0,13.186121338751676,996.0,1.0,29,25,0.0,81967,209519916168418,14,34.28887939453125,904.6486667024778,0.6344715550912738,25,27062.962003160344,0.0029669601935893297,1561097980,,,,0,,5,48.66847229003906,29.288877487182617,9.342329576611519,2.500692349107121,9.342329576611519,1.5000000237487257,,1908108613650949,
Raw,1742897516000,105333000000,,,-1426932628667315936,0.0,13.186121338751676,996.0,1.0,29,28,0.0,81967,209519923741611,6,44.240867614746094,-177.84004277635063,0.15,25,-14220.407758048208,0.0010006644297391176,1561097980,,,,0,,5,48.66847229003906,39.240867614746094,9.342329576611519,2.500692349107121,9.342329576611519,1.5000000237487257,,1908108613650949,
Raw,1742897516000,105333000000,,,-1426932628667315936,0.0,13.186121338751676,996.0,1.0,29,34,0.0,16384,209519916492175,1000000000,12.0,879.0729186681087,299792458,16,23238.725637817075,340282346638528860000000000000000000000,1561097980,,,,1,,5,48.66847229003906,7.0,9.342329576611519,2.500692349107121,9.342329576611519,1.5000000237487257,,1908108613650949,
Raw,1742897516000,105333000000,,,-1426932628667315936,0.0,13.186121338751676,996.0,1.0,29,37,0.0,81967,209519924406785,9,39.97520065307617,-27.528887938632934,0.15,25,-886.6313960887021,0.0016352037200704217,1561097980,,,,0,,5,48.66847229003906,34.97520065307617,9.342329576611519,2.500692349107121,9.342329576611519,1.5000000237487257,,1908108613650949,
Raw,1742897516000,105333000000,,,-1426932628667315936,0.0,13.186121338751676,996.0,1.0,29,4,0.0,85026,209533909022339,82,21.397470474243164,316.90873507376523,1.212178778843807,16,8333.439124289574,340282346638528860000000000000000000000,1575420030,,,,1,,6,36.94316101074219,16.397470474243164,1.3096723705530164,1.5000000237487257,1.3096723705530164,1.5000000237487257,,1908108613650949,
Raw,1742897516000,105333000000,,,-1426932628667315936,0.0,13.186121338751676,996.0,1.0,29,6,0.0,16384,209533905949636,1000000000,24.953794479370117,104.89348888979151,299792458,16,3.2755350877673917,340282346638528860000000000000000000000,1575420030,,,,0,,6,36.94316101074219,19.953794479370117,1.3096723705530164,1.5000000237487257,1.3096723705530164,1.5000000237487257,,1908108613650949,
Raw,1742897516000,105333000000,,,-1426932628667315936,0.0,13.186121338751676,996.0,1.0,29,13,0.0,85026,209533917688102,13,44.177223205566406,-140.81945696530659,0.15,25,-4639.637407288111,0.0009988599922508001,1575420030,,,,0,,6,36.94316101074219,39.177223205566406,1.3096723705530164,1.5000000237487257,1.3096723705530164,1.5000000237487257,,1908108613650949,
Raw,1742897516000,105333000000,,,-1426932628667315936,0.0,13.186121338751676,996.0,1.0,29,15,0.0,85026,209533917565451,49,27.61807632446289,402.857192283858,0.9325428072745132,16,6644.4933515832545,340282346638528860000000000000000000000,1575420030,,,,1,,6,36.94316101074219,22.61807632446289,1.3096723705530164,1.5000000237487257,1.3096723705530164,1.5000000237487257,,1908108613650949,
Raw,1742897516000,105333000000,,,-1426932628667315936,0.0,13.186121338751676,996.0,1.0,29,18,0.0,16384,209533898098694,1000000000,13.750965118408203,-149.82131538211127,299792458,16,-186.13476735763362,340282346638528860000000000000000000000,1575420030,,,,0,,6,36.94316101074219,8.750965118408203,1.3096723705530164,1.5000000237487257,1.3096723705530164,1.5000000237487257,,1908108613650949,
Raw,1742897516000,105333000000,,,-1426932628667315936,0.0,13.186121338751676,996.0,1.0,29,21,0.0,85026,209533920975830,40,30.21341896057129,129.44847587191657,0.8150075920712605,25,3391.68738208385,0.004700223915278912,1575420030,,,,1,,6,36.94316101074219,25.21341896057129,1.3096723705530164,1.5000000237487257,1.3096723705530164,1.5000000237487257,,1908108613650949,
Raw,1742897516000,105333000000,,,-1426932628667315936,0.0,13.186121338751676,996.0,1.0,29,23,0.0,21546,209533910157756,55,26.406469345092773,-152.2615681454597,0.9871338494715416,29,-5128.878589810499,0.007285611238330603,1575420030,,,,0,,6,36.94316101074219,21.406469345092773,1.3096723705530164,1.5000000237487257,1.3096723705530164,1.5000000237487257,,1908108613650949,
Raw,1742897516000,105333000000,,,-1426932628667315936,0.0,13.186121338751676,996.0,1.0,29,26,0.0,85026,209533906174808,89,20.38274574279785,-327.85728115978327,1.258017020175071,16,-2571.2437944008498,340282346638528860000000000000000000000,1575420030,,,,1,,6,36.94316101074219,15.382745742797852,1.3096723705530164,1.5000000237487257,1.3096723705530164,1.5000000237487257,,1908108613650949,
Raw,1742897516000,105333000000,,,-1426932628667315936,0.0,13.186121338751676,996.0,1.0,29,27,0.0,85026,209533918303112,29,34.09339141845703,572.7770174836119,0.641487947991418,25,15115.66352780352,0.003006907179951668,1575420030,,,,0,,6,36.94316101074219,29.0933895111084,1.3096723705530164,1.5000000237487257,1.3096723705530164,1.5000000237487257,,1908108613650949,
Raw,1742897516000,105333000000,,,-1426932628667315936,0.0,13.186121338751676,996.0,1.0,29,34,0.0,16384,209533906350260,1000000000,23.954511642456055,807.0300355544096,299792458,16,993.0001946970328,340282346638528860000000000000000000000,1575420030,,,,0,,6,36.94316101074219,18.954511642456055,1.3096723705530164,1.5000000237487257,1.3096723705530164,1.5000000237487257,,1908108613650949,
Status,1742897515000,35,0,1,29,1575449980,29.73,31.0,81.0,0,1,1,24.729977
Status,1742897515000,35,1,3,10,1598062460,24.29,20.0,79.0,1,1,1,19.29081
Status,1742897515000,35,2,3,20,1603124990,34.48,160.0,74.0,1,1,1,29.478495
Status,1742897515000,35,3,6,21,1575449980,30.84,314.0,68.0,0,1,1,25.84471
Status,1742897515000,35,4,1,28,1575449980,34.81,251.0,61.0,1,1,1,29.810963
Status,1742897515000,35,5,5,37,1575449980,39.98,302.0,55.0,1,1,1,34.9752
Status,1742897515000,35,6,1,25,1575449980,34.58,102.0,52.0,1,1,1,29.576458
Status,1742897515000,35,7,6,27,1575449980,34.68,93.0,51.0,0,1,1,29.683544
Status,1742897515000,35,8,1,31,1575449980,37.19,294.0,48.0,1,1,1,32.187374
Status,1742897515000,35,9,6,13,1575449980,44.56,150.0,45.0,1,1,1,39.556908
Status,1742897515000,35,10,6,15,1575449980,27.62,68.0,45.0,0,1,1,22.618076
Status,1742897515000,35,11,5,28,1575449980,45.13,209.0,44.0,1,1,1,40.132645
Status,1742897515000,35,12,3,9,1600875010,42.98,123.0,43.0,1,1,1,37.98376
Status,1742897515000,35,13,5,11,1575449980,22.62,51.0,41.0,1,1,1,17.623905
Status,1742897515000,35,14,1,18,1575449980,40.28,175.0,31.0,1,1,1,35.27802
Status,1742897515000,35,15,3,19,1603687550,16.38,34.0,31.0,0,1,1,11.383228
Status,1742897515000,35,16,3,11,1602000000,28.04,319.0,30.0,0,1,1,23.036758
Status,1742897515000,35,17,1,26,1575449980,34.68,297.0,26.0,1,1,1,29.67532
Status,1742897515000,35,18,3,21,1604249980,27.57,202.0,24.0,1,1,1,22.570679
Status,1742897515000,35,19,5,8,1575449980,14.61,69.0,20.0,0,1,1,9.609537
Status,1742897515000,35,20,5,13,1575449980,21.29,83.0,20.0,0,1,1,16.28886
Status,1742897515000,35,21,6,23,1575449980,28.62,291.0,18.0,1,1,1,23.61655
Status,1742897515000,35,22,5,25,1575449980,36.88,137.0,16.0,1,1,1,31.882532
Status,1742897515000,35,23,1,12,1575449980,28.84,104.0,16.0,0,1,1,23.842587
Status,1742897515000,35,24,6,4,1575449980,21.40,309.0,15.0,0,1,1,16.39747
Status,1742897515000,35,25,1,20,1575449980,22.33,60.0,14.0,0,1,1,17.330402
Status,1742897515000,35,26,1,11,1575449980,20.36,36.0,11.0,0,1,1,15.36437
Status,1742897515000,35,27,1,5,1575449980,22.18,95.0,9.0,1,1,1,17.18074
Status,1742897515000,35,28,6,18,1575449980,20.82,241.0,7.0,0,0,1,15.818517
Status,1742897515000,35,29,3,2,1599750020,21.51,348.0,7.0,0,1,1,16.506693
Status,1742897515000,35,30,6,34,1575449980,25.33,30.0,7.0,0,1,1,20.333094
Status,1742897515000,35,31,6,6,1575449980,24.95,332.0,6.0,0,1,1,19.953794
Status,1742897515000,35,32,6,26,1575449980,23.16,188.0,6.0,1,1,1,18.157776
Status,1742897515000,35,33,3,1,1602562560,20.73,302.0,6.0,0,1,1,15.73102
Status,1742897515000,35,34,5,23,1575449980,43.52,151.0,68.0,0,1,0,38.521854
Fix,GPS,45.0659522150,7.6463346477,321.26034714215393,0.0,8.0,,1742897516000,0.17048821,,1908108721076295,4.6113396,0,,,
Fix,FLP,45.0659512000,7.6463327000,307.1000061035156,0.25420502,8.0,231.79022,1742897516606,0.17048821,45.0,1908108721076295,2.526216,0,,,
Status,1742897516000,35,0,1,29,1575449980,29.26,31.0,81.0,0,1,1,24.261112
Status,1742897516000,35,1,3,10,1598062460,24.02,20.0,79.0,1,1,1,19.024282
Status,1742897516000,35,2,3,20,1603124990,34.54,160.0,74.0,1,1,1,29.53609
Status,1742897516000,35,3,6,21,1575449980,30.82,314.0,68.0,0,1,1,25.821112
Status,1742897516000,35,4,1,28,1575449980,34.45,251.0,61.0,1,1,1,29.446299
Status,1742897516000,35,5,5,37,1575449980,39.89,302.0,55.0,1,1,1,34.88647
Status,1742897516000,35,6,1,25,1575449980,34.50,102.0,52.0,1,1,1,29.502398
Status,1742897516000,35,7,6,27,1575449980,34.56,93.0,51.0,0,1,1,29.557245
Status,1742897516000,35,8,1,31,1575449980,37.27,294.0,48.0,1,1,1,32.27321
Status,1742897516000,35,9,6,13,1575449980,44.55,150.0,45.0,1,1,1,39.55153
Status,1742897516000,35,10,6,15,1575449980,27.57,68.0,45.0,0,1,1,22.569708
Status,1742897516000,35,11,5,28,1575449980,44.90,209.0,44.0,1,1,1,39.89661
Status,1742897516000,35,12,3,9,1600875010,42.98,123.0,43.0,1,1,1,37.976616
Status,1742897516000,35,13,5,11,1575449980,22.85,51.0,41.0,1,1,1,17.847485
Status,1742897516000,35,14,1,18,1575449980,40.16,175.0,31.0,1,1,1,35.161217
Status,1742897516000,35,15,3,19,1603687550,16.21,34.0,31.0,0,1,1,11.212609
Status,1742897516000,35,16,3,11,1602000000,27.82,319.0,30.0,0,1,1,22.815472
Status,1742897516000,35,17,1,26,1575449980,34.39,297.0,26.0,1,1,1,29.392576
Status,1742897516000,35,18,3,21,1604249980,26.93,202.0,24.0,1,1,1,21.928083
Status,1742897516000,35,19,5,8,1575449980,17.90,69.0,20.0,0,1,1,12.90424
Status,1742897516000,35,20,5,13,1575449980,21.08,83.0,20.0,0,1,1,16.079641
Status,1742897516000,35,21,6,23,1575449980,29.19,291.0,18.0,1,1,1,24.191887
Status,1742897516000,35,22,5,25,1575449980,36.64,137.0,16.0,1,1,1,31.644007
Status,1742897516000,35,23,1,12,1575449980,28.48,104.0,16.0,1,1,1,23.479073
Status,1742897516000,35,24,6,4,1575449980,21.40,309.0,15.0,1,1,1,16.396183
Status,1742897516000,35,25,1,20,1575449980,22.15,60.0,14.0,0,1,1,17.149931
Status,1742897516000,35,26,1,11,1575449980,20.32,36.0,11.0,0,1,1,15.321899
Status,1742897516000,35,27,1,5,1575449980,22.07,95.0,9.0,1,1,1,17.065184
Status,1742897516000,35,28,6,18,1575449980,20.78,241.0,7.0,0,0,1,15.7771635
Status,1742897516000,35,29,3,2,1599750020,21.44,348.0,7.0,0,1,1,16.442852
Status,1742897516000,35,30,6,34,1575449980,24.79,30.0,7.0,0,1,1,19.789877
Status,1742897516000,35,31,6,6,1575449980,24.64,332.0,6.0,0,1,1,19.638578
Status,1742897516000,35,32,6,26,1575449980,22.90,188.0,6.0,1,1,1,17.895689
Status,1742897516000,35,33,3,1,1602562560,20.98,302.0,6.0,0,1,1,15.979342
Status,1742897516000,35,34,5,23,1575449980,43.51,151.0,68.0,0,1,0,38.51166
Raw,1742897517000,106333000000,,,-1426932628667314939,0.0,13.160775804155312,997.0,1.0,29,5,0.0,16419,209534917688531,85,21.025171279907227,-181.05493865277776,1.2311989197370679,16,-5465.2102036879005,340282346638528860000000000000000000000,1575420030,,,,1,,1,38.210899353027344,16.025171279907227,-0.37834980195649376,1.0,-0.37834980195649376,1.0,,1908109595672794,
Raw,1742897517000,106333000000,,,-1426932628667314939,0.0,13.160775804155312,997.0,1.0,29,11,0.0,16384,209534917371693,1000000000,19.939659118652344,882.0333890065931,299792458,16,24184.084361601617,340282346638528860000000000000000000000,1575420030,,,,0,,1,38.210899353027344,14.939659118652344,-0.20372681261465636,1.0,-0.20372681261465636,1.0,,1908109595672794,
Raw,1742897517000,106333000000,,,-1426932628667314939,0.0,13.160775804155312,997.0,1.0,29,12,0.0,16431,209534919561029,60,25.20745086669922,909.1429157494017,1.043463296653127,16,24943.726315222477,340282346638528860000000000000000000000,1575420030,,,,0,,1,38.210899353027344,20.20745086669922,-0.6984919076624261,1.0,-0.6984919076624261,1.0,,1908109595672794,
Raw,1742897517000,106333000000,,,-1426932628667314939,0.0,13.160775804155312,997.0,1.0,29,18,0.0,16431,209534923475013,19,39.11000442504883,-344.55379945591676,0.15,25,-31661.62332306776,0.0017900512320920825,1575420030,,,,0,,1,38.210899353027344,34.11000442504883,-0.08731148845780326,1.0,-0.08731148845780326,1.0,,1908109595672794,
Raw,1742897517000,106333000000,,,-1426932628667314939,0.0,13.160775804155312,997.0,1.0,29,20,0.0,16384,209534919218473,1000000000,20.52569580078125,197.50478516982741,299792458,16,5629.325310611382,340282346638528860000000000000000000000,1575420030,,,,0,,1,38.210899353027344,15.525694847106934,0.0,1.0,0.0,1.0,,1908109595672794,
Raw,1742897517000,106333000000,,,-1426932628667314939,0.0,13.160775804155312,997.0,1.0,29,25,0.0,16431,209534930228722,30,33.835853576660156,710.2961849776734,0.6537751395389764,25,20506.15617688225,0.0030973958782851696,1575420030,,,,0,,1,38.210899353027344,28.835853576660156,-1.8917489103726217,1.0,-1.8917489103726217,1.0,,1908109595672794,
Raw,1742897517000,106333000000,,,-1426932628667314939,0.0,13.160775804155312,997.0,1.0,29,26,0.0,16431,209534923626029,35,31.847885131835938,-272.8491165582934,0.7419841982213939,25,-8487.748770555496,0.003893993329256773,1575420030,,,,0,,1,38.210899353027344,26.847885131835938,-0.8440110737314445,1.0,-0.8440110737314445,1.0,,1908109595672794,
Raw,1742897517000,106333000000,,,-1426932628667314939,0.0,13.160775804155312,997.0,1.0,29,28,0.0,16431,209534930270172,37,31.164316177368164,384.3139842459491,0.7739186611756925,25,11813.864213626675,0.004212826956063509,1575420030,,,,0,,1,38.210899353027344,26.164316177368164,-0.34924595383121304,1.0,-0.34924595383121304,1.0,,1908109595672794,
Raw,1742897517000,106333000000,,,-1426932628667314939,0.0,13.160775804155312,997.0,1.0,29,29,0.0,16431,209534932292741,73,25.04132843017578,385.9915227560018,299.7946726027708,16,11492.494331285681,340282346638528860000000000000000000000,1575420030,,,,0,,1,38.210899353027344,20.04132843017578,-0.9604263668227204,1.0,-0.9604263668227204,1.0,,1908109595672794,
Raw,1742897517000,106333000000,,,-1426932628667314939,0.0,13.160775804155312,997.0,1.0,29,31,0.0,16431,209534928856062,22,37.27320861816406,65.18934417889682,0.15,25,1929.9856992842772,0.0020851101726293564,1575420030,,,,0,,1,38.210899353027344,32.27320861816406,-0.2619344840127561,1.0,-0.2619344840127561,1.0,,1908109595672794,
Raw,1742897517000,106333000000,,,-1426932628667314939,0.0,13.160775804155312,997.0,1.0,29,10,0.0,32769,47516935838082,162,21.625537872314453,214.68212172135645,1.2038682511052645,16,7071.556925098675,340282346638528860000000000000000000000,1598062460,,,,0,,3,54.36126708984375,16.625537872314453,4.656612873077393,2.0000000474974513,4.656612873077393,2.0000000474974513,,1908109595672794,
Raw,1742897517000,106333000000,,,-1426932628667314939,0.0,13.160775804155312,997.0,1.0,29,2,0.0,32768,47516920381453,1000000000,20.868282318115234,205.2065682825695,299792458,16,5569.991733503047,340282346638528860000000000000000000000,1599750020,,,,0,,3,54.36126708984375,15.86828327178955,4.656612873077393,2.0000000474974513,4.656612873077393,2.0000000474974513,,1908109595672794,
Raw,1742897517000,106333000000,,,-1426932628667314939,0.0,13.160775804155312,997.0,1.0,29,9,0.0,32995,47516931633688,33,42.912322998046875,798.1555091951741,0.15,25,32418.235314711616,0.0011370732681825757,1600875010,,,,0,,3,54.36126708984375,37.912322998046875,4.656612873077393,2.0000000474974513,4.656612873077393,2.0000000474974513,,1908109595672794,
Raw,1742897517000,106333000000,,,-1426932628667314939,0.0,13.160775804155312,997.0,1.0,29,11,0.0,32803,47516927712149,115,25.823898315429688,-353.48439145613224,1.013610992209721,16,-13010.486469895037,340282346638528860000000000000000000000,1602000000,,,,0,,3,54.36126708984375,20.823898315429688,4.656612873077393,2.0000000474974513,4.656612873077393,2.0000000474974513,,1908109595672794,
Raw,1742897517000,106333000000,,,-1426932628667314939,0.0,13.160775804155312,997.0,1.0,29,1,0.0,32768,47516920022687,1000000000,20.97934341430664,742.6287118527766,299792458,16,24522.84653888891,340282346638528860000000000000000000000,1602562560,,,,0,,3,54.36126708984375,15.979342460632324,4.656612873077393,2.0000000474974513,4.656612873077393,2.0000000474974513,,1908109595672794,
Raw,1742897517000,106333000000,,,-1426932628667314939,0.0,13.160775804155312,997.0,1.0,29,20,0.0,32995,47516935811653,57,34.53609085083008,89.95809632833294,0.6232905123328552,25,2840.949131593784,0.002808108925819397,1603124990,,,,0,,3,54.36126708984375,29.536090850830078,4.656612873077393,2.0000000474974513,4.656612873077393,2.0000000474974513,,1908109595672794,
Raw,1742897517000,106333000000,,,-1426932628667314939,0.0,13.160775804155312,997.0,1.0,29,19,0.0,32768,47516927984415,1000000000,14.677040100097656,973.413226488161,299792458,16,26686.788935109016,340282346638528860000000000000000000000,1603687550,,,,1,,3,54.36126708984375,9.677040100097656,4.656612873077393,2.0000000474974513,4.656612873077393,2.0000000474974513,,1908109595672794,
Raw,1742897517000,106333000000,,,-1426932628667314939,0.0,13.160775804155312,997.0,1.0,29,21,0.0,32995,47516926026628,168,21.144733428955078,-475.457119066966,1.2237246103946964,16,-28773.090751525073,340282346638528860000000000000000000000,1604249980,,,,0,,3,54.36126708984375,16.144733428955078,4.656612873077393,2.0000000474974513,4.656612873077393,2.0000000474974513,,1908109595672794,
Raw,1742897517000,106333000000,,,-1426932628667314939,0.0,13.160775804155312,997.0,1.0,29,8,0.0,16384,209520868014973,1000000000,17.904239654541016,-12.738859184397683,299792458,16,-375.4072848520789,340282346638528860000000000000000000000,1561097980,,,,1,,5,50.755516052246094,12.904239654541016,9.342329576611519,2.500692349107121,9.342329576611519,1.5000000237487257,,1908109595672794,
Raw,1742897517000,106333000000,,,-1426932628667314939,0.0,13.160775804155312,997.0,1.0,29,11,0.0,81955,209520922873266,36,22.847484588623047,733.2775764215262,1.146586691861871,16,20091.537549132005,340282346638528860000000000000000000000,1561097980,,,,1,,5,50.755516052246094,17.847484588623047,9.342329576611519,2.500692349107121,9.342329576611519,1.5000000237487257,,1908109595672794,
Raw,1742897517000,106333000000,,,-1426932628667314939,0.0,13.160775804155312,997.0,1.0,29,13,0.0,16384,209520867593109,1000000000,19.19666290283203,-47.21225852475297,299792458,16,-1321.2243120407015,340282346638528860000000000000000000000,1561097980,,,,0,,5,50.755516052246094,14.196661949157715,9.342329576611519,2.500692349107121,9.342329576611519,1.5000000237487257,,1908109595672794,
Raw,1742897517000,106333000000,,,-1426932628667314939,0.0,13.160775804155312,997.0,1.0,29,23,0.0,81967,209520926369003,6,43.419925689697266,548.221391455427,0.15,25,276590.44763629534,0.0010998554062098265,1561097980,,,,0,,5,50.755516052246094,38.419925689697266,9.342329576611519,2.500692349107121,9.342329576611519,1.5000000237487257,,1908109595672794,
Raw,1742897517000,106333000000,,,-1426932628667314939,0.0,13.160775804155312,997.0,1.0,29,25,0.0,81967,209520916165392,14,34.497283935546875,904.7202398611757,0.6250992123839905,25,27967.66190433202,0.002896619960665703,1561097980,,,,0,,5,50.755516052246094,29.497282028198242,9.342329576611519,2.500692349107121,9.342329576611519,1.5000000237487257,,1908109595672794,
Raw,1742897517000,106333000000,,,-1426932628667314939,0.0,13.160775804155312,997.0,1.0,29,28,0.0,81967,209520923742204,7,42.772315979003906,-177.72903621545584,0.15,25,-14398.176819185235,0.0011849936563521624,1561097980,,,,0,,5,50.755516052246094,37.772315979003906,9.342329576611519,2.500692349107121,9.342329576611519,1.5000000237487257,,1908109595672794,
Raw,1742897517000,106333000000,,,-1426932628667314939,0.0,13.160775804155312,997.0,1.0,29,34,0.0,16384,209520916489242,1000000000,12.0,879.4476211951205,299792458,16,24118.547978241466,340282346638528860000000000000000000000,1561097980,,,,1,,5,50.755516052246094,7.0,9.342329576611519,2.500692349107121,9.342329576611519,1.5000000237487257,,1908109595672794,
Raw,1742897517000,106333000000,,,-1426932628667314939,0.0,13.160775804155312,997.0,1.0,29,37,0.0,81967,209520924406890,9,39.087913513183594,-27.36941186425564,0.15,25,-914.1073164259044,0.0018110743258148432,1561097980,,,,0,,5,50.755516052246094,34.087913513183594,9.342329576611519,2.500692349107121,9.342329576611519,1.5000000237487257,,1908109595672794,
Raw,1742897517000,106333000000,,,-1426932628667314939,0.0,13.160775804155312,997.0,1.0,29,4,0.0,85026,209534909021287,82,21.384601593017578,317.27962036564645,1.2127571155279284,16,8650.546260271016,340282346638528860000000000000000000000,1575420030,,,,1,,6,38.210899353027344,16.384601593017578,1.3096723705530164,1.5000000237487257,1.3096723705530164,1.5000000237487257,,1908109595672794,
Raw,1742897517000,106333000000,,,-1426932628667314939,0.0,13.160775804155312,997.0,1.0,29,6,0.0,16384,209534905949283,1000000000,21.801631927490234,105.26479169176514,299792458,16,3.2801689474666076,340282346638528860000000000000000000000,1575420030,,,,0,,6,38.210899353027344,16.801631927490234,1.3096723705530164,1.5000000237487257,1.3096723705530164,1.5000000237487257,,1908109595672794,
Raw,1742897517000,106333000000,,,-1426932628667314939,0.0,13.160775804155312,997.0,1.0,29,13,0.0,85026,209534917688563,12,44.503135681152344,-140.67708602379668,0.15,25,-4780.368770865092,0.0009620749624446034,1575420030,,,,0,,6,38.210899353027344,39.503135681152344,1.3096723705530164,1.5000000237487257,1.3096723705530164,1.5000000237487257,,1908109595672794,
Raw,1742897517000,106333000000,,,-1426932628667314939,0.0,13.160775804155312,997.0,1.0,29,15,0.0,85026,209534917564096,57,27.1343994140625,404.1586990510946,299.79344563433597,16,7048.599915244634,340282346638528860000000000000000000000,1575420030,,,,1,,6,38.210899353027344,22.1343994140625,1.3096723705530164,1.5000000237487257,1.3096723705530164,1.5000000237487257,,1908109595672794,
Raw,1742897517000,106333000000,,,-1426932628667314939,0.0,13.160775804155312,997.0,1.0,29,18,0.0,16384,209534898099201,1000000000,20.404979705810547,-149.63565120020326,299792458,16,-186.13494244552302,340282346638528860000000000000000000000,1575420030,,,,0,,6,38.210899353027344,15.404980659484863,1.3096723705530164,1.5000000237487257,1.3096723705530164,1.5000000237487257,,1908109595672794,
Raw,1742897517000,106333000000,,,-1426932628667314939,0.0,13.160775804155312,997.0,1.0,29,21,0.0,85026,209534920975392,39,30.60873794555664,129.58981581911667,0.9312722372595701,16,3521.1881498489474,340282346638528860000000000000000000000,1575420030,,,,1,,6,38.210899353027344,25.60873794555664,1.3096723705530164,1.5000000237487257,1.3096723705530164,1.5000000237487257,,1908109595672794,
Raw,1742897517000,106333000000,,,-1426932628667314939,0.0,13.160775804155312,997.0,1.0,29,23,0.0,21546,209534910158257,44,29.19188690185547,-152.05845374581202,0.8618768942796375,25,-5280.896428529413,0.005286827217787504,1575420030,,,,1,,6,38.210899353027344,24.19188690185547,1.3096723705530164,1.5000000237487257,1.3096723705530164,1.5000000237487257,,1908109595672794,
Raw,1742897517000,106333000000,,,-1426932628667314939,0.0,13.160775804155312,997.0,1.0,29,26,0.0,85026,209534906175910,88,20.536901473999023,-327.67930257182115,1.2510849680413614,16,-2898.762196843735,340282346638528860000000000000000000000,1575420030,,,,1,,6,38.210899353027344,15.536901473999023,1.3096723705530164,1.5000000237487257,1.3096723705530164,1.5000000237487257,,1908109595672794,
Raw,1742897517000,106333000000,,,-1426932628667314939,0.0,13.160775804155312,997.0,1.0,29,27,0.0,85026,209534918301206,31,33.42054748535156,572.8272550245265,0.6717445156349471,25,15688.498667139329,0.003249092260375619,1575420030,,,,0,,6,38.210899353027344,28.420547485351562,1.3096723705530164,1.5000000237487257,1.3096723705530164,1.5000000237487257,,1908109595672794,
Raw,1742897517000,106333000000,,,-1426932628667314939,0.0,13.160775804155312,997.0,1.0,29,34,0.0,16384,209534906347567,1000000000,19.900922775268555,807.2157167775458,299792458,16,993.0202378035337,340282346638528860000000000000000000000,1575420030,,,,0,,6,38.210899353027344,14.900922775268555,1.3096723705530164,1.5000000237487257,1.3096723705530164,1.5000000237487257,,1908109595672794,
Fix,GPS,45.0659522150,7.6463346477,321.1582559473402,0.0,8.0,,1742897517000,0.16565204,,1908109702568641,4.5436897,0,,,
Fix,FLP,45.0659513000,7.6463329000,307.1000061035156,0.21782641,8.0,231.76813,1742897517587,0.16565204,45.0,1908109702568641,2.536031,0,,,
Status,1742897517000,35,0,1,29,1575449980,28.88,31.0,81.0,0,1,1,23.880667
Status,1742897517000,35,1,3,10,1598062460,23.57,20.0,79.0,1,1,1,18.566118
Status,1742897517000,35,2,3,20,1603124990,34.46,160.0,74.0,1,1,1,29.460917
Status,1742897517000,35,3,6,21,1575449980,30.77,314.0,68.0,0,1,1,25.771038
Status,1742897517000,35,4,1,28,1575449980,34.06,251.0,61.0,1,1,1,29.055103
Status,1742897517000,35,5,5,37,1575449980,39.77,302.0,55.0,1,1,1,34.76586
Status,1742897517000,35,6,1,25,1575449980,34.35,102.0,52.0,1,1,1,29.351337
Status,1742897517000,35,7,6,27,1575449980,34.35,93.0,51.0,0,1,1,29.353561
Status,1742897517000,35,8,1,31,1575449980,37.26,294.0,48.0,1,1,1,32.260254
Status,1742897517000,35,9,6,13,1575449980,44.55,150.0,45.0,1,1,1,39.551018
Status,1742897517000,35,10,6,15,1575449980,27.54,68.0,45.0,0,1,1,22.537262
Status,1742897517000,35,11,5,28,1575449980,44.54,209.0,44.0,1,1,1,39.544273
Status,1742897517000,35,12,3,9,1600875010,42.93,123.0,43.0,1,1,1,37.93493
Status,1742897517000,35,13,5,11,1575449980,23.64,51.0,41.0,1,1,1,18.637617
Status,1742897517000,35,14,1,18,1575449980,39.95,175.0,31.0,1,1,1,34.95001
Status,1742897517000,35,15,3,19,1603687550,15.97,34.0,31.0,0,1,1,10.973035
Status,1742897517000,35,16,3,11,1602000000,27.54,319.0,30.0,0,1,1,22.535568
Status,1742897517000,35,17,1,26,1575449980,34.25,297.0,26.0,1,1,1,29.250904
Status,1742897517000,35,18,3,21,1604249980,25.82,202.0,24.0,0,1,1,20.816568
Status,1742897517000,35,19,5,8,1575449980,17.70,69.0,20.0,0,1,1,12.70314
Status,1742897517000,35,20,5,13,1575449980,20.89,83.0,20.0,0,1,1,15.886687
Status,1742897517000,35,21,6,23,1575449980,29.28,291.0,18.0,1,1,1,24.280722
Status,1742897517000,35,22,5,25,1575449980,36.39,137.0,16.0,1,1,1,31.39382
Status,1742897517000,35,23,1,12,1575449980,28.08,104.0,16.0,1,1,1,23.075607
Status,1742897517000,35,24,6,4,1575449980,21.37,309.0,15.0,1,1,1,16.373947
Status,1742897517000,35,25,1,20,1575449980,21.90,60.0,14.0,0,1,1,16.901487
Status,1742897517000,35,26,1,11,1575449980,20.29,36.0,11.0,0,1,1,15.285374
Status,1742897517000,35,27,1,5,1575449980,21.79,95.0,9.0,1,1,1,16.789328
Status,1742897517000,35,28,6,18,1575449980,20.65,241.0,7.0,0,0,1,15.653107
Status,1742897517000,35,29,3,2,1599750020,21.41,348.0,7.0,0,1,1,16.408804
Status,1742897517000,35,30,6,34,1575449980,24.48,30.0,7.0,0,1,1,19.476204
Status,1742897517000,35,31,6,6,1575449980,24.52,332.0,6.0,0,1,1,19.519651
Status,1742897517000,35,32,6,26,1575449980,22.65,188.0,6.0,1,1,1,17.646627
Status,1742897517000,35,33,3,1,1602562560,21.03,302.0,6.0,0,1,1,16.033958
Status,1742897517000,35,34,5,23,1575449980,43.47,151.0,68.0,0,1,0,38.47303
Raw,1742897518000,107333000000,,,-1426932628667313942,0.0,13.116223491835807,997.0,1.0,29,5,0.0,16419,209535917689128,97,19.306621551513672,-181.14527420379147,1.3084802242295615,16,-5645.852770631618,340282346638528860000000000000000000000,1575420030,,,,0,,1,36.164798736572266,14.306620597839355,-0.37834980195649376,1.0,-0.37834980195649376,1.0,,1908110595801332,
Raw,1742897518000,107333000000,,,-1426932628667313942,0.0,13.116223491835807,997.0,1.0,29,11,0.0,16384,209535917368794,1000000000,19.956642150878906,882.4046832879526,299792458,16,25066.61844825927,340282346638528860000000000000000000000,1575420030,,,,0,,1,36.164798736572266,14.956642150878906,-0.20372681261465636,1.0,-0.20372681261465636,1.0,,1908110595801332,
Raw,1742897518000,107333000000,,,-1426932628667313942,0.0,13.116223491835807,997.0,1.0,29,12,0.0,16431,209535919557983,64,24.44441032409668,909.3342546603208,1.0777757431901684,16,25852.81305193662,340282346638528860000000000000000000000,1575420030,,,,0,,1,36.164798736572266,19.44441032409668,-0.6984919076624261,1.0,-0.6984919076624261,1.0,,1908110595801332,
Raw,1742897518000,107333000000,,,-1426932628667313942,0.0,13.116223491835807,997.0,1.0,29,18,0.0,16431,209535923476158,21,38.04912185668945,-344.4669232742401,0.15,25,-32006.148926712238,0.0020225984044373035,1575420030,,,,0,,1,36.164798736572266,33.04912185668945,-0.08731148845780326,1.0,-0.08731148845780326,1.0,,1908110595801332,
Raw,1742897518000,107333000000,,,-1426932628667313942,0.0,13.116223491835807,997.0,1.0,29,20,0.0,16384,209535919217792,1000000000,19.665489196777344,197.934104833417,299792458,16,5825.9080522887425,340282346638528860000000000000000000000,1575420030,,,,0,,1,36.164798736572266,14.665489196777344,0.0,1.0,0.0,1.0,,1908110595801332,
Raw,1742897518000,107333000000,,,-1426932628667313942,0.0,13.116223491835807,997.0,1.0,29,25,0.0,16431,209535930226364,32,32.991798400878906,710.4220855720687,0.6917310139917658,25,21216.547113664194,0.0034134984016418457,1575420030,,,,0,,1,36.164798736572266,27.991796493530273,-1.8917489103726217,1.0,-1.8917489103726217,1.0,,1908110595801332,
Raw,1742897518000,107333000000,,,-1426932628667313942,0.0,13.116223491835807,997.0,1.0,29,26,0.0,16431,209535923626935,32,32.97584533691406,-272.74507985975754,0.6912611154359172,25,-8760.551778447201,0.0034197713248431683,1575420030,,,,0,,1,36.164798736572266,27.975847244262695,-0.8440110737314445,1.0,-0.8440110737314445,1.0,,1908110595801332,
Raw,1742897518000,107333000000,,,-1426932628667313942,0.0,13.116223491835807,997.0,1.0,29,28,0.0,16431,209535930268909,39,30.53434944152832,384.4467013316489,0.8022471736029586,25,12198.325341667709,0.004529727157205343,1575420030,,,,1,,1,36.164798736572266,25.53434944152832,-0.34924595383121304,1.0,-0.34924595383121304,1.0,,1908110595801332,
Raw,1742897518000,107333000000,,,-1426932628667313942,0.0,13.116223491835807,997.0,1.0,29,29,0.0,16431,209535932291499,71,25.4566650390625,386.1869174792471,299.7946726027708,16,11878.982619736298,340282346638528860000000000000000000000,1575420030,,,,0,,1,36.164798736572266,20.4566650390625,-0.9604263668227204,1.0,-0.9604263668227204,1.0,,1908110595801332,
Raw,1742897518000,107333000000,,,-1426932628667313942,0.0,13.116223491835807,997.0,1.0,29,31,0.0,16431,209535928855848,23,37.14365005493164,65.3203699226917,0.15,25,1995.2225251178909,0.002116444753482938,1575420030,,,,0,,1,36.164798736572266,32.14365005493164,-0.2619344840127561,1.0,-0.2619344840127561,1.0,,1908110595801332,
Raw,1742897518000,107333000000,,,-1426932628667313942,0.0,13.116223491835807,997.0,1.0,29,10,0.0,32769,47517935837362,193,19.44263458251953,214.83900326873095,1.3020309181401943,16,7285.780577839492,340282346638528860000000000000000000000,1598062460,,,,1,,3,54.90093231201172,14.442633628845215,4.656612873077393,2.0000000474974513,4.656612873077393,2.0000000474974513,,1908110595801332,
Raw,1742897518000,107333000000,,,-1426932628667313942,0.0,13.116223491835807,997.0,1.0,29,2,0.0,32768,47517920380772,1000000000,21.10237693786621,205.66318799383384,299792458,16,5775.602292295163,340282346638528860000000000000000000000,1599750020,,,,0,,3,54.90093231201172,16.10237693786621,4.656612873077393,2.0000000474974513,4.656612873077393,2.0000000474974513,,1908110595801332,
Raw,1742897518000,107333000000,,,-1426932628667313942,0.0,13.116223491835807,997.0,1.0,29,9,0.0,32995,47517931631046,33,42.55973815917969,798.2546209787424,0.15,25,33216.41605379518,0.001184180029667914,1600875010,,,,0,,3,54.90093231201172,37.55973815917969,4.656612873077393,2.0000000474974513,4.656612873077393,2.0000000474974513,,1908110595801332,
Raw,1742897518000,107333000000,,,-1426932628667313942,0.0,13.116223491835807,997.0,1.0,29,11,0.0,32803,47517927713387,123,25.016429901123047,-353.9448454437554,1.1455150915003394,16,-13364.983214553642,340282346638528860000000000000000000000,1602000000,,,,0,,3,54.90093231201172,20.016429901123047,4.656612873077393,2.0000000474974513,4.656612873077393,2.0000000474974513,,1908110595801332,
Raw,1742897518000,107333000000,,,-1426932628667313942,0.0,13.116223491835807,997.0,1.0,29,1,0.0,32768,47517920020156,1000000000,21.033958435058594,742.9933941375707,299792458,16,25265.643548791537,340282346638528860000000000000000000000,1602562560,,,,0,,3,54.90093231201172,16.033958435058594,4.656612873077393,2.0000000474974513,4.656612873077393,2.0000000474974513,,1908110595801332,
Raw,1742897518000,107333000000,,,-1426932628667313942,0.0,13.116223491835807,997.0,1.0,29,20,0.0,32995,47517935811340,60,33.78435516357422,90.08012004329873,0.6570951835215451,25,2930.9598293217923,0.003061968833208084,1603124990,,,,0,,3,54.90093231201172,28.784353256225586,4.656612873077393,2.0000000474974513,4.656612873077393,2.0000000474974513,,1908110595801332,
Raw,1742897518000,107333000000,,,-1426932628667313942,0.0,13.116223491835807,997.0,1.0,29,19,0.0,32768,47517927981166,1000000000,13.81686782836914,973.7776361133028,299792458,16,27661.04991117085,340282346638528860000000000000000000000,1603687550,,,,1,,3,54.90093231201172,8.81686782836914,4.656612873077393,2.0000000474974513,4.656612873077393,2.0000000474974513,,1908110595801332,
Raw,1742897518000,107333000000,,,-1426932628667313942,0.0,13.116223491835807,997.0,1.0,29,21,0.0,32994,47517926028051,1000000000,15.81292724609375,-475.0610127572579,299792458,16,-29247.939272277665,340282346638528860000000000000000000000,1604249980,,,,0,,3,54.90093231201172,10.81292724609375,4.656612873077393,2.0000000474974513,4.656612873077393,2.0000000474974513,,1908110595801332,
Raw,1742897518000,107333000000,,,-1426932628667313942,0.0,13.116223491835807,997.0,1.0,29,8,0.0,16384,209521868015029,1000000000,15.893245697021484,-12.36414920184854,299792458,16,-386.6269068430906,340282346638528860000000000000000000000,1561097980,,,,1,,5,49.77452850341797,10.893245697021484,9.342329576611519,2.500692349107121,9.342329576611519,1.5000000237487257,,1908110595801332,
Raw,1742897518000,107333000000,,,-1426932628667313942,0.0,13.116223491835807,997.0,1.0,29,11,0.0,81955,209521922870825,34,23.637617111206055,733.2062077575674,1.1110547989946706,16,20824.984574364298,340282346638528860000000000000000000000,1561097980,,,,1,,5,49.77452850341797,18.637617111206055,9.342329576611519,2.500692349107121,9.342329576611519,1.5000000237487257,,1908110595801332,
Raw,1742897518000,107333000000,,,-1426932628667313942,0.0,13.116223491835807,997.0,1.0,29,13,0.0,16384,209521867593265,1000000000,19.150100708007812,-46.83754747712706,299792458,16,-1368.0844873358526,340282346638528860000000000000000000000,1561097980,,,,0,,5,49.77452850341797,14.150100708007812,9.342329576611519,2.500692349107121,9.342329576611519,1.5000000237487257,,1908110595801332,
Raw,1742897518000,107333000000,,,-1426932628667313942,0.0,13.116223491835807,997.0,1.0,29,23,0.0,81967,209521926367168,7,43.125362396240234,548.3528474902355,0.15,25,277138.7264927123,0.0011377943446859717,1561097980,,,,0,,5,49.77452850341797,38.125362396240234,9.342329576611519,2.500692349107121,9.342329576611519,1.5000000237487257,,1908110595801332,
Raw,1742897518000,107333000000,,,-1426932628667313942,0.0,13.116223491835807,997.0,1.0,29,25,0.0,81967,209521916162384,14,34.14213943481445,904.7951531006129,0.6410691065530556,25,28872.406545982718,0.0030175098218023777,1561097980,,,,0,,5,49.77452850341797,29.142139434814453,9.342329576611519,2.500692349107121,9.342329576611519,1.5000000237487257,,1908110595801332,
Raw,1742897518000,107333000000,,,-1426932628667313942,0.0,13.116223491835807,997.0,1.0,29,28,0.0,81967,209521923742800,8,41.373260498046875,-177.6233465177786,0.15,25,-14575.86766804362,0.0013920950004830956,1561097980,,,,0,,5,49.77452850341797,36.373260498046875,9.342329576611519,2.500692349107121,9.342329576611519,1.5000000237487257,,1908110595801332,
Raw,1742897518000,107333000000,,,-1426932628667313942,0.0,13.116223491835807,997.0,1.0,29,34,0.0,16384,209521916486307,1000000000,12.0,879.8223237221323,299792458,16,24998.376319822517,340282346638528860000000000000000000000,1561097980,,,,0,,5,49.77452850341797,7.0,9.342329576611519,2.500692349107121,9.342329576611519,1.5000000237487257,,1908110595801332,
Raw,1742897518000,107333000000,,,-1426932628667313942,0.0,13.116223491835807,997.0,1.0,29,37,0.0,81967,209521924406978,10,38.68035888671875,-27.345134504443735,0.15,25,-941.5086032239917,0.0018980777822434902,1561097980,,,,0,,5,49.77452850341797,33.68035888671875,9.342329576611519,2.500692349107121,9.342329576611519,1.5000000237487257,,1908110595801332,
Raw,1742897518000,107333000000,,,-1426932628667313942,0.0,13.116223491835807,997.0,1.0,29,4,0.0,85026,209535909020228,83,21.173830032348633,317.28054059197257,1.2222352336715687,16,8967.805732045235,340282346638528860000000000000000000000,1575420030,,,,1,,6,36.164798736572266,16.173830032348633,1.3096723705530164,1.5000000237487257,1.3096723705530164,1.5000000237487257,,1908110595801332,
Raw,1742897518000,107333000000,,,-1426932628667313942,0.0,13.116223491835807,997.0,1.0,29,6,0.0,16384,209535905948931,1000000000,23.449316024780273,105.45043883244489,299792458,16,3.2903264377169417,340282346638528860000000000000000000000,1575420030,,,,0,,6,36.164798736572266,18.449316024780273,1.3096723705530164,1.5000000237487257,1.3096723705530164,1.5000000237487257,,1908110595801332,
Raw,1742897518000,107333000000,,,-1426932628667313942,0.0,13.116223491835807,997.0,1.0,29,13,0.0,85026,209535917689032,12,44.546424865722656,-140.61266166035443,0.15,25,-4921.019799050503,0.0009572920389473438,1575420030,,,,0,,6,36.164798736572266,39.546424865722656,1.3096723705530164,1.5000000237487257,1.3096723705530164,1.5000000237487257,,1908110595801332,
Raw,1742897518000,107333000000,,,-1426932628667313942,0.0,13.116223491835807,997.0,1.0,29,15,0.0,85026,209535917562759,51,27.245258331298828,404.3368480513393,0.9493074484131601,29,7452.8016648436105,0.006614949554204941,1575420030,,,,1,,6,36.164798736572266,22.245258331298828,1.3096723705530164,1.5000000237487257,1.3096723705530164,1.5000000237487257,,1908110595801332,
Raw,1742897518000,107333000000,,,-1426932628667313942,0.0,13.116223491835807,997.0,1.0,29,18,0.0,16384,209535898099701,1000000000,19.536596298217773,-149.63565120020326,299792458,16,-186.129091589193,340282346638528860000000000000000000000,1575420030,,,,0,,6,36.164798736572266,14.536596298217773,1.3096723705530164,1.5000000237487257,1.3096723705530164,1.5000000237487257,,1908110595801332,
Raw,1742897518000,107333000000,,,-1426932628667313942,0.0,13.116223491835807,997.0,1.0,29,21,0.0,85026,209535920974954,40,30.32036781311035,129.55182240070786,0.8101980382309684,25,3650.739477833222,0.004642704967409372,1575420030,,,,1,,6,36.164798736572266,25.32036781311035,1.3096723705530164,1.5000000237487257,1.3096723705530164,1.5000000237487257,,1908110595801332,
Raw,1742897518000,107333000000,,,-1426932628667313942,0.0,13.116223491835807,997.0,1.0,29,23,0.0,21546,209535910158746,43,29.28072166442871,-152.00647799961473,0.8578821241655938,25,-5432.944529793809,0.005233031697571278,1575420030,,,,1,,6,36.164798736572266,24.28072166442871,1.3096723705530164,1.5000000237487257,1.3096723705530164,1.5000000237487257,,1908110595801332,
Raw,1742897518000,107333000000,,,-1426932628667313942,0.0,13.116223491835807,997.0,1.0,29,26,0.0,85026,209535906176970,89,20.40507698059082,-327.6829153122126,1.2570133184573935,16,-3226.641333959999,340282346638528860000000000000000000000,1575420030,,,,1,,6,36.164798736572266,15.40507698059082,1.3096723705530164,1.5000000237487257,1.3096723705530164,1.5000000237487257,,1908110595801332,
Raw,1742897518000,107333000000,,,-1426932628667313942,0.0,13.116223491835807,997.0,1.0,29,27,0.0,85026,209535918299294,33,32.52040100097656,572.9526102996174,0.7122227581396161,25,16261.39348896354,0.003603872610256076,1575420030,,,,0,,6,36.164798736572266,27.520401000976562,1.3096723705530164,1.5000000237487257,1.3096723705530164,1.5000000237487257,,1908110595801332,
Raw,1742897518000,107333000000,,,-1426932628667313942,0.0,13.116223491835807,997.0,1.0,29,34,0.0,16384,209535906344875,1000000000,21.653148651123047,807.401329835769,299792458,16,992.9897773458016,340282346638528860000000000000000000000,1575420030,,,,0,,6,36.164798736572266,16.653148651123047,1.3096723705530164,1.5000000237487257,1.3096723705530164,1.5000000237487257,,1908110595801332,
Fix,GPS,45.0659522150,7.6463346477,321.1317030059656,0.0,8.0,,1742897518000,0.17242107,,1908110700822486,4.487565,0,,,
Fix,FLP,45.0659514000,7.6463331000,307.1000061035156,0.18477759,8.0,231.75594,1742897518586,0.17242107,45.0,1908110700822486,2.5460134,0,,,
Raw,1742897519000,108333000000,,,-1426932628667312945,0.0,12.96418925291768,997.0,1.0,29,5,0.0,16419,209536917689720,118,18.877412796020508,-181.18506547178185,299.7956269115534,16,-5825.082403674437,340282346638528860000000000000000000000,1575420030,,,,1,,1,34.6890754699707,13.877412796020508,-0.37834980195649376,1.0,-0.37834980195649376,1.0,,1908111608810985,
Raw,1742897519000,108333000000,,,-1426932628667312945,0.0,12.96418925291768,997.0,1.0,29,11,0.0,16384,209536917365834,1000000000,19.92257308959961,882.5903645110889,299792458,16,25949.132774327543,340282346638528860000000000000000000000,1575420030,,,,0,,1,34.6890754699707,14.922572135925293,-0.20372681261465636,1.0,-0.20372681261465636,1.0,,1908111608810985,
Raw,1742897519000,108333000000,,,-1426932628667312945,0.0,12.96418925291768,997.0,1.0,29,12,0.0,16431,209536919554953,63,24.71548843383789,909.5218445010223,1.0655851407918573,16,26761.554449402687,340282346638528860000000000000000000000,1575420030,,,,0,,1,34.6890754699707,19.71548843383789,-0.6984919076624261,1.0,-0.6984919076624261,1.0,,1908111608810985,
Raw,1742897519000,108333000000,,,-1426932628667312945,0.0,12.96418925291768,997.0,1.0,29,18,0.0,16431,209536923477308,20,38.92555618286133,-344.53689455748145,0.15,25,-32350.6756458654,0.0018284701509401202,1575420030,,,,0,,1,34.6890754699707,33.92555618286133,-0.08731148845780326,1.0,-0.08731148845780326,1.0,,1908111608810985,
Raw,1742897519000,108333000000,,,-1426932628667312945,0.0,12.96418925291768,997.0,1.0,29,20,0.0,16384,209536919217139,1000000000,19.240278244018555,197.90510066291608,299792458,16,6025.026373007464,340282346638528860000000000000000000000,1575420030,,,,0,,1,34.6890754699707,14.240278244018555,0.0,1.0,0.0,1.0,,1908111608810985,
Raw,1742897519000,108333000000,,,-1426932628667312945,0.0,12.96418925291768,997.0,1.0,29,25,0.0,16431,209536930224005,33,32.63886260986328,710.4233807054165,0.7076016563196679,25,21926.95440692354,0.0035550552420318127,1575420030,,,,0,,1,34.6890754699707,27.63886260986328,-1.8917489103726217,1.0,-1.8917489103726217,1.0,,1908111608810985,
Raw,1742897519000,108333000000,,,-1426932628667312945,0.0,12.96418925291768,997.0,1.0,29,26,0.0,16431,209536923627836,26,35.32311248779297,-272.84604913720636,0.5857074813155818,25,-9033.400646909973,0.002609960036352277,1575420030,,,,0,,1,34.6890754699707,30.32311248779297,-0.8440110737314445,1.0,-0.8440110737314445,1.0,,1908111608810985,
Raw,1742897519000,108333000000,,,-1426932628667312945,0.0,12.96418925291768,997.0,1.0,29,28,0.0,16431,209536930267625,41,30.057071685791016,384.6437320128073,0.8237097352233258,25,12582.881240100254,0.004785594064742327,1575420030,,,,1,,1,34.6890754699707,25.057071685791016,-0.34924595383121304,1.0,-0.34924595383121304,1.0,,1908111608810985,
Raw,1742897519000,108333000000,,,-1426932628667312945,0.0,12.96418925291768,997.0,1.0,29,29,0.0,16431,209536932290216,69,23.55898666381836,386.1456777068545,1.1162850581576662,16,12265.11952178152,340282346638528860000000000000000000000,1575420030,,,,1,,1,34.6890754699707,18.55898666381836,-0.9604263668227204,1.0,-0.9604263668227204,1.0,,1908111608810985,
Raw,1742897519000,108333000000,,,-1426932628667312945,0.0,12.96418925291768,997.0,1.0,29,31,0.0,16431,209536928855631,24,36.43065643310547,65.33127204847193,0.15,25,2060.5195128122846,0.002297505969181657,1575420030,,,,0,,1,34.6890754699707,31.43065643310547,-0.2619344840127561,1.0,-0.2619344840127561,1.0,,1908111608810985,
Raw,1742897519000,108333000000,,,-1426932628667312945,0.0,12.96418925291768,997.0,1.0,29,10,0.0,32769,47518935836529,220,18.72575569152832,214.74580479136932,299.7953201694447,16,7500.288921166285,340282346638528860000000000000000000000,1598062460,,,,0,,3,54.47191619873047,13.72575569152832,4.656612873077393,2.0000000474974513,4.656612873077393,2.0000000474974513,,1908111608810985,
Raw,1742897519000,108333000000,,,-1426932628667312945,0.0,12.96418925291768,997.0,1.0,29,2,0.0,32768,47518920380151,1000000000,20.99028968811035,205.84585291956785,299792458,16,5981.611815226053,340282346638528860000000000000000000000,1599750020,,,,0,,3,54.47191619873047,15.990289688110352,4.656612873077393,2.0000000474974513,4.656612873077393,2.0000000474974513,,1908111608810985,
Raw,1742897519000,108333000000,,,-1426932628667312945,0.0,12.96418925291768,997.0,1.0,29,9,0.0,32995,47518931628411,33,43.23584747314453,798.2249010766545,0.15,25,34014.63081072001,0.0010954997269436717,1600875010,,,,0,,3,54.47191619873047,38.23584747314453,4.656612873077393,2.0000000474974513,4.656612873077393,2.0000000474974513,,1908111608810985,
Raw,1742897519000,108333000000,,,-1426932628667312945,0.0,12.96418925291768,997.0,1.0,29,11,0.0,32803,47518927714612,140,23.425037384033203,-354.58818589308,1.1214854951712043,16,-13719.022587791605,340282346638528860000000000000000000000,1602000000,,,,0,,3,54.47191619873047,18.425037384033203,4.656612873077393,2.0000000474974513,4.656612873077393,2.0000000474974513,,1908111608810985,
Raw,1742897519000,108333000000,,,-1426932628667312945,0.0,12.96418925291768,997.0,1.0,29,1,0.0,32768,47518920017807,1000000000,21.082626342773438,743.0845306263127,299792458,16,26009.156512865033,340282346638528860000000000000000000000,1602562560,,,,0,,3,54.47191619873047,16.082626342773438,4.656612873077393,2.0000000474974513,4.656612873077393,2.0000000474974513,,1908111608810985,
Raw,1742897519000,108333000000,,,-1426932628667312945,0.0,12.96418925291768,997.0,1.0,29,20,0.0,32995,47518935811017,57,34.42119216918945,90.16357093809484,0.6284572662936578,25,3021.0905825369423,0.002845501760020852,1603124990,,,,0,,3,54.47191619873047,29.421192169189453,4.656612873077393,2.0000000474974513,4.656612873077393,2.0000000474974513,,1908111608810985,
Raw,1742897519000,108333000000,,,-1426932628667312945,0.0,12.96418925291768,997.0,1.0,29,19,0.0,32768,47518927977917,1000000000,12.9566650390625,973.8687044371318,299792458,16,28635.130718720335,340282346638528860000000000000000000000,1603687550,,,,1,,3,54.47191619873047,7.9566650390625,4.656612873077393,2.0000000474974513,4.656612873077393,2.0000000474974513,,1908111608810985,
Raw,1742897519000,108333000000,,,-1426932628667312945,0.0,12.96418925291768,997.0,1.0,29,21,0.0,32994,47518926029553,1000000000,15.731575012207031,-475.00566284786487,299792458,16,-29723.117937628966,340282346638528860000000000000000000000,1604249980,,,,1,,3,54.47191619873047,10.731575012207031,4.656612873077393,2.0000000474974513,4.656612873077393,2.0000000474974513,,1908111608810985,
Raw,1742897519000,108333000000,,,-1426932628667312945,0.0,12.96418925291768,997.0,1.0,29,8,0.0,16384,209522868015092,1000000000,18.10045051574707,-12.36414920184854,299792458,16,-400.14518503658155,340282346638528860000000000000000000000,1561097980,,,,0,,5,48.11504364013672,13.10045051574707,9.342329576611519,2.500692349107121,9.342329576611519,1.5000000237487257,,1908111608810985,
Raw,1742897519000,108333000000,,,-1426932628667312945,0.0,12.96418925291768,997.0,1.0,29,11,0.0,81955,209522922868374,33,23.852787017822266,732.9188926490801,1.1013783768705978,16,21558.492327996555,340282346638528860000000000000000000000,1561097980,,,,1,,5,48.11504364013672,18.852787017822266,9.342329576611519,2.500692349107121,9.342329576611519,1.5000000237487257,,1908111608810985,
Raw,1742897519000,108333000000,,,-1426932628667312945,0.0,12.96418925291768,997.0,1.0,29,13,0.0,16384,209522867593423,1000000000,18.558944702148438,-46.83754747712706,299792458,16,-1414.848264285811,340282346638528860000000000000000000000,1561097980,,,,0,,5,48.11504364013672,13.558944702148438,9.342329576611519,2.500692349107121,9.342329576611519,1.5000000237487257,,1908111608810985,
Raw,1742897519000,108333000000,,,-1426932628667312945,0.0,12.96418925291768,997.0,1.0,29,23,0.0,81967,209522926365340,6,43.68783950805664,548.3051661335601,0.15,25,277687.0283999306,0.0010664485162124038,1561097980,,,,0,,5,48.11504364013672,38.68783950805664,9.342329576611519,2.500692349107121,9.342329576611519,1.5000000237487257,,1908111608810985,
Raw,1742897519000,108333000000,,,-1426932628667312945,0.0,12.96418925291768,997.0,1.0,29,25,0.0,81967,209522916159380,13,34.87406539916992,904.6521431130432,0.6081547064064283,25,29777.110828033135,0.0027736546471714973,1561097980,,,,0,,5,48.11504364013672,29.874065399169922,9.342329576611519,2.500692349107121,9.342329576611519,1.5000000237487257,,1908111608810985,
Raw,1742897519000,108333000000,,,-1426932628667312945,0.0,12.96418925291768,997.0,1.0,29,28,0.0,81967,209522923743390,8,40.81697463989258,-177.67269791482363,0.15,25,-14753.540229639548,0.0014841683441773057,1561097980,,,,0,,5,48.11504364013672,35.81697463989258,9.342329576611519,2.500692349107121,9.342329576611519,1.5000000237487257,,1908111608810985,
Raw,1742897519000,108333000000,,,-1426932628667312945,0.0,12.96418925291768,997.0,1.0,29,34,0.0,16384,209522916483373,1000000000,16.14739227294922,879.8223237221323,299792458,16,25878.100025616484,340282346638528860000000000000000000000,1561097980,,,,0,,5,48.11504364013672,11.147392272949219,9.342329576611519,2.500692349107121,9.342329576611519,1.5000000237487257,,1908111608810985,
Raw,1742897519000,108333000000,,,-1426932628667312945,0.0,12.96418925291768,997.0,1.0,29,37,0.0,81967,209522924407069,9,39.33332443237305,-27.341958445526515,0.15,25,-968.8907786562206,0.0017606201581656933,1561097980,,,,0,,5,48.11504364013672,34.33332443237305,9.342329576611519,2.500692349107121,9.342329576611519,1.5000000237487257,,1908111608810985,
Raw,1742897519000,108333000000,,,-1426932628667312945,0.0,12.96418925291768,997.0,1.0,29,4,0.0,85026,209536909019168,84,21.065866470336914,317.46223416769567,1.2270898535725365,16,9285.393134834396,340282346638528860000000000000000000000,1575420030,,,,1,,6,34.6890754699707,16.065866470336914,1.3096723705530164,1.5000000237487257,1.3096723705530164,1.5000000237487257,,1908111608810985,
Raw,1742897519000,108333000000,,,-1426932628667312945,0.0,12.96418925291768,997.0,1.0,29,6,0.0,16384,209536905948580,1000000000,21.983552932739258,105.45043883244489,299792458,16,3.279606159250315,340282346638528860000000000000000000000,1575420030,,,,0,,6,34.6890754699707,16.983552932739258,1.3096723705530164,1.5000000237487257,1.3096723705530164,1.5000000237487257,,1908111608810985,
Raw,1742897519000,108333000000,,,-1426932628667312945,0.0,12.96418925291768,997.0,1.0,29,13,0.0,85026,209536917689500,12,45.192787170410156,-140.62365325258304,0.15,25,-5061.660458939744,0.0008886412833817303,1575420030,,,,0,,6,34.6890754699707,40.192787170410156,1.3096723705530164,1.5000000237487257,1.3096723705530164,1.5000000237487257,,1908111608810985,
Raw,1742897519000,108333000000,,,-1426932628667312945,0.0,12.96418925291768,997.0,1.0,29,15,0.0,85026,209536917561420,53,26.690980911254883,403.88525550241206,0.9742323748989978,29,7857.0024367027945,0.0070508322678506374,1575420030,,,,1,,6,34.6890754699707,21.690980911254883,1.3096723705530164,1.5000000237487257,1.3096723705530164,1.5000000237487257,,1908111608810985,
Raw,1742897519000,108333000000,,,-1426932628667312945,0.0,12.96418925291768,997.0,1.0,29,18,0.0,16384,209536898100198,1000000000,18.912593841552734,-149.63565120020326,299792458,16,-186.1326021029879,340282346638528860000000000000000000000,1575420030,,,,0,,6,34.6890754699707,13.912593841552734,1.3096723705530164,1.5000000237487257,1.3096723705530164,1.5000000237487257,,1908111608810985,
Raw,1742897519000,108333000000,,,-1426932628667312945,0.0,12.96418925291768,997.0,1.0,29,21,0.0,85026,209536920974482,41,29.947134017944336,129.5024624830487,0.8269819173187072,25,3780.2613401613976,0.004846551455557346,1575420030,,,,1,,6,34.6890754699707,24.947134017944336,1.3096723705530164,1.5000000237487257,1.3096723705530164,1.5000000237487257,,1908111608810985,
Raw,1742897519000,108333000000,,,-1426932628667312945,0.0,12.96418925291768,997.0,1.0,29,23,0.0,21546,209536910159263,39,30.535898208618164,-152.1275218439555,0.8014383809335208,25,-5585.034165716223,0.004528919234871864,1575420030,,,,1,,6,34.6890754699707,25.535898208618164,1.3096723705530164,1.5000000237487257,1.3096723705530164,1.5000000237487257,,1908111608810985,
Raw,1742897519000,108333000000,,,-1426932628667312945,0.0,12.96418925291768,997.0,1.0,29,26,0.0,85026,209536906178066,86,20.788328170776367,-327.6780415209298,1.2397789118974938,16,-3554.315008813179,340282346638528860000000000000000000000,1575420030,,,,0,,6,34.6890754699707,15.788328170776367,1.3096723705530164,1.5000000237487257,1.3096723705530164,1.5000000237487257,,1908111608810985,
Raw,1742897519000,108333000000,,,-1426932628667312945,0.0,12.96418925291768,997.0,1.0,29,27,0.0,85026,209536918297425,35,31.901203155517578,572.8421831404835,0.7400670600419859,25,16834.25565705764,0.003870164044201374,1575420030,,,,1,,6,34.6890754699707,26.901203155517578,1.3096723705530164,1.5000000237487257,1.3096723705530164,1.5000000237487257,,1908111608810985,
Raw,1742897519000,108333000000,,,-1426932628667312945,0.0,12.96418925291768,997.0,1.0,29,34,0.0,16384,209536906342183,1000000000,21.721271514892578,807.401329835769,299792458,16,993.0087193119281,340282346638528860000000000000000000000,1575420030,,,,0,,6,34.6890754699707,16.721271514892578,1.3096723705530164,1.5000000237487257,1.3096723705530164,1.5000000237487257,,1908111608810985,
Status,1742897518000,36,0,1,29,1575449980,28.35,31.0,81.0,0,1,1,23.3485
Status,1742897518000,36,1,3,10,1598062460,23.08,20.0,79.0,0,1,1,18.082083
Status,1742897518000,36,2,3,20,1603124990,34.46,160.0,74.0,1,1,1,29.456944
Status,1742897518000,36,3,6,21,1575449980,30.69,314.0,68.0,0,1,1,25.688648
Status,1742897518000,36,4,1,28,1575449980,33.66,251.0,61.0,1,1,1,28.6553
Status,1742897518000,36,5,5,37,1575449980,39.72,302.0,55.0,1,1,1,34.722607
Status,1742897518000,36,6,1,25,1575449980,34.18,102.0,52.0,1,1,1,29.18009
Status,1742897518000,36,7,6,27,1575449980,34.11,93.0,51.0,0,1,1,29.108326
Status,1742897518000,36,8,1,31,1575449980,37.18,294.0,48.0,1,1,1,32.177296
Status,1742897518000,36,9,6,13,1575449980,45.19,150.0,45.0,1,1,1,40.192787
Status,1742897518000,36,10,6,15,1575449980,27.45,68.0,45.0,0,1,1,22.452633
Status,1742897518000,36,11,5,28,1575449980,44.17,209.0,44.0,1,1,1,39.171543
Status,1742897518000,36,12,3,9,1600875010,43.24,123.0,43.0,1,1,1,38.235847
Status,1742897518000,36,13,5,11,1575449980,23.85,51.0,41.0,1,1,1,18.852787
Status,1742897518000,36,14,1,18,1575449980,39.85,175.0,31.0,1,1,1,34.847565
Status,1742897518000,36,15,3,19,1603687550,15.67,34.0,31.0,0,1,1,10.671398
Status,1742897518000,36,16,3,11,1602000000,27.12,319.0,30.0,1,1,1,22.124516
Status,1742897518000,36,17,1,26,1575449980,35.32,297.0,26.0,1,1,1,30.323112
Status,1742897518000,36,18,3,21,1604249980,24.81,202.0,24.0,0,1,1,19.80807
Status,1742897518000,36,19,5,8,1575449980,18.10,69.0,20.0,0,1,1,13.1004505
Status,1742897518000,36,20,5,13,1575449980,20.65,83.0,20.0,0,1,1,15.6539135
Status,1742897518000,36,21,6,23,1575449980,30.54,291.0,18.0,1,1,1,25.535898
Status,1742897518000,36,22,5,34,1575449980,16.15,48.0,17.0,0,1,1,11.147392
Status,1742897518000,36,23,5,25,1575449980,36.24,137.0,16.0,1,1,1,31.241844
Status,1742897518000,36,24,1,12,1575449980,27.74,104.0,16.0,1,1,1,22.739595
Status,1742897518000,36,25,6,4,1575449980,21.34,309.0,15.0,1,1,1,16.34314
Status,1742897518000,36,26,1,20,1575449980,21.64,60.0,14.0,0,1,1,16.635366
Status,1742897518000,36,27,1,11,1575449980,20.25,36.0,11.0,0,1,1,15.249094
Status,1742897518000,36,28,1,5,1575449980,21.50,95.0,9.0,0,1,1,16.498137
Status,1742897518000,36,29,6,18,1575449980,20.48,241.0,7.0,0,0,1,15.479055
Status,1742897518000,36,30,3,2,1599750020,21.37,348.0,7.0,0,1,1,16.366953
Status,1742897518000,36,31,6,34,1575449980,24.20,30.0,7.0,0,1,1,19.20071
Status,1742897518000,36,32,6,6,1575449980,24.27,332.0,6.0,0,1,1,19.26604
Status,1742897518000,36,33,6,26,1575449980,22.46,188.0,6.0,1,1,1,17.460798
Status,1742897518000,36,34,3,1,1602562560,21.08,302.0,6.0,0,1,1,16.082626
Status,1742897518000,36,35,5,23,1575449980,43.69,151.0,67.0,0,1,0,38.68784
Fix,GPS,45.0659522150,7.6463346477,321.1493777753769,0.0,8.0,,1742897519000,0.15935457,,1908111715374639,4.428113,0,,,
Fix,FLP,45.0659515000,7.6463334000,307.1000061035156,0.15548402,8.0,231.74918,1742897519600,0.15935457,45.0,1908111715374639,2.556159,0,,,
Fix,NLP,45.0660956000,7.6465025000,307.1000061035156,,14.678,,1742897517086,,,1908109201000000,3.2150216,0,,,
Status,1742897519000,35,0,1,29,1575449980,27.68,31.0,81.0,0,1,1,22.68156
Status,1742897519000,35,1,3,10,1598062460,22.62,20.0,79.0,0,1,1,17.62231
Status,1742897519000,35,2,3,20,1603124990,34.57,160.0,74.0,1,1,1,29.566164
Status,1742897519000,35,3,6,21,1575449980,30.50,314.0,68.0,1,1,1,25.50439
Status,1742897519000,35,4,1,28,1575449980,33.27,251.0,61.0,1,1,1,28.268917
Status,1742897519000,35,5,5,37,1575449980,39.67,302.0,55.0,1,1,1,34.670914
Status,1742897519000,35,6,1,25,1575449980,34.04,102.0,52.0,1,1,1,29.042673
Status,1742897519000,35,7,6,27,1575449980,33.82,93.0,51.0,0,1,1,28.821497
Status,1742897519000,35,8,1,31,1575449980,37.09,294.0,48.0,1,1,1,32.089096
Status,1742897519000,35,9,6,13,1575449980,45.36,150.0,45.0,1,1,1,40.356834
Status,1742897519000,35,10,6,15,1575449980,27.52,68.0,45.0,0,1,1,22.516375
Status,1742897519000,35,11,5,28,1575449980,43.90,209.0,44.0,1,1,1,38.902
Status,1742897519000,35,12,3,9,1600875010,43.81,123.0,43.0,1,1,1,38.81198
Status,1742897519000,35,13,5,11,1575449980,25.09,51.0,41.0,1,1,1,20.091022
Status,1742897519000,35,14,1,18,1575449980,39.79,175.0,31.0,1,1,1,34.79182
Status,1742897519000,35,15,3,19,1603687550,15.41,34.0,31.0,0,1,1,10.413177
Status,1742897519000,35,16,3,11,1602000000,26.79,319.0,30.0,1,1,1,21.786432
Status,1742897519000,35,17,1,26,1575449980,35.79,297.0,26.0,1,1,1,30.791908
Status,1742897519000,35,18,3,21,1604249980,23.89,202.0,24.0,0,1,1,18.893631
Status,1742897519000,35,19,5,8,1575449980,18.05,69.0,21.0,0,1,1,13.045277
Status,1742897519000,35,20,5,13,1575449980,20.56,83.0,20.0,0,1,1,15.558781
Status,1742897519000,35,21,6,23,1575449980,30.84,291.0,18.0,1,1,1,25.839989
Status,1742897519000,35,22,5,25,1575449980,36.08,137.0,16.0,1,1,1,31.079123
Status,1742897519000,35,23,1,12,1575449980,27.46,104.0,16.0,1,1,1,22.457012
Status,1742897519000,35,24,6,4,1575449980,21.34,309.0,15.0,1,1,1,16.340916
Status,1742897519000,35,25,1,20,1575449980,21.33,60.0,14.0,0,1,1,16.330364
Status,1742897519000,35,26,1,11,1575449980,20.22,36.0,11.0,0,1,1,15.223785
Status,1742897519000,35,27,1,5,1575449980,21.23,95.0,9.0,0,1,1,16.230597
Status,1742897519000,35,28,6,18,1575449980,20.39,241.0,7.0,0,0,1,15.387039
Status,1742897519000,35,29,3,2,1599750020,21.39,348.0,7.0,0,1,1,16.392822
Status,1742897519000,35,30,6,34,1575449980,23.99,30.0,7.0,0,1,1,18.991537
Status,1742897519000,35,31,6,6,1575449980,24.04,332.0,6.0,0,1,1,19.04411
Status,1742897519000,35,32,6,26,1575449980,22.30,188.0,6.0,1,1,1,17.300465
Status,1742897519000,35,33,3,1,1602562560,21.24,302.0,6.0,0,1,1,16.239475
Status,1742897519000,35,34,5,23,1575449980,43.99,151.0,67.0,0,1,0,38.994987
Raw,1742897520000,109333000000,,,-1426932628667311947,0.0,12.824595559895092,997.0,1.0,29,5,0.0,16418,209537917690354,1000000000,18.822742462158203,-180.2684007623726,299792458,16,-6005.952626242286,340282346638528860000000000000000000000,1575420030,,,,1,,1,35.95880126953125,13.822742462158203,-0.37834980195649376,1.0,-0.37834980195649376,1.0,,1908112618447023,
Raw,1742897520000,109333000000,,,-1426932628667311947,0.0,12.824595559895092,997.0,1.0,29,11,0.0,16384,209537917362900,1000000000,19.99600601196289,882.5903645110889,299792458,16,26830.8965973589,340282346638528860000000000000000000000,1575420030,,,,0,,1,35.95880126953125,14.996005058288574,-0.20372681261465636,1.0,-0.20372681261465636,1.0,,1908112618447023,
Raw,1742897520000,109333000000,,,-1426932628667311947,0.0,12.824595559895092,997.0,1.0,29,12,0.0,16431,209537919551918,62,24.91375732421875,909.5663561892411,1.0566687840751623,16,27671.141359360845,340282346638528860000000000000000000000,1575420030,,,,0,,1,35.95880126953125,19.91375732421875,-0.6984919076624261,1.0,-0.6984919076624261,1.0,,1908112618447023,
Raw,1742897520000,109333000000,,,-1426932628667311947,0.0,12.824595559895092,997.0,1.0,29,18,0.0,16431,209537923478459,19,39.29011535644531,-344.4434745441524,0.15,25,-32695.181625905418,0.0017533149803057313,1575420030,,,,0,,1,35.95880126953125,34.29011535644531,-0.08731148845780326,1.0,-0.08731148845780326,1.0,,1908112618447023,
Raw,1742897520000,109333000000,,,-1426932628667311947,0.0,12.824595559895092,997.0,1.0,29,20,0.0,16384,209537919216441,1000000000,18.585350036621094,197.90510066291608,299792458,16,6223.32443251187,340282346638528860000000000000000000000,1575420030,,,,1,,1,35.95880126953125,13.585350036621094,0.0,1.0,0.0,1.0,,1908112618447023,
Raw,1742897520000,109333000000,,,-1426932628667311947,0.0,12.824595559895092,997.0,1.0,29,25,0.0,16431,209537930221630,32,32.80591583251953,710.376210585589,0.7000890707810061,25,22637.375801816255,0.00348733551800251,1575420030,,,,1,,1,35.95880126953125,27.8059139251709,-1.8917489103726217,1.0,-1.8917489103726217,1.0,,1908112618447023,
Raw,1742897520000,109333000000,,,-1426932628667311947,0.0,12.824595559895092,997.0,1.0,29,26,0.0,16431,209537923628753,25,35.791908264160156,-272.8584040276959,0.5646263503121594,25,-9306.25369857816,0.0024728290736675262,1575420030,,,,0,,1,35.95880126953125,30.791908264160156,-0.8440110737314445,1.0,-0.8440110737314445,1.0,,1908112618447023,
Raw,1742897520000,109333000000,,,-1426932628667311947,0.0,12.824595559895092,997.0,1.0,29,28,0.0,16431,209537930266335,41,29.791465759277344,384.87157323466226,0.8356534395137403,25,12967.509099997334,0.004934194032102823,1575420030,,,,1,,1,35.95880126953125,24.791465759277344,-0.34924595383121304,1.0,-0.34924595383121304,1.0,,1908112618447023,
Raw,1742897520000,109333000000,,,-1426932628667311947,0.0,12.824595559895092,997.0,1.0,29,29,0.0,16431,209537932288927,80,21.67910385131836,385.9172230007821,1.2008209333421762,16,12651.477435555875,340282346638528860000000000000000000000,1575420030,,,,1,,1,35.95880126953125,16.67910385131836,-0.9604263668227204,1.0,-0.9604263668227204,1.0,,1908112618447023,
Raw,1742897520000,109333000000,,,-1426932628667311947,0.0,12.824595559895092,997.0,1.0,29,31,0.0,16431,209537928855415,24,36.2952880859375,65.45181743688605,0.15,25,2125.908137911601,0.0023335935547947884,1575420030,,,,0,,1,35.95880126953125,31.295286178588867,-0.2619344840127561,1.0,-0.2619344840127561,1.0,,1908112618447023,
Raw,1742897520000,109333000000,,,-1426932628667311947,0.0,12.824595559895092,997.0,1.0,29,10,0.0,32769,47519935836010,224,18.484355926513672,214.61438283901737,299.7953201694447,16,7715.615838020423,340282346638528860000000000000000000000,1598062460,,,,0,,3,51.712730407714844,13.484355926513672,4.656612873077393,2.0000000474974513,4.656612873077393,2.0000000474974513,,1908112618447023,
Raw,1742897520000,109333000000,,,-1426932628667311947,0.0,12.824595559895092,997.0,1.0,29,2,0.0,32768,47519920379374,1000000000,21.392822265625,205.93717686182072,299792458,16,6187.7867316909815,340282346638528860000000000000000000000,1599750020,,,,0,,3,51.712730407714844,16.392822265625,4.656612873077393,2.0000000474974513,4.656612873077393,2.0000000474974513,,1908112618447023,
Raw,1742897520000,109333000000,,,-1426932628667311947,0.0,12.824595559895092,997.0,1.0,29,9,0.0,32995,47519931625771,33,43.811981201171875,798.2407153364811,0.15,25,34812.902279412665,0.0010251929052174091,1600875010,,,,0,,3,51.712730407714844,38.811981201171875,4.656612873077393,2.0000000474974513,4.656612873077393,2.0000000474974513,,1908112618447023,
Raw,1742897520000,109333000000,,,-1426932628667311947,0.0,12.824595559895092,997.0,1.0,29,11,0.0,32803,47519927715819,136,23.743680953979492,-354.7601659686941,1.10715675116447,16,-14072.469913621122,340282346638528860000000000000000000000,1602000000,,,,0,,3,51.712730407714844,18.743680953979492,4.656612873077393,2.0000000474974513,4.656612873077393,2.0000000474974513,,1908112618447023,
Raw,1742897520000,109333000000,,,-1426932628667311947,0.0,12.824595559895092,997.0,1.0,29,1,0.0,32768,47519920015184,1000000000,21.23947525024414,743.2668717687097,299792458,16,26752.232054490436,340282346638528860000000000000000000000,1602562560,,,,0,,3,51.712730407714844,16.23947525024414,4.656612873077393,2.0000000474974513,4.656612873077393,2.0000000474974513,,1908112618447023,
Raw,1742897520000,109333000000,,,-1426932628667311947,0.0,12.824595559895092,997.0,1.0,29,20,0.0,32995,47519935810726,57,34.566162109375,90.28314071619099,0.6219379979742019,25,3111.3510881640987,0.002798402914777398,1603124990,,,,0,,3,51.712730407714844,29.566164016723633,4.656612873077393,2.0000000474974513,4.656612873077393,2.0000000474974513,,1908112618447023,
Raw,1742897520000,109333000000,,,-1426932628667311947,0.0,12.824595559895092,997.0,1.0,29,19,0.0,32768,47519927974668,1000000000,13.089179992675781,973.9598409258738,299792458,16,29608.605265808743,340282346638528860000000000000000000000,1603687550,,,,0,,3,51.712730407714844,8.089179992675781,4.656612873077393,2.0000000474974513,4.656612873077393,2.0000000474974513,,1908112618447023,
Raw,1742897520000,109333000000,,,-1426932628667311947,0.0,12.824595559895092,997.0,1.0,29,21,0.0,32994,47519926031121,1000000000,15.663684844970703,-475.09529970851986,299792458,16,-30198.52495973561,340282346638528860000000000000000000000,1604249980,,,,1,,3,51.712730407714844,10.663684844970703,4.656612873077393,2.0000000474974513,4.656612873077393,2.0000000474974513,,1908112618447023,
Raw,1742897520000,109333000000,,,-1426932628667311947,0.0,12.824595559895092,997.0,1.0,29,8,0.0,16384,209523868015090,1000000000,17.5487117767334,-12.36414920184854,299792458,16,-412.10943913913786,340282346638528860000000000000000000000,1561097980,,,,1,,5,47.52394104003906,12.548711776733398,9.342329576611519,2.500692349107121,9.342329576611519,1.5000000237487257,,1908112618447023,
Raw,1742897520000,109333000000,,,-1426932628667311947,0.0,12.824595559895092,997.0,1.0,29,11,0.0,81955,209523922865931,30,25.091022491455078,733.1043693774773,1.2497500274493527,16,22292.02119749998,340282346638528860000000000000000000000,1561097980,,,,0,,5,47.52394104003906,20.091022491455078,9.342329576611519,2.500692349107121,9.342329576611519,1.5000000237487257,,1908112618447023,
Raw,1742897520000,109333000000,,,-1426932628667311947,0.0,12.824595559895092,997.0,1.0,29,13,0.0,16384,209523867593622,1000000000,19.702587127685547,-46.83754747712706,299792458,16,-1460.9230483833117,340282346638528860000000000000000000000,1561097980,,,,0,,5,47.52394104003906,14.70258617401123,9.342329576611519,2.500692349107121,9.342329576611519,1.5000000237487257,,1908112618447023,
Raw,1742897520000,109333000000,,,-1426932628667311947,0.0,12.824595559895092,997.0,1.0,29,23,0.0,81967,209523926363502,6,43.99498748779297,548.3733992115187,0.15,25,278235.38302729913,0.0010293961968272924,1561097980,,,,0,,5,47.52394104003906,38.99498748779297,9.342329576611519,2.500692349107121,9.342329576611519,1.5000000237487257,,1908112618447023,
Raw,1742897520000,109333000000,,,-1426932628667311947,0.0,12.824595559895092,997.0,1.0,29,25,0.0,81967,209523916156366,14,34.6146240234375,904.6912697731314,0.619820825064616,25,30681.8219104613,0.002857750980183482,1561097980,,,,0,,5,47.52394104003906,29.614625930786133,9.342329576611519,2.500692349107121,9.342329576611519,1.5000000237487257,,1908112618447023,
Raw,1742897520000,109333000000,,,-1426932628667311947,0.0,12.824595559895092,997.0,1.0,29,28,0.0,81967,209523923743979,8,41.476097106933594,-177.6562872120079,0.15,25,-14931.184777988052,0.0013757104752585292,1561097980,,,,0,,5,47.52394104003906,36.476097106933594,9.342329576611519,2.500692349107121,9.342329576611519,1.5000000237487257,,1908112618447023,
Raw,1742897520000,109333000000,,,-1426932628667311947,0.0,12.824595559895092,997.0,1.0,29,34,0.0,16384,209523916480436,1000000000,12.0,879.8223237221323,299792458,16,26756.958745488584,340282346638528860000000000000000000000,1561097980,,,,1,,5,47.52394104003906,7.0,9.342329576611519,2.500692349107121,9.342329576611519,1.5000000237487257,,1908112618447023,
Raw,1742897520000,109333000000,,,-1426932628667311947,0.0,12.824595559895092,997.0,1.0,29,37,0.0,81967,209523924407163,9,39.205657958984375,-27.354662681195393,0.15,25,-996.247639798592,0.0017866890411823988,1561097980,,,,0,,5,47.52394104003906,34.205657958984375,9.342329576611519,2.500692349107121,9.342329576611519,1.5000000237487257,,1908112618447023,
Raw,1742897520000,109333000000,,,-1426932628667311947,0.0,12.824595559895092,997.0,1.0,29,4,0.0,85026,209537909018109,82,21.32089614868164,317.46666488704363,1.2156213732218024,16,9602.790397280476,340282346638528860000000000000000000000,1575420030,,,,1,,6,35.95880126953125,16.32089614868164,1.3096723705530164,1.5000000237487257,1.3096723705530164,1.5000000237487257,,1908112618447023,
Raw,1742897520000,109333000000,,,-1426932628667311947,0.0,12.824595559895092,997.0,1.0,29,6,0.0,16384,209537905948224,1000000000,22.04671859741211,105.63608597312464,299792458,16,3.283168051531646,340282346638528860000000000000000000000,1575420030,,,,0,,6,35.95880126953125,17.04671859741211,1.3096723705530164,1.5000000237487257,1.3096723705530164,1.5000000237487257,,1908112618447023,
Raw,1742897520000,109333000000,,,-1426932628667311947,0.0,12.824595559895092,997.0,1.0,29,13,0.0,85026,209537917689969,11,45.356834411621094,-140.64346368043692,0.15,25,-5202.2742845128105,0.0008720149053260684,1575420030,,,,0,,6,35.95880126953125,40.356834411621094,1.3096723705530164,1.5000000237487257,1.3096723705530164,1.5000000237487257,,1908112618447023,
Raw,1742897520000,109333000000,,,-1426932628667311947,0.0,12.824595559895092,997.0,1.0,29,15,0.0,85026,209537917560059,50,27.516374588012695,404.4179642978636,0.9371152483996994,16,8261.316345128027,340282346638528860000000000000000000000,1575420030,,,,1,,6,35.95880126953125,22.516374588012695,1.3096723705530164,1.5000000237487257,1.3096723705530164,1.5000000237487257,,1908112618447023,
Raw,1742897520000,109333000000,,,-1426932628667311947,0.0,12.824595559895092,997.0,1.0,29,18,0.0,16384,209537898100695,1000000000,19.55889320373535,-149.82131538211127,299792458,16,-186.1394538500473,340282346638528860000000000000000000000,1575420030,,,,0,,6,35.95880126953125,14.558893203735352,1.3096723705530164,1.5000000237487257,1.3096723705530164,1.5000000237487257,,1908112618447023,
Raw,1742897520000,109333000000,,,-1426932628667311947,0.0,12.824595559895092,997.0,1.0,29,21,0.0,85026,209537920974177,45,28.84608268737793,129.56493562585501,1.0591853607721249,16,3909.8038417257135,340282346638528860000000000000000000000,1575420030,,,,0,,6,35.95880126953125,23.84608268737793,1.3096723705530164,1.5000000237487257,1.3096723705530164,1.5000000237487257,,1908112618447023,
Raw,1742897520000,109333000000,,,-1426932628667311947,0.0,12.824595559895092,997.0,1.0,29,23,0.0,21546,209537910159762,38,30.839988708496094,-151.99441281000566,0.7877638603305095,25,-5737.150689172993,0.004373106174170971,1575420030,,,,0,,6,35.95880126953125,25.839988708496094,1.3096723705530164,1.5000000237487257,1.3096723705530164,1.5000000237487257,,1908112618447023,
Raw,1742897520000,109333000000,,,-1426932628667311947,0.0,12.824595559895092,997.0,1.0,29,26,0.0,85026,209537906179156,86,20.857460021972656,-327.67797335601676,1.2366704853549368,16,-3881.979963359379,340282346638528860000000000000000000000,1575420030,,,,0,,6,35.95880126953125,15.857460021972656,1.3096723705530164,1.5000000237487257,1.3096723705530164,1.5000000237487257,,1908112618447023,
Raw,1742897520000,109333000000,,,-1426932628667311947,0.0,12.824595559895092,997.0,1.0,29,27,0.0,85026,209537918295490,37,31.24004364013672,572.944498674965,0.7697982785705189,25,17407.13007959276,0.004176257643848658,1575420030,,,,0,,6,35.95880126953125,26.24004364013672,1.3096723705530164,1.5000000237487257,1.3096723705530164,1.5000000237487257,,1908112618447023,
Raw,1742897520000,109333000000,,,-1426932628667311947,0.0,12.824595559895092,997.0,1.0,29,34,0.0,16384,209537906339487,1000000000,22.108980178833008,807.401329835769,299792458,16,993.0276612780073,340282346638528860000000000000000000000,1575420030,,,,0,,6,35.95880126953125,17.108980178833008,1.3096723705530164,1.5000000237487257,1.3096723705530164,1.5000000237487257,,1908112618447023,
Fix,GPS,45.0659522150,7.6463346477,321.32254769846867,0.0,8.0,,1742897520000,0.15697782,,1908112722009138,4.3679333,0,,,
Fix,FLP,45.0659516000,7.6463336000,307.1000061035156,0.13044496,8.0,231.74547,1742897520608,0.15697782,45.0,1908112722009138,3.2502317,0,,,
Status,1742897520000,36,0,1,29,1575449980,26.76,31.0,81.0,0,1,1,21.760462
Status,1742897520000,36,1,3,10,1598062460,22.16,20.0,79.0,0,1,1,17.158152
Status,1742897520000,36,2,3,20,1603124990,34.52,160.0,74.0,1,1,1,29.516153
Status,1742897520000,36,3,6,21,1575449980,30.27,314.0,68.0,0,1,1,25.269024
Status,1742897520000,36,4,1,28,1575449980,32.96,251.0,61.0,1,1,1,27.962746
Status,1742897520000,36,5,5,37,1575449980,39.53,302.0,55.0,1,1,1,34.525387
Status,1742897520000,36,6,1,25,1575449980,33.91,102.0,52.0,1,1,1,28.90793
Status,1742897520000,36,7,6,27,1575449980,33.47,93.0,51.0,0,1,1,28.474178
Status,1742897520000,36,8,1,31,1575449980,37.30,294.0,48.0,1,1,1,32.297
Status,1742897520000,36,9,6,13,1575449980,45.35,150.0,45.0,1,1,1,40.353188
Status,1742897520000,36,10,6,15,1575449980,27.49,68.0,45.0,0,1,1,22.491455
Status,1742897520000,36,11,5,28,1575449980,43.66,209.0,44.0,1,1,1,38.66104
Status,1742897520000,36,12,3,9,1600875010,43.82,123.0,43.0,1,1,1,38.81849
Status,1742897520000,36,13,5,11,1575449980,24.98,51.0,41.0,1,1,1,19.976473
Status,1742897520000,36,14,1,18,1575449980,39.91,175.0,31.0,1,1,1,34.911766
Status,1742897520000,36,15,3,19,1603687550,15.12,34.0,31.0,0,1,1,10.117688
Status,1742897520000,36,16,3,11,1602000000,26.37,319.0,30.0,1,1,1,21.36927
Status,1742897520000,36,17,1,26,1575449980,35.72,297.0,26.0,1,1,1,30.723719
Status,1742897520000,36,18,3,21,1604249980,23.31,202.0,24.0,0,1,1,18.314114
Status,1742897520000,36,19,5,8,1575449980,17.73,69.0,20.0,0,1,1,12.733185
Status,1742897520000,36,20,5,13,1575449980,20.42,83.0,20.0,0,1,1,15.417742
Status,1742897520000,36,21,6,23,1575449980,30.69,291.0,18.0,1,1,1,25.688658
Status,1742897520000,36,22,5,34,1575449980,16.94,48.0,17.0,0,1,1,11.936707
Status,1742897520000,36,23,5,25,1575449980,35.84,137.0,16.0,1,1,1,30.838392
Status,1742897520000,36,24,1,12,1575449980,27.17,104.0,16.0,1,1,1,22.174204
Status,1742897520000,36,25,6,4,1575449980,21.58,309.0,15.0,1,1,1,16.582077
Status,1742897520000,36,26,1,20,1575449980,21.03,60.0,14.0,0,1,1,16.032883
Status,1742897520000,36,27,1,11,1575449980,20.19,36.0,11.0,0,1,1,15.187817
Status,1742897520000,36,28,1,5,1575449980,20.97,95.0,9.0,0,1,1,15.969866
Status,1742897520000,36,29,6,18,1575449980,20.51,241.0,7.0,0,0,1,15.51344
Status,1742897520000,36,30,3,2,1599750020,23.43,348.0,7.0,0,1,1,18.42538
Status,1742897520000,36,31,6,34,1575449980,23.89,30.0,7.0,0,1,1,18.891382
Status,1742897520000,36,32,6,6,1575449980,23.82,332.0,6.0,0,1,1,18.822508
Status,1742897520000,36,33,6,26,1575449980,22.18,188.0,6.0,1,1,1,17.179686
Status,1742897520000,36,34,3,1,1602562560,21.44,302.0,6.0,0,1,1,16.444092
Status,1742897520000,36,35,5,23,1575449980,43.97,151.0,67.0,0,1,0,38.97027
Raw,1742897521000,110333000000,,,-1426932628667310951,0.0,12.724234559458246,997.0,1.0,29,5,0.0,16418,209538917690957,1000000000,18.623287200927734,-180.2684007623726,299792458,16,-6186.0014552603525,340282346638528860000000000000000000000,1575420030,,,,1,,1,35.604225158691406,13.623287200927734,-0.37834980195649376,1.0,-0.37834980195649376,1.0,,1908113603143407,
Raw,1742897521000,110333000000,,,-1426932628667310951,0.0,12.724234559458246,997.0,1.0,29,11,0.0,16384,209538917359948,1000000000,19.864093780517578,882.5903645110889,299792458,16,27714.390100253695,340282346638528860000000000000000000000,1575420030,,,,0,,1,35.604225158691406,14.864093780517578,-0.20372681261465636,1.0,-0.20372681261465636,1.0,,1908113603143407,
Raw,1742897521000,110333000000,,,-1426932628667310951,0.0,12.724234559458246,997.0,1.0,29,12,0.0,16431,209538919548883,63,24.628925323486328,909.8123633604228,1.3048231500177447,16,28580.78895247927,340282346638528860000000000000000000000,1575420030,,,,0,,1,35.604225158691406,19.628925323486328,-0.6984919076624261,1.0,-0.6984919076624261,1.0,,1908113603143407,
Raw,1742897521000,110333000000,,,-1426932628667310951,0.0,12.724234559458246,997.0,1.0,29,18,0.0,16431,209538923479602,18,39.911766052246094,-344.43621498091306,0.15,25,-33039.649357166425,0.0016322152223438025,1575420030,,,,0,,1,35.604225158691406,34.911766052246094,-0.08731148845780326,1.0,-0.08731148845780326,1.0,,1908113603143407,
Raw,1742897521000,110333000000,,,-1426932628667310951,0.0,12.724234559458246,997.0,1.0,29,20,0.0,16384,209538919215740,1000000000,18.35555648803711,198.09074780359583,299792458,16,6421.350876030923,340282346638528860000000000000000000000,1575420030,,,,1,,1,35.604225158691406,13.35555648803711,0.0,1.0,0.0,1.0,,1908113603143407,
Raw,1742897521000,110333000000,,,-1426932628667310951,0.0,12.724234559458246,997.0,1.0,29,25,0.0,16431,209538930219262,33,32.69524383544922,710.5019066852451,0.7050654422698259,25,23347.85972405591,0.003532054601237178,1575420030,,,,1,,1,35.604225158691406,27.695241928100586,-1.8917489103726217,1.0,-1.8917489103726217,1.0,,1908113603143407,
Raw,1742897521000,110333000000,,,-1426932628667310951,0.0,12.724234559458246,997.0,1.0,29,26,0.0,16431,209538923629657,27,35.110008239746094,-272.77996325400863,0.5952909089244938,25,-9579.073442152614,0.00267478683963418,1575420030,,,,0,,1,35.604225158691406,30.11000633239746,-0.8440110737314445,1.0,-0.8440110737314445,1.0,,1908113603143407,
Raw,1742897521000,110333000000,,,-1426932628667310951,0.0,12.724234559458246,997.0,1.0,29,28,0.0,16431,209538930265051,40,30.207199096679688,384.7034103941787,0.8169581470342124,25,13352.221966891633,0.004703590180724859,1575420030,,,,1,,1,35.604225158691406,25.207199096679688,-0.34924595383121304,1.0,-0.34924595383121304,1.0,,1908113603143407,
Raw,1742897521000,110333000000,,,-1426932628667310951,0.0,12.724234559458246,997.0,1.0,29,29,0.0,16431,209538932287627,104,18.470569610595703,385.6586394031435,1.3451050189936202,16,13036.719959510809,340282346638528860000000000000000000000,1575420030,,,,1,,1,35.604225158691406,13.470569610595703,-0.9604263668227204,1.0,-0.9604263668227204,1.0,,1908113603143407,
Raw,1742897521000,110333000000,,,-1426932628667310951,0.0,12.724234559458246,997.0,1.0,29,31,0.0,16431,209538928855193,22,37.297000885009766,65.50475175217304,0.15,25,2191.388259411757,0.0020794065203517675,1575420030,,,,0,,1,35.604225158691406,32.297000885009766,-0.2619344840127561,1.0,-0.2619344840127561,1.0,,1908113603143407,
Raw,1742897521000,110333000000,,,-1426932628667310951,0.0,12.724234559458246,997.0,1.0,29,10,0.0,32769,47520935835018,233,17.980724334716797,215.38718549944383,299.7953201694447,16,7932.481856116411,340282346638528860000000000000000000000,1598062460,,,,1,,3,52.0823974609375,12.980724334716797,4.656612873077393,2.0000000474974513,4.656612873077393,2.0000000474974513,,1908113603143407,
Raw,1742897521000,110333000000,,,-1426932628667310951,0.0,12.724234559458246,997.0,1.0,29,2,0.0,32768,47520920378709,1000000000,23.42538070678711,206.11982474632646,299792458,16,6393.859638888722,340282346638528860000000000000000000000,1599750020,,,,0,,3,52.0823974609375,18.42538070678711,4.656612873077393,2.0000000474974513,4.656612873077393,2.0000000474974513,,1908113603143407,
Raw,1742897521000,110333000000,,,-1426932628667310951,0.0,12.724234559458246,997.0,1.0,29,9,0.0,32995,47520931623106,33,43.81848907470703,798.3729552677896,0.15,25,35611.26113098342,0.0010244251461699605,1600875010,,,,0,,3,52.0823974609375,38.81848907470703,4.656612873077393,2.0000000474974513,4.656612873077393,2.0000000474974513,,1908113603143407,
Raw,1742897521000,110333000000,,,-1426932628667310951,0.0,12.724234559458246,997.0,1.0,29,11,0.0,32803,47520927717025,149,22.614818572998047,-354.74230676147613,1.1579205731362592,16,-14426.198857162246,340282346638528860000000000000000000000,1602000000,,,,1,,3,52.0823974609375,17.614818572998047,4.656612873077393,2.0000000474974513,4.656612873077393,2.0000000474974513,,1908113603143407,
Raw,1742897521000,110333000000,,,-1426932628667310951,0.0,12.724234559458246,997.0,1.0,29,1,0.0,32768,47520920012708,1000000000,21.444091796875,743.3580082574517,299792458,16,27495.803131965462,340282346638528860000000000000000000000,1602562560,,,,0,,3,52.0823974609375,16.444091796875,4.656612873077393,2.0000000474974513,4.656612873077393,2.0000000474974513,,1908113603143407,
Raw,1742897521000,110333000000,,,-1426932628667310951,0.0,12.724234559458246,997.0,1.0,29,20,0.0,32995,47520935810448,59,34.06605911254883,90.43072627354888,0.6444270273281272,25,3201.7483389396853,0.0029642542358487844,1603124990,,,,0,,3,52.0823974609375,29.066059112548828,4.656612873077393,2.0000000474974513,4.656612873077393,2.0000000474974513,,1908113603143407,
Raw,1742897521000,110333000000,,,-1426932628667310951,0.0,12.724234559458246,997.0,1.0,29,19,0.0,32768,47520927971419,1000000000,12.458293914794922,974.0509092497027,299792458,16,30582.926592428048,340282346638528860000000000000000000000,1603687550,,,,0,,3,52.0823974609375,7.458293914794922,4.656612873077393,2.0000000474974513,4.656612873077393,2.0000000474974513,,1908113603143407,
Raw,1742897521000,110333000000,,,-1426932628667310951,0.0,12.724234559458246,997.0,1.0,29,21,0.0,32995,47520926032289,221,18.09844970703125,-475.55923010670836,299.79354788170554,16,-30669.71544088933,340282346638528860000000000000000000000,1604249980,,,,1,,3,52.0823974609375,13.09844970703125,4.656612873077393,2.0000000474974513,4.656612873077393,2.0000000474974513,,1908113603143407,
Raw,1742897521000,110333000000,,,-1426932628667310951,0.0,12.724234559458246,997.0,1.0,29,8,0.0,16384,209524868015143,1000000000,14.924354553222656,-12.36414920184854,299792458,16,-424.84077070147225,340282346638528860000000000000000000000,1561097980,,,,1,,5,47.88340759277344,9.924354553222656,9.342329576611519,2.500692349107121,9.342329576611519,1.5000000237487257,,1908113603143407,
Raw,1742897521000,110333000000,,,-1426932628667310951,0.0,12.724234559458246,997.0,1.0,29,11,0.0,81955,209524922863482,33,23.945520401000977,733.3036835832227,1.097207403119023,16,23025.581343716356,340282346638528860000000000000000000000,1561097980,,,,0,,5,47.88340759277344,18.945520401000977,9.342329576611519,2.500692349107121,9.342329576611519,1.5000000237487257,,1908113603143407,
Raw,1742897521000,110333000000,,,-1426932628667310951,0.0,12.724234559458246,997.0,1.0,29,13,0.0,16384,209524867593752,1000000000,19.148387908935547,-46.83754747712706,299792458,16,-1508.4946515889592,340282346638528860000000000000000000000,1561097980,,,,1,,5,47.88340759277344,14.148387908935547,9.342329576611519,2.500692349107121,9.342329576611519,1.5000000237487257,,1908113603143407,
Raw,1742897521000,110333000000,,,-1426932628667310951,0.0,12.724234559458246,997.0,1.0,29,23,0.0,81967,209524926361680,6,43.747798919677734,548.4054026381937,0.15,25,278783.7960914012,0.0010591121390461922,1561097980,,,,0,,5,47.88340759277344,38.747798919677734,9.342329576611519,2.500692349107121,9.342329576611519,1.5000000237487257,,1908113603143407,
Raw,1742897521000,110333000000,,,-1426932628667310951,0.0,12.724234559458246,997.0,1.0,29,25,0.0,81967,209524916153356,15,33.671817779541016,904.7000630469142,0.6622173373927573,25,31586.54234237362,0.0031854056287556887,1561097980,,,,0,,5,47.88340759277344,28.671817779541016,9.342329576611519,2.500692349107121,9.342329576611519,1.5000000237487257,,1908113603143407,
Raw,1742897521000,110333000000,,,-1426932628667310951,0.0,12.724234559458246,997.0,1.0,29,28,0.0,81967,209524923744577,8,41.49242401123047,-177.586213681397,0.15,25,-15108.773733645257,0.0013731269864365458,1561097980,,,,0,,5,47.88340759277344,36.49242401123047,9.342329576611519,2.500692349107121,9.342329576611519,1.5000000237487257,,1908113603143407,
Raw,1742897521000,110333000000,,,-1426932628667310951,0.0,12.724234559458246,997.0,1.0,29,34,0.0,16384,209524916477238,1000000000,16.93670654296875,879.8223237221323,299792458,16,27637.896200772127,340282346638528860000000000000000000000,1561097980,,,,1,,5,47.88340759277344,11.93670654296875,9.342329576611519,2.500692349107121,9.342329576611519,1.5000000237487257,,1908113603143407,
Raw,1742897521000,110333000000,,,-1426932628667310951,0.0,12.724234559458246,997.0,1.0,29,37,0.0,81967,209524924407266,10,38.215660095214844,-27.280252157991967,0.15,25,-1023.5435150451553,0.0020023908000439405,1561097980,,,,0,,5,47.88340759277344,33.215660095214844,9.342329576611519,2.500692349107121,9.342329576611519,1.5000000237487257,,1908113603143407,
Raw,1742897521000,110333000000,,,-1426932628667310951,0.0,12.724234559458246,997.0,1.0,29,4,0.0,85026,209538909017052,81,21.582077026367188,317.6550045417887,1.203876239181012,16,9920.3357497966,340282346638528860000000000000000000000,1575420030,,,,1,,6,35.604225158691406,16.582077026367188,1.3096723705530164,1.5000000237487257,1.3096723705530164,1.5000000237487257,,1908113603143407,
Raw,1742897521000,110333000000,,,-1426932628667310951,0.0,12.724234559458246,997.0,1.0,29,6,0.0,16384,209538905947869,1000000000,21.82809066772461,105.63608597312464,299792458,16,3.292255026622467,340282346638528860000000000000000000000,1575420030,,,,0,,6,35.604225158691406,16.82809066772461,1.3096723705530164,1.5000000237487257,1.3096723705530164,1.5000000237487257,,1908113603143407,
Raw,1742897521000,110333000000,,,-1426932628667310951,0.0,12.724234559458246,997.0,1.0,29,13,0.0,85026,209538917690435,11,45.320369720458984,-140.55130471799924,0.15,25,-5342.827219118332,0.0008756838506087661,1575420030,,,,0,,6,35.604225158691406,40.320369720458984,1.3096723705530164,1.5000000237487257,1.3096723705530164,1.5000000237487257,,1908113603143407,
Raw,1742897521000,110333000000,,,-1426932628667310951,0.0,12.724234559458246,997.0,1.0,29,15,0.0,85026,209538917558688,51,27.267189025878906,404.8789295223346,1.2194479277740626,16,8665.690111703829,340282346638528860000000000000000000000,1575420030,,,,1,,6,35.604225158691406,22.267189025878906,1.3096723705530164,1.5000000237487257,1.3096723705530164,1.5000000237487257,,1908113603143407,
Raw,1742897521000,110333000000,,,-1426932628667310951,0.0,12.724234559458246,997.0,1.0,29,18,0.0,16384,209538898101191,1000000000,20.513439178466797,-149.82131538211127,299792458,16,-186.13359573452962,340282346638528860000000000000000000000,1575420030,,,,0,,6,35.604225158691406,15.513440132141113,1.3096723705530164,1.5000000237487257,1.3096723705530164,1.5000000237487257,,1908113603143407,
Raw,1742897521000,110333000000,,,-1426932628667310951,0.0,12.724234559458246,997.0,1.0,29,21,0.0,85026,209538920973665,47,28.150718688964844,129.45398870925914,0.9172306645759596,16,4039.355129562558,340282346638528860000000000000000000000,1575420030,,,,1,,6,35.604225158691406,23.150718688964844,1.3096723705530164,1.5000000237487257,1.3096723705530164,1.5000000237487257,,1908113603143407,
Raw,1742897521000,110333000000,,,-1426932628667310951,0.0,12.724234559458246,997.0,1.0,29,23,0.0,21546,209538910160273,43,29.326675415039062,-152.17925901295712,0.8558160083734943,16,-5889.280145540779,340282346638528860000000000000000000000,1575420030,,,,0,,6,35.604225158691406,24.326675415039062,1.3096723705530164,1.5000000237487257,1.3096723705530164,1.5000000237487257,,1908113603143407,
Raw,1742897521000,110333000000,,,-1426932628667310951,0.0,12.724234559458246,997.0,1.0,29,26,0.0,85026,209538906180255,84,21.092666625976562,-327.6735767191253,1.2260936073922233,16,-4209.615853738356,340282346638528860000000000000000000000,1575420030,,,,1,,6,35.604225158691406,16.092666625976562,1.3096723705530164,1.5000000237487257,1.3096723705530164,1.5000000237487257,,1908113603143407,
Raw,1742897521000,110333000000,,,-1426932628667310951,0.0,12.724234559458246,997.0,1.0,29,27,0.0,85026,209538918293577,40,30.34832000732422,572.8553389687013,1.0591669216306077,16,17980.02197503681,340282346638528860000000000000000000000,1575420030,,,,1,,6,35.604225158691406,25.34832000732422,1.3096723705530164,1.5000000237487257,1.3096723705530164,1.5000000237487257,,1908113603143407,
Raw,1742897521000,110333000000,,,-1426932628667310951,0.0,12.724234559458246,997.0,1.0,29,34,0.0,16384,209538906336794,1000000000,22.989990234375,807.5870110589053,299792458,16,992.9971953773232,340282346638528860000000000000000000000,1575420030,,,,0,,6,35.604225158691406,17.989990234375,1.3096723705530164,1.5000000237487257,1.3096723705530164,1.5000000237487257,,1908113603143407,
Fix,GPS,45.0659522150,7.6463346477,321.4050787507335,0.0,8.0,,1742897521000,0.15711588,,1908113707468561,4.314962,0,,,
Fix,FLP,45.0659517000,7.6463337000,307.1000061035156,0.109512925,8.0,231.74342,1742897521592,0.15711588,45.0,1908113707468561,3.2600863,0,,,
Raw,1742897522000,111333000000,,,-1426932628667309954,0.0,12.73809706380557,997.0,1.0,29,5,0.0,16419,209539917691720,128,17.76308250427246,-180.2684007623726,299.7956269115534,16,-6366.211500469027,340282346638528860000000000000000000000,1575420030,,,,1,,1,35.384315490722656,12.763082504272461,-0.37834980195649376,1.0,-0.37834980195649376,1.0,,1908114599447560,
Raw,1742897522000,111333000000,,,-1426932628667309954,0.0,12.73809706380557,997.0,1.0,29,11,0.0,16384,209539917356954,1000000000,19.833187103271484,882.7759775693121,299792458,16,28597.011918820874,340282346638528860000000000000000000000,1575420030,,,,0,,1,35.384315490722656,14.833187103271484,-0.20372681261465636,1.0,-0.20372681261465636,1.0,,1908114599447560,
Raw,1742897522000,111333000000,,,-1426932628667309954,0.0,12.73809706380557,997.0,1.0,29,12,0.0,16431,209539919545838,62,24.857576370239258,909.6022109335031,1.0591940145208514,16,29490.40527258265,340282346638528860000000000000000000000,1575420030,,,,1,,1,35.384315490722656,19.857576370239258,-0.6984919076624261,1.0,-0.6984919076624261,1.0,,1908114599447560,
Raw,1742897522000,111333000000,,,-1426932628667309954,0.0,12.73809706380557,997.0,1.0,29,18,0.0,16431,209539923480749,17,40.83486557006836,-344.42755803695627,0.15,25,-33384.08619011408,0.0014676498249173164,1575420030,,,,0,,1,35.384315490722656,35.83486557006836,-0.08731148845780326,1.0,-0.08731148845780326,1.0,,1908114599447560,
Raw,1742897522000,111333000000,,,-1426932628667309954,0.0,12.73809706380557,997.0,1.0,29,20,0.0,16384,209539919215088,1000000000,17.495351791381836,198.27639494427558,299792458,16,6619.197243538037,340282346638528860000000000000000000000,1575420030,,,,1,,1,35.384315490722656,12.495351791381836,0.0,1.0,0.0,1.0,,1908114599447560,
Raw,1742897522000,111333000000,,,-1426932628667309954,0.0,12.73809706380557,997.0,1.0,29,25,0.0,16431,209539930216894,29,34.05305480957031,710.5336715347244,0.6440056563324448,25,24058.395452551405,0.0030209021642804146,1575420030,,,,0,,1,35.384315490722656,29.053056716918945,-1.8917489103726217,1.0,-1.8917489103726217,1.0,,1908114599447560,
Raw,1742897522000,111333000000,,,-1426932628667309954,0.0,12.73809706380557,997.0,1.0,29,26,0.0,16431,209539923630584,31,33.52465057373047,-272.7546399888122,0.6665827542214866,25,-9851.884279588947,0.003210384165868163,1575420030,,,,0,,1,35.384315490722656,28.524648666381836,-0.8440110737314445,1.0,-0.8440110737314445,1.0,,1908114599447560,
Raw,1742897522000,111333000000,,,-1426932628667309954,0.0,12.73809706380557,997.0,1.0,29,28,0.0,16431,209539930263778,38,30.983657836914062,384.9786262306004,0.7820414691341679,25,13737.097347261508,0.0043013677932322025,1575420030,,,,1,,1,35.384315490722656,25.983657836914062,-0.34924595383121304,1.0,-0.34924595383121304,1.0,,1908114599447560,
Raw,1742897522000,111333000000,,,-1426932628667309954,0.0,12.73809706380557,997.0,1.0,29,29,0.0,16431,209539932286343,95,19.618785858154297,386.1579814736592,1.2934706298999457,16,13421.533818594251,340282346638528860000000000000000000000,1575420030,,,,1,,1,35.384315490722656,14.618786811828613,-0.9604263668227204,1.0,-0.9604263668227204,1.0,,1908114599447560,
Raw,1742897522000,111333000000,,,-1426932628667309954,0.0,12.73809706380557,997.0,1.0,29,31,0.0,16431,209539928854965,22,37.43561553955078,65.6633459429878,0.15,25,2256.9767579359373,0.0020464856643229723,1575420030,,,,0,,1,35.384315490722656,32.43561553955078,-0.2619344840127561,1.0,-0.2619344840127561,1.0,,1908114599447560,
Raw,1742897522000,111333000000,,,-1426932628667309954,0.0,12.73809706380557,997.0,1.0,29,10,0.0,32768,47521935834621,1000000000,17.130294799804688,215.47861168906627,299792458,16,8148.193069926806,340282346638528860000000000000000000000,1598062460,,,,1,,3,51.86248779296875,12.130294799804688,4.656612873077393,2.0000000474974513,4.656612873077393,2.0000000474974513,,1908114599447560,
Raw,1742897522000,111333000000,,,-1426932628667309954,0.0,12.73809706380557,997.0,1.0,29,2,0.0,32768,47521920378059,1000000000,24.06647300720215,206.51933930168684,299792458,16,6600.089128063545,340282346638528860000000000000000000000,1599750020,,,,0,,3,51.86248779296875,19.06647300720215,4.656612873077393,2.0000000474974513,4.656612873077393,2.0000000474974513,,1908114599447560,
Raw,1742897522000,111333000000,,,-1426932628667309954,0.0,12.73809706380557,997.0,1.0,29,9,0.0,32995,47521931620457,33,43.58982467651367,798.4405066966178,0.15,25,36409.69604995675,0.0010517520131543279,1600875010,,,,0,,3,51.86248779296875,38.58982467651367,4.656612873077393,2.0000000474974513,4.656612873077393,2.0000000474974513,,1908114599447560,
Raw,1742897522000,111333000000,,,-1426932628667309954,0.0,12.73809706380557,997.0,1.0,29,11,0.0,32803,47521927718234,127,24.558961868286133,-355.08585792322606,1.070494878415483,16,-14780.783738406375,340282346638528860000000000000000000000,1602000000,,,,1,,3,51.86248779296875,19.558961868286133,4.656612873077393,2.0000000474974513,4.656612873077393,2.0000000474974513,,1908114599447560,
Raw,1742897522000,111333000000,,,-1426932628667309954,0.0,12.73809706380557,997.0,1.0,29,1,0.0,32768,47521920010052,1000000000,23.6871337890625,743.5404175647618,299792458,16,28239.490801774897,340282346638528860000000000000000000000,1602562560,,,,0,,3,51.86248779296875,18.6871337890625,4.656612873077393,2.0000000474974513,4.656612873077393,2.0000000474974513,,1908114599447560,
Raw,1742897522000,111333000000,,,-1426932628667309954,0.0,12.73809706380557,997.0,1.0,29,20,0.0,32995,47521935810151,60,33.842430114746094,90.66666207882804,0.6544832824539952,25,3292.310342357218,0.0030415630899369717,1603124990,,,,0,,3,51.86248779296875,28.842432022094727,4.656612873077393,2.0000000474974513,4.656612873077393,2.0000000474974513,,1908114599447560,
Raw,1742897522000,111333000000,,,-1426932628667309954,0.0,12.73809706380557,997.0,1.0,29,19,0.0,32768,47521927968169,1000000000,12.097312927246094,974.1420457384447,299792458,16,31557.213678510172,340282346638528860000000000000000000000,1603687550,,,,1,,3,51.86248779296875,7.097312927246094,4.656612873077393,2.0000000474974513,4.656612873077393,2.0000000474974513,,1908114599447560,
Raw,1742897522000,111333000000,,,-1426932628667309954,0.0,12.73809706380557,997.0,1.0,29,21,0.0,32995,47521926034253,211,18.695053100585938,-475.55923010670836,299.79354788170554,16,-31145.701677958303,340282346638528860000000000000000000000,1604249980,,,,0,,3,51.86248779296875,13.695053100585938,4.656612873077393,2.0000000474974513,4.656612873077393,2.0000000474974513,,1908114599447560,
Raw,1742897522000,111333000000,,,-1426932628667309954,0.0,12.73809706380557,997.0,1.0,29,8,0.0,16384,209525868015156,1000000000,18.23107147216797,-12.36414920184854,299792458,16,-437.4664659938539,340282346638528860000000000000000000000,1561097980,,,,1,,5,49.486572265625,13.231071472167969,9.342329576611519,2.500692349107121,9.342329576611519,1.5000000237487257,,1908114599447560,
Raw,1742897522000,111333000000,,,-1426932628667309954,0.0,12.73809706380557,997.0,1.0,29,11,0.0,81955,209525922861039,37,22.449310302734375,733.2769629373088,1.164489833496435,16,23759.19810596354,340282346638528860000000000000000000000,1561097980,,,,0,,5,49.486572265625,17.449310302734375,9.342329576611519,2.500692349107121,9.342329576611519,1.5000000237487257,,1908114599447560,
Raw,1742897522000,111333000000,,,-1426932628667309954,0.0,12.73809706380557,997.0,1.0,29,13,0.0,16384,209525867593918,1000000000,19.029335021972656,-46.83754747712706,299792458,16,-1555.1941389261262,340282346638528860000000000000000000000,1561097980,,,,1,,5,49.486572265625,14.029335021972656,9.342329576611519,2.500692349107121,9.342329576611519,1.5000000237487257,,1908114599447560,
Raw,1742897522000,111333000000,,,-1426932628667309954,0.0,12.73809706380557,997.0,1.0,29,23,0.0,81967,209525926359852,6,44.0194206237793,548.5017196603271,0.15,25,279332.28639820486,0.0010265045566484332,1561097980,,,,0,,5,49.486572265625,39.0194206237793,9.342329576611519,2.500692349107121,9.342329576611519,1.5000000237487257,,1908114599447560,
Raw,1742897522000,111333000000,,,-1426932628667309954,0.0,12.73809706380557,997.0,1.0,29,25,0.0,81967,209525916150339,15,33.56608581542969,904.7649560441337,0.666971440673902,25,32491.284767645906,0.0032244178000837564,1561097980,,,,0,,5,49.486572265625,28.566085815429688,9.342329576611519,2.500692349107121,9.342329576611519,1.5000000237487257,,1908114599447560,
Raw,1742897522000,111333000000,,,-1426932628667309954,0.0,12.73809706380557,997.0,1.0,29,28,0.0,81967,209525923745170,8,41.47161102294922,-177.5651507232659,0.15,25,-15286.319625798755,0.0013764214236289263,1561097980,,,,0,,5,49.486572265625,36.47161102294922,9.342329576611519,2.500692349107121,9.342329576611519,1.5000000237487257,,1908114599447560,
Raw,1742897522000,111333000000,,,-1426932628667309954,0.0,12.73809706380557,997.0,1.0,29,34,0.0,16384,209525916474390,1000000000,16.27377700805664,879.8223237221323,299792458,16,28518.677619058537,340282346638528860000000000000000000000,1561097980,,,,0,,5,49.486572265625,11.27377700805664,9.342329576611519,2.500692349107121,9.342329576611519,1.5000000237487257,,1908114599447560,
Raw,1742897522000,111333000000,,,-1426932628667309954,0.0,12.73809706380557,997.0,1.0,29,37,0.0,81967,209525924407365,11,37.35085678100586,-27.25237483870984,0.15,25,-1050.7933324565824,0.002212019870057702,1561097980,,,,0,,5,49.486572265625,32.35085678100586,9.342329576611519,2.500692349107121,9.342329576611519,1.5000000237487257,,1908114599447560,
Raw,1742897522000,111333000000,,,-1426932628667309954,0.0,12.73809706380557,997.0,1.0,29,4,0.0,85026,209539909015992,82,21.369094848632812,317.65449330494084,1.2134535425985176,16,10237.981731765401,340282346638528860000000000000000000000,1575420030,,,,1,,6,35.384315490722656,16.369094848632812,1.3096723705530164,1.5000000237487257,1.3096723705530164,1.5000000237487257,,1908114599447560,
Raw,1742897522000,111333000000,,,-1426932628667309954,0.0,12.73809706380557,997.0,1.0,29,6,0.0,16384,209539905947517,1000000000,21.893545150756836,105.82175015503265,299792458,16,3.282600996997191,340282346638528860000000000000000000000,1575420030,,,,0,,6,35.384315490722656,16.893545150756836,1.3096723705530164,1.5000000237487257,1.3096723705530164,1.5000000237487257,,1908114599447560,
Raw,1742897522000,111333000000,,,-1426932628667309954,0.0,12.73809706380557,997.0,1.0,29,13,0.0,85026,209539917690913,12,45.27104187011719,-140.47535196363816,0.15,25,-5483.329547457373,0.0008806706755422056,1575420030,,,,0,,6,35.384315490722656,40.27104187011719,1.3096723705530164,1.5000000237487257,1.3096723705530164,1.5000000237487257,,1908114599447560,
Raw,1742897522000,111333000000,,,-1426932628667309954,0.0,12.73809706380557,997.0,1.0,29,15,0.0,85026,209539917557335,55,26.342329025268555,405.16273413780004,0.9899101717648948,16,9070.16335666865,340282346638528860000000000000000000000,1575420030,,,,1,,6,35.384315490722656,21.342329025268555,1.3096723705530164,1.5000000237487257,1.3096723705530164,1.5000000237487257,,1908114599447560,
Raw,1742897522000,111333000000,,,-1426932628667309954,0.0,12.73809706380557,997.0,1.0,29,18,0.0,16384,209539898101688,1000000000,18.15300750732422,-149.82131538211127,299792458,16,-186.1371106038534,340282346638528860000000000000000000000,1575420030,,,,0,,6,35.384315490722656,13.153008460998535,1.3096723705530164,1.5000000237487257,1.3096723705530164,1.5000000237487257,,1908114599447560,
Raw,1742897522000,111333000000,,,-1426932628667309954,0.0,12.73809706380557,997.0,1.0,29,21,0.0,85026,209539920973246,48,27.980134963989258,129.75171600821415,0.9154353445517014,29,4168.960829938091,0.0060783084481954575,1575420030,,,,1,,6,35.384315490722656,22.980134963989258,1.3096723705530164,1.5000000237487257,1.3096723705530164,1.5000000237487257,,1908114599447560,
Raw,1742897522000,111333000000,,,-1426932628667309954,0.0,12.73809706380557,997.0,1.0,29,23,0.0,21546,209539910160769,39,30.502567291259766,-152.192551171001,0.8029375430494392,25,-6041.4221464234015,0.004546331707388163,1575420030,,,,0,,6,35.384315490722656,25.502567291259766,1.3096723705530164,1.5000000237487257,1.3096723705530164,1.5000000237487257,,1908114599447560,
Raw,1742897522000,111333000000,,,-1426932628667309954,0.0,12.73809706380557,997.0,1.0,29,26,0.0,85026,209539906181330,81,21.503381729125977,-327.67436061562535,1.2076243774563507,16,-4537.303584675556,340282346638528860000000000000000000000,1575420030,,,,1,,6,35.384315490722656,16.503381729125977,1.3096723705530164,1.5000000237487257,1.3096723705530164,1.5000000237487257,,1908114599447560,
Raw,1742897522000,111333000000,,,-1426932628667309954,0.0,12.73809706380557,997.0,1.0,29,27,0.0,85026,209539918291664,45,28.830385208129883,572.974354906879,0.9224567965664856,16,18552.94138148342,340282346638528860000000000000000000000,1575420030,,,,0,,6,35.384315490722656,23.830385208129883,1.3096723705530164,1.5000000237487257,1.3096723705530164,1.5000000237487257,,1908114599447560,
Raw,1742897522000,111333000000,,,-1426932628667309954,0.0,12.73809706380557,997.0,1.0,29,34,0.0,16384,209539906334102,1000000000,24.9730167388916,807.5870110589053,299792458,16,993.0161416992895,340282346638528860000000000000000000000,1575420030,,,,0,,6,35.384315490722656,19.9730167388916,1.3096723705530164,1.5000000237487257,1.3096723705530164,1.5000000237487257,,1908114599447560,
Status,1742897521000,36,0,1,29,1575449980,26.05,31.0,81.0,0,1,1,21.046295
Status,1742897521000,36,1,3,10,1598062460,21.66,20.0,79.0,0,1,1,16.655365
Status,1742897521000,36,2,3,20,1603124990,34.45,160.0,74.0,1,1,1,29.448782
Status,1742897521000,36,3,6,21,1575449980,30.04,314.0,68.0,0,1,1,25.040134
Status,1742897521000,36,4,1,28,1575449980,32.76,251.0,61.0,1,1,1,27.764837
Status,1742897521000,36,5,5,37,1575449980,39.31,302.0,55.0,1,1,1,34.307934
Status,1742897521000,36,6,1,25,1575449980,34.05,102.0,52.0,1,1,1,29.053057
Status,1742897521000,36,7,6,27,1575449980,33.01,93.0,51.0,0,1,1,28.0098
Status,1742897521000,36,8,1,31,1575449980,37.44,294.0,48.0,1,1,1,32.435616
Status,1742897521000,36,9,6,13,1575449980,45.34,150.0,45.0,1,1,1,40.344975
Status,1742897521000,36,10,6,15,1575449980,27.38,68.0,45.0,0,1,1,22.376543
Status,1742897521000,36,11,5,28,1575449980,43.44,209.0,44.0,1,1,1,38.442097
Status,1742897521000,36,12,3,9,1600875010,43.80,123.0,43.0,1,1,1,38.795624
Status,1742897521000,36,13,5,11,1575449980,24.72,51.0,41.0,1,1,1,19.723757
Status,1742897521000,36,14,1,18,1575449980,40.83,175.0,31.0,1,1,1,35.834866
Status,1742897521000,36,15,3,19,1603687550,14.82,34.0,31.0,0,1,1,9.815651
Status,1742897521000,36,16,3,11,1602000000,26.19,319.0,30.0,1,1,1,21.18824
Status,1742897521000,36,17,1,26,1575449980,35.50,297.0,26.0,1,1,1,30.50381
Status,1742897521000,36,18,3,21,1604249980,22.85,202.0,24.0,0,1,1,17.852207
Status,1742897521000,36,19,5,8,1575449980,18.23,69.0,21.0,0,1,1,13.231071
Status,1742897521000,36,20,5,13,1575449980,20.28,83.0,20.0,0,1,1,15.278901
Status,1742897521000,36,21,6,23,1575449980,30.67,291.0,18.0,1,1,1,25.670048
Status,1742897521000,36,22,5,34,1575449980,16.87,48.0,17.0,0,1,1,11.870414
Status,1742897521000,36,23,5,25,1575449980,35.61,137.0,16.0,1,1,1,30.611162
Status,1742897521000,36,24,1,12,1575449980,26.94,104.0,16.0,1,1,1,21.942541
Status,1742897521000,36,25,6,4,1575449980,21.56,309.0,15.0,1,1,1,16.56078
Status,1742897521000,36,26,1,20,1575449980,20.68,60.0,14.0,0,1,1,15.67913
Status,1742897521000,36,27,1,11,1575449980,20.15,36.0,11.0,0,1,1,15.152353
Status,1742897521000,36,28,1,5,1575449980,20.65,95.0,9.0,0,1,1,15.649187
Status,1742897521000,36,29,6,18,1575449980,20.28,241.0,7.0,0,0,1,15.277397
Status,1742897521000,36,30,3,2,1599750020,24.07,348.0,7.0,0,1,1,19.066473
Status,1742897521000,36,31,6,34,1575449980,24.97,30.0,7.0,0,1,1,19.973017
Status,1742897521000,36,32,6,6,1575449980,23.63,332.0,6.0,0,1,1,18.629612
Status,1742897521000,36,33,6,26,1575449980,22.11,188.0,6.0,1,1,1,17.112055
Status,1742897521000,36,34,3,1,1602562560,23.69,302.0,6.0,0,1,1,18.687134
Status,1742897521000,36,35,5,23,1575449980,44.02,151.0,67.0,0,1,0,39.01942
Fix,GPS,45.0659522150,7.6463346477,321.4927970299963,0.0,8.0,,1742897522000,0.15722021,,1908114705589137,4.273089,0,,,
Fix,FLP,45.0659518000,7.6463339000,307.1000061035156,0.09167262,8.0,,1742897522591,0.15722021,,1908114705589137,3.2700675,0,,,
Raw,1742897523000,112333000000,,,-1426932628667308958,0.0,12.699541948737119,997.0,1.0,29,5,0.0,16384,209540917692323,1000000000,17.149856567382812,-180.2684007623726,299792458,16,-6546.190745781729,340282346638528860000000000000000000000,1575420030,,,,1,,1,34.10702896118164,12.149856567382812,-0.37834980195649376,1.0,-0.37834980195649376,1.0,,1908115605924867,
Raw,1742897523000,112333000000,,,-1426932628667308958,0.0,12.699541948737119,997.0,1.0,29,11,0.0,16384,209540917353976,1000000000,19.735706329345703,882.7759775693121,299792458,16,29480.006599630742,340282346638528860000000000000000000000,1575420030,,,,0,,1,34.10702896118164,14.73570728302002,-0.20372681261465636,1.0,-0.20372681261465636,1.0,,1908115605924867,
Raw,1742897523000,112333000000,,,-1426932628667308958,0.0,12.699541948737119,997.0,1.0,29,12,0.0,16431,209540919542791,54,26.453460693359375,909.7352006788551,0.9874284097647319,21,30400.02819160384,0.1023931369772998,1575420030,,,,1,,1,34.10702896118164,21.453460693359375,-0.6984919076624261,1.0,-0.6984919076624261,1.0,,1908115605924867,
Raw,1742897523000,112333000000,,,-1426932628667308958,0.0,12.699541948737119,997.0,1.0,29,18,0.0,16431,209540923481895,17,40.77899169921875,-344.3149496006049,0.15,25,-33728.50528503022,0.0014771211426705122,1575420030,,,,0,,1,34.10702896118164,35.77899169921875,-0.08731148845780326,1.0,-0.08731148845780326,1.0,,1908115605924867,
Raw,1742897523000,112333000000,,,-1426932628667308958,0.0,12.699541948737119,997.0,1.0,29,20,0.0,16384,209540919214742,1000000000,16.709758758544922,198.27639494427558,299792458,16,6817.89805982955,340282346638528860000000000000000000000,1575420030,,,,1,,1,34.10702896118164,11.709758758544922,0.0,1.0,0.0,1.0,,1908115605924867,
Raw,1742897523000,112333000000,,,-1426932628667308958,0.0,12.699541948737119,997.0,1.0,29,25,0.0,16431,209540930214504,27,34.99464416503906,710.6544597606412,0.6016630635155993,25,24768.98042873544,0.00271054869517684,1575420030,,,,0,,1,34.10702896118164,29.994644165039062,-1.8917489103726217,1.0,-1.8917489103726217,1.0,,1908115605924867,
Raw,1742897523000,112333000000,,,-1426932628667308958,0.0,12.699541948737119,997.0,1.0,29,26,0.0,16431,209540923631466,29,34.092498779296875,-272.71832513138713,0.6410473390466436,25,-10124.704980169769,0.0030072147492319345,1575420030,,,,0,,1,34.10702896118164,29.092500686645508,-0.8440110737314445,1.0,-0.8440110737314445,1.0,,1908115605924867,
Raw,1742897523000,112333000000,,,-1426932628667308958,0.0,12.699541948737119,997.0,1.0,29,28,0.0,16431,209540930262466,33,32.54175567626953,385.1734756345413,0.7119753274933363,25,14122.063210522461,0.0035950227174907923,1575420030,,,,0,,1,34.10702896118164,27.54175567626953,-0.34924595383121304,1.0,-0.34924595383121304,1.0,,1908115605924867,
Raw,1742897523000,112333000000,,,-1426932628667308958,0.0,12.699541948737119,997.0,1.0,29,29,0.0,16431,209540932285059,78,21.998249053955078,386.9441614982709,1.1864686245119866,16,13808.962052227755,340282346638528860000000000000000000000,1575420030,,,,1,,1,34.10702896118164,16.998249053955078,-0.9604263668227204,1.0,-0.9604263668227204,1.0,,1908115605924867,
Raw,1742897523000,112333000000,,,-1426932628667308958,0.0,12.699541948737119,997.0,1.0,29,31,0.0,16431,209540928854739,18,39.70151138305664,65.8342439006073,0.15,25,2322.670056514117,0.0016722073778510094,1575420030,,,,0,,1,34.10702896118164,34.70151138305664,-0.2619344840127561,1.0,-0.2619344840127561,1.0,,1908115605924867,
Raw,1742897523000,112333000000,,,-1426932628667308958,0.0,12.699541948737119,997.0,1.0,29,10,0.0,32768,47522935833902,1000000000,16.776697158813477,215.57002083746045,299792458,16,8364.2263055019,340282346638528860000000000000000000000,1598062460,,,,1,,3,50.92256164550781,11.776697158813477,4.656612873077393,2.0000000474974513,4.656612873077393,2.0000000474974513,,1908115605924867,
Raw,1742897523000,112333000000,,,-1426932628667308958,0.0,12.699541948737119,997.0,1.0,29,2,0.0,32768,47522920377327,1000000000,24.43255043029785,206.73371795321532,299792458,16,6806.770896119169,340282346638528860000000000000000000000,1599750020,,,,0,,3,50.92256164550781,19.43255043029785,4.656612873077393,2.0000000474974513,4.656612873077393,2.0000000474974513,,1908115605924867,
Raw,1742897523000,112333000000,,,-1426932628667308958,0.0,12.699541948737119,997.0,1.0,29,9,0.0,32995,47522931617793,33,43.742210388183594,798.5751323998829,0.15,25,37208.198611951266,0.0010334610706195235,1600875010,,,,0,,3,50.92256164550781,38.742210388183594,4.656612873077393,2.0000000474974513,4.656612873077393,2.0000000474974513,,1908115605924867,
Raw,1742897523000,112333000000,,,-1426932628667308958,0.0,12.699541948737119,997.0,1.0,29,11,0.0,32803,47522927719414,122,25.115812301635742,-355.1398445343582,1.045454191398604,16,-15134.429412228154,340282346638528860000000000000000000000,1602000000,,,,0,,3,50.92256164550781,20.115812301635742,4.656612873077393,2.0000000474974513,4.656612873077393,2.0000000474974513,,1908115605924867,
Raw,1742897523000,112333000000,,,-1426932628667308958,0.0,12.699541948737119,997.0,1.0,29,1,0.0,32768,47522920007453,1000000000,22.98456573486328,743.5404175647618,299792458,16,28982.868686332447,340282346638528860000000000000000000000,1602562560,,,,0,,3,50.92256164550781,17.98456573486328,4.656612873077393,2.0000000474974513,4.656612873077393,2.0000000474974513,,1908115605924867,
Raw,1742897523000,112333000000,,,-1426932628667308958,0.0,12.699541948737119,997.0,1.0,29,20,0.0,32995,47522935809852,57,34.43458557128906,90.8138216054794,0.627854832247698,25,3382.9854778442227,0.002841118024662137,1603124990,,,,0,,3,50.92256164550781,29.43458366394043,4.656612873077393,2.0000000474974513,4.656612873077393,2.0000000474974513,,1908115605924867,
Raw,1742897523000,112333000000,,,-1426932628667308958,0.0,12.699541948737119,997.0,1.0,29,19,0.0,32768,47522927964928,1000000000,13.09779167175293,974.2331140622737,299792458,16,32531.4863384503,340282346638528860000000000000000000000,1603687550,,,,1,,3,50.92256164550781,8.09779167175293,4.656612873077393,2.0000000474974513,4.656612873077393,2.0000000474974513,,1908115605924867,
Raw,1742897523000,112333000000,,,-1426932628667308958,0.0,12.699541948737119,997.0,1.0,29,21,0.0,32995,47522926035902,185,20.340177536010742,-475.46809361796636,299.79354788170554,16,-31620.833146232282,340282346638528860000000000000000000000,1604249980,,,,1,,3,50.92256164550781,15.340177536010742,4.656612873077393,2.0000000474974513,4.656612873077393,2.0000000474974513,,1908115605924867,
Raw,1742897523000,112333000000,,,-1426932628667308958,0.0,12.699541948737119,997.0,1.0,29,8,0.0,16384,209526868015183,1000000000,19.021482467651367,-12.36414920184854,299792458,16,-449.9673616883016,340282346638528860000000000000000000000,1561097980,,,,1,,5,47.400733947753906,14.021482467651367,9.342329576611519,2.500692349107121,9.342329576611519,1.5000000237487257,,1908115605924867,
Raw,1742897523000,112333000000,,,-1426932628667308958,0.0,12.699541948737119,997.0,1.0,29,11,0.0,81955,209526922858593,36,22.957042694091797,733.5500997438826,1.141657250318068,16,24492.83543631704,340282346638528860000000000000000000000,1561097980,,,,1,,5,47.400733947753906,17.957042694091797,9.342329576611519,2.500692349107121,9.342329576611519,1.5000000237487257,,1908115605924867,
Raw,1742897523000,112333000000,,,-1426932628667308958,0.0,12.699541948737119,997.0,1.0,29,13,0.0,16384,209526867594088,1000000000,20.96920394897461,-46.83754747712706,299792458,16,-1602.2982995544637,340282346638528860000000000000000000000,1561097980,,,,0,,5,47.400733947753906,15.96920394897461,9.342329576611519,2.500692349107121,9.342329576611519,1.5000000237487257,,1908115605924867,
Raw,1742897523000,112333000000,,,-1426932628667308958,0.0,12.699541948737119,997.0,1.0,29,23,0.0,81967,209526926358017,6,44.89728927612305,548.6435708443751,0.15,25,279880.8346951396,0.0009278279612772167,1561097980,,,,0,,5,47.400733947753906,39.89728927612305,9.342329576611519,2.500692349107121,9.342329576611519,1.5000000237487257,,1908115605924867,
Raw,1742897523000,112333000000,,,-1426932628667308958,0.0,12.699541948737119,997.0,1.0,29,25,0.0,81967,209526916147324,15,33.767295837402344,904.6521431130432,0.6579228147362874,25,33395.98938241442,0.0031505830120295286,1561097980,,,,0,,5,47.400733947753906,28.76729393005371,9.342329576611519,2.500692349107121,9.342329576611519,1.5000000237487257,,1908115605924867,
Raw,1742897523000,112333000000,,,-1426932628667308958,0.0,12.699541948737119,997.0,1.0,29,28,0.0,81967,209526923745763,7,41.81874465942383,-177.47519007927394,0.15,25,-15463.826626645801,0.0013224967988207936,1561097980,,,,0,,5,47.400733947753906,36.81874465942383,9.342329576611519,2.500692349107121,9.342329576611519,1.5000000237487257,,1908115605924867,
Raw,1742897523000,112333000000,,,-1426932628667308958,0.0,12.699541948737119,997.0,1.0,29,34,0.0,16384,209526916471423,1000000000,15.904233932495117,879.8223237221323,299792458,16,29397.816286010613,340282346638528860000000000000000000000,1561097980,,,,1,,5,47.400733947753906,10.904233932495117,9.342329576611519,2.500692349107121,9.342329576611519,1.5000000237487257,,1908115605924867,
Raw,1742897523000,112333000000,,,-1426932628667308958,0.0,12.699541948737119,997.0,1.0,29,37,0.0,81967,209526924407463,10,38.50113296508789,-27.148340270327495,0.15,25,-1077.9983403128358,0.0019376492127776146,1561097980,,,,0,,5,47.400733947753906,33.50113296508789,9.342329576611519,2.500692349107121,9.342329576611519,1.5000000237487257,,1908115605924867,
Raw,1742897523000,112333000000,,,-1426932628667308958,0.0,12.699541948737119,997.0,1.0,29,4,0.0,85026,209540909014923,80,21.63347816467285,317.84024269299016,1.20156435692508,16,10555.790892461922,340282346638528860000000000000000000000,1575420030,,,,1,,6,34.10702896118164,16.63347816467285,1.3096723705530164,1.5000000237487257,1.3096723705530164,1.5000000237487257,,1908115605924867,
Raw,1742897523000,112333000000,,,-1426932628667308958,0.0,12.699541948737119,997.0,1.0,29,6,0.0,16384,209540905947166,1000000000,24.258848190307617,105.82175015503265,299792458,16,3.2850836186354506,340282346638528860000000000000000000000,1575420030,,,,0,,6,34.10702896118164,19.258848190307617,1.3096723705530164,1.5000000237487257,1.3096723705530164,1.5000000237487257,,1908115605924867,
Raw,1742897523000,112333000000,,,-1426932628667308958,0.0,12.699541948737119,997.0,1.0,29,13,0.0,85026,209540917691383,11,45.67097091674805,-140.41931188450053,0.15,25,-5623.798320141642,0.0008410409209318459,1575420030,,,,0,,6,34.10702896118164,40.67097091674805,1.3096723705530164,1.5000000237487257,1.3096723705530164,1.5000000237487257,,1908115605924867,
Raw,1742897523000,112333000000,,,-1426932628667308958,0.0,12.699541948737119,997.0,1.0,29,15,0.0,85026,209540917555995,53,26.742631912231445,404.6767864726978,0.9719087767986361,29,9474.674571072097,0.00700902845710516,1575420030,,,,1,,6,34.10702896118164,21.742631912231445,1.3096723705530164,1.5000000237487257,1.3096723705530164,1.5000000237487257,,1908115605924867,
Raw,1742897523000,112333000000,,,-1426932628667308958,0.0,12.699541948737119,997.0,1.0,29,18,0.0,16384,209540898102188,1000000000,19.423355102539062,-150.006962522791,299792458,16,-186.13458355873507,340282346638528860000000000000000000000,1575420030,,,,0,,6,34.10702896118164,14.423355102539062,1.3096723705530164,1.5000000237487257,1.3096723705530164,1.5000000237487257,,1908115605924867,
Raw,1742897523000,112333000000,,,-1426932628667308958,0.0,12.699541948737119,997.0,1.0,29,21,0.0,85026,209540920972817,51,27.151376724243164,129.25585034826378,1.181290886947031,16,4298.529283032752,340282346638528860000000000000000000000,1575420030,,,,1,,6,34.10702896118164,22.151376724243164,1.3096723705530164,1.5000000237487257,1.3096723705530164,1.5000000237487257,,1908115605924867,
Raw,1742897523000,112333000000,,,-1426932628667308958,0.0,12.699541948737119,997.0,1.0,29,23,0.0,21546,209540910161270,38,30.84362030029297,-152.0981086839763,0.7876009035852598,25,-6193.581044168753,0.004371278453618288,1575420030,,,,1,,6,34.10702896118164,25.84362030029297,1.3096723705530164,1.5000000237487257,1.3096723705530164,1.5000000237487257,,1908115605924867,
Raw,1742897523000,112333000000,,,-1426932628667308958,0.0,12.699541948737119,997.0,1.0,29,26,0.0,85026,209540906182420,81,21.577253341674805,-327.6762692331906,1.2043026692913346,16,-4865.043783697556,340282346638528860000000000000000000000,1575420030,,,,1,,6,34.10702896118164,16.577253341674805,1.3096723705530164,1.5000000237487257,1.3096723705530164,1.5000000237487257,,1908115605924867,
Raw,1742897523000,112333000000,,,-1426932628667308958,0.0,12.699541948737119,997.0,1.0,29,27,0.0,85026,209540918289766,45,28.91512107849121,572.9171645448337,0.8743463470888355,25,19125.85480675471,0.005457998253405094,1575420030,,,,1,,6,34.10702896118164,23.91512107849121,1.3096723705530164,1.5000000237487257,1.3096723705530164,1.5000000237487257,,1908115605924867,
Raw,1742897523000,112333000000,,,-1426932628667308958,0.0,12.699541948737119,997.0,1.0,29,34,0.0,16384,209540906331410,1000000000,25.0678768157959,807.5870110589053,299792458,16,993.0350880212673,340282346638528860000000000000000000000,1575420030,,,,0,,6,34.10702896118164,20.0678768157959,1.3096723705530164,1.5000000237487257,1.3096723705530164,1.5000000237487257,,1908115605924867,
Status,1742897522000,36,0,1,29,1575449980,25.64,31.0,81.0,0,1,1,20.64149
Status,1742897522000,36,1,3,10,1598062460,21.17,20.0,79.0,0,1,1,16.167498
Status,1742897522000,36,2,3,20,1603124990,34.45,160.0,74.0,1,1,1,29.447363
Status,1742897522000,36,3,6,21,1575449980,29.75,314.0,68.0,0,1,1,24.751259
Status,1742897522000,36,4,1,28,1575449980,32.74,251.0,61.0,1,1,1,27.742529
Status,1742897522000,36,5,5,37,1575449980,39.23,302.0,55.0,1,1,1,34.227253
Status,1742897522000,36,6,1,25,1575449980,34.99,102.0,52.0,1,1,1,29.994644
Status,1742897522000,36,7,6,27,1575449980,32.60,93.0,51.0,0,1,1,27.600332
Status,1742897522000,36,8,1,31,1575449980,39.70,294.0,48.0,1,1,1,34.70151
Status,1742897522000,36,9,6,13,1575449980,45.67,150.0,45.0,1,1,1,40.67097
Status,1742897522000,36,10,6,15,1575449980,27.31,68.0,45.0,0,1,1,22.313152
Status,1742897522000,36,11,5,28,1575449980,43.28,209.0,44.0,1,1,1,38.279762
Status,1742897522000,36,12,3,9,1600875010,43.79,123.0,43.0,1,1,1,38.790283
Status,1742897522000,36,13,5,11,1575449980,24.55,51.0,41.0,1,1,1,19.547085
Status,1742897522000,36,14,1,18,1575449980,40.83,175.0,31.0,1,1,1,35.829277
Status,1742897522000,36,15,3,19,1603687550,14.64,34.0,31.0,0,1,1,9.643865
Status,1742897522000,36,16,3,11,1602000000,26.08,319.0,30.0,1,1,1,21.080997
Status,1742897522000,36,17,1,26,1575449980,35.36,297.0,26.0,1,1,1,30.36268
Status,1742897522000,36,18,3,21,1604249980,22.60,202.0,24.0,0,1,1,17.601004
Status,1742897522000,36,19,5,8,1575449980,19.02,69.0,21.0,0,1,1,14.021482
Status,1742897522000,36,20,5,13,1575449980,20.97,83.0,20.0,0,1,1,15.969204
Status,1742897522000,36,21,6,23,1575449980,30.84,291.0,18.0,1,1,1,25.84362
Status,1742897522000,36,22,5,34,1575449980,16.77,48.0,17.0,0,1,1,11.773796
Status,1742897522000,36,23,5,25,1575449980,35.43,137.0,16.0,1,1,1,30.426775
Status,1742897522000,36,24,1,12,1575449980,26.89,104.0,16.0,1,1,1,21.893633
Status,1742897522000,36,25,6,4,1575449980,21.63,309.0,15.0,0,1,1,16.633478
Status,1742897522000,36,26,1,20,1575449980,20.28,60.0,14.0,0,1,1,15.282192
Status,1742897522000,36,27,1,11,1575449980,20.11,36.0,11.0,0,1,1,15.110689
Status,1742897522000,36,28,1,5,1575449980,20.30,95.0,9.0,0,1,1,15.299254
Status,1742897522000,36,29,6,18,1575449980,20.19,241.0,7.0,0,0,1,15.191993
Status,1742897522000,36,30,3,2,1599750020,24.43,348.0,7.0,0,1,1,19.43255
Status,1742897522000,36,31,6,34,1575449980,25.07,30.0,7.0,0,1,1,20.067877
Status,1742897522000,36,32,6,6,1575449980,24.26,332.0,6.0,0,1,1,19.258848
Status,1742897522000,36,33,6,26,1575449980,22.06,188.0,6.0,1,1,1,17.058575
Status,1742897522000,36,34,3,1,1602562560,23.62,302.0,6.0,0,1,1,18.616877
Status,1742897522000,36,35,5,23,1575449980,44.90,151.0,67.0,1,1,1,39.89729
Fix,GPS,45.0659522150,7.6463346477,321.529632510567,0.0,8.0,,1742897523000,0.15652764,,1908115715131906,4.223494,0,,,
Fix,FLP,45.0659519000,7.6463340000,307.1000061035156,0.07651481,8.0,,1742897523601,0.15652764,,1908115715131906,3.2801628,0,,,
Raw,1742897524000,113333000000,,,-1426932628667307961,0.0,12.63898703688363,997.0,1.0,29,5,0.0,16384,209541917692844,1000000000,17.3897647857666,-180.08275362169286,299792458,16,-6726.489299272562,340282346638528860000000000000000000000,1575420030,,,,1,,1,37.657470703125,12.389764785766602,-0.37834980195649376,1.0,-0.37834980195649376,1.0,,1908116609565751,
Raw,1742897524000,113333000000,,,-1426932628667307961,0.0,12.63898703688363,997.0,1.0,29,11,0.0,16384,209541917350992,1000000000,19.516111373901367,882.7759775693121,299792458,16,30363.179576758874,340282346638528860000000000000000000000,1575420030,,,,0,,1,37.657470703125,14.516111373901367,-0.20372681261465636,1.0,-0.20372681261465636,1.0,,1908116609565751,
Raw,1742897524000,113333000000,,,-1426932628667307961,0.0,12.63898703688363,997.0,1.0,29,12,0.0,16431,209541919539759,78,25.616609573364258,909.6165937301557,299.79596773611866,16,31309.765540434026,340282346638528860000000000000000000000,1575420030,,,,1,,1,37.657470703125,20.616609573364258,-0.6984919076624261,1.0,-0.6984919076624261,1.0,,1908116609565751,
Raw,1742897524000,113333000000,,,-1426932628667307961,0.0,12.63898703688363,997.0,1.0,29,18,0.0,16431,209541923483047,17,40.67707824707031,-344.17602950781793,0.15,25,-34072.77015234148,0.001494554802775383,1575420030,,,,0,,1,37.657470703125,35.67707824707031,-0.08731148845780326,1.0,-0.08731148845780326,1.0,,1908116609565751,
Raw,1742897524000,113333000000,,,-1426932628667307961,0.0,12.63898703688363,997.0,1.0,29,20,0.0,16384,209541919214082,1000000000,15.849552154541016,198.46204208495533,299792458,16,7017.205500682568,340282346638528860000000000000000000000,1575420030,,,,1,,1,37.657470703125,10.849552154541016,0.0,1.0,0.0,1.0,,1908116609565751,
Raw,1742897524000,113333000000,,,-1426932628667307961,0.0,12.63898703688363,997.0,1.0,29,25,0.0,16431,209541930212129,28,34.79676818847656,710.861817426126,0.610560981090777,25,25479.72745507077,0.002773007843643427,1575420030,,,,0,,1,37.657470703125,29.79676628112793,-1.8917489103726217,1.0,-1.8917489103726217,1.0,,1908116609565751,
Raw,1742897524000,113333000000,,,-1426932628667307961,0.0,12.63898703688363,997.0,1.0,29,26,0.0,16431,209541923632378,27,35.23573684692383,-272.5701686928825,0.5896374148814747,25,-10397.389220661786,0.002636347431689501,1575420030,,,,0,,1,37.657470703125,30.235736846923828,-0.8440110737314445,1.0,-0.8440110737314445,1.0,,1908116609565751,
Raw,1742897524000,113333000000,,,-1426932628667307961,0.0,12.63898703688363,997.0,1.0,29,28,0.0,16431,209541930261156,33,32.61985778808594,385.2959339008278,0.708462770885252,25,14507.234022376424,0.003562841098755598,1575420030,,,,0,,1,37.657470703125,27.61985969543457,-0.34924595383121304,1.0,-0.34924595383121304,1.0,,1908116609565751,
Raw,1742897524000,113333000000,,,-1426932628667307961,0.0,12.63898703688363,997.0,1.0,29,29,0.0,16431,209541932283776,82,21.366466522216797,386.5676866835199,1.214879014715665,16,14196.204031597508,340282346638528860000000000000000000000,1575420030,,,,1,,1,37.657470703125,16.366466522216797,-0.9604263668227204,1.0,-0.9604263668227204,1.0,,1908116609565751,
Raw,1742897524000,113333000000,,,-1426932628667307961,0.0,12.63898703688363,997.0,1.0,29,31,0.0,16431,209541928854517,19,39.57073974609375,66.0810562698243,0.15,25,2388.5712425711586,0.0016975740436464548,1575420030,,,,0,,1,37.657470703125,34.57073974609375,-0.2619344840127561,1.0,-0.2619344840127561,1.0,,1908116609565751,
Raw,1742897524000,113333000000,,,-1426932628667307961,0.0,12.63898703688363,997.0,1.0,29,10,0.0,32768,47523935833183,1000000000,16.228050231933594,215.75285617547706,299792458,16,8579.855575047699,340282346638528860000000000000000000000,1598062460,,,,1,,3,53.90400695800781,11.228050231933594,4.656612873077393,2.0000000474974513,4.656612873077393,2.0000000474974513,,1908116609565751,
Raw,1742897524000,113333000000,,,-1426932628667307961,0.0,12.63898703688363,997.0,1.0,29,2,0.0,32769,47523920376639,135,23.86911392211914,206.9470400485916,1.1037935050055667,16,7013.831992276662,340282346638528860000000000000000000000,1599750020,,,,0,,3,53.90400695800781,18.86911392211914,4.656612873077393,2.0000000474974513,4.656612873077393,2.0000000474974513,,1908116609565751,
Raw,1742897524000,113333000000,,,-1426932628667307961,0.0,12.63898703688363,997.0,1.0,29,9,0.0,32995,47523931615124,33,43.715946197509766,798.8001447778465,0.15,25,38006.90048505173,0.001036590663716197,1600875010,,,,0,,3,53.90400695800781,38.715946197509766,4.656612873077393,2.0000000474974513,4.656612873077393,2.0000000474974513,,1908116609565751,
Raw,1742897524000,113333000000,,,-1426932628667307961,0.0,12.63898703688363,997.0,1.0,29,11,0.0,32803,47523927720618,133,24.031478881835938,-355.25166907420953,1.0942156024823801,16,-15489.564700498664,340282346638528860000000000000000000000,1602000000,,,,0,,3,53.90400695800781,19.031478881835938,4.656612873077393,2.0000000474974513,4.656612873077393,2.0000000474974513,,1908116609565751,
Raw,1742897524000,113333000000,,,-1426932628667307961,0.0,12.63898703688363,997.0,1.0,29,1,0.0,32768,47523920005066,1000000000,20.99256134033203,743.6458005203303,299792458,16,29727.2507564287,340282346638528860000000000000000000000,1602562560,,,,0,,3,53.90400695800781,15.992560386657715,4.656612873077393,2.0000000474974513,4.656612873077393,2.0000000474974513,,1908116609565751,
Raw,1742897524000,113333000000,,,-1426932628667307961,0.0,12.63898703688363,997.0,1.0,29,20,0.0,32995,47523935809539,58,34.38013458251953,91.06406352188401,0.630303244031615,25,3473.9309744362254,0.0028589835856109858,1603124990,,,,0,,3,53.90400695800781,29.38013458251953,4.656612873077393,2.0000000474974513,4.656612873077393,2.0000000474974513,,1908116609565751,
Raw,1742897524000,113333000000,,,-1426932628667307961,0.0,12.63898703688363,997.0,1.0,29,19,0.0,32768,47523927961679,1000000000,14.37200927734375,974.3242505510157,299792458,16,33505.58052151418,340282346638528860000000000000000000000,1603687550,,,,1,,3,53.90400695800781,9.37200927734375,4.656612873077393,2.0000000474974513,4.656612873077393,2.0000000474974513,,1908116609565751,
Raw,1742897524000,113333000000,,,-1426932628667307961,0.0,12.63898703688363,997.0,1.0,29,21,0.0,32960,47523926037457,1000000000,20.449689865112305,-475.3770252941374,299792458,16,-32095.832939156513,340282346638528860000000000000000000000,1604249980,,,,1,,3,53.90400695800781,15.449689865112305,4.656612873077393,2.0000000474974513,4.656612873077393,2.0000000474974513,,1908116609565751,
Raw,1742897524000,113333000000,,,-1426932628667307961,0.0,12.63898703688363,997.0,1.0,29,8,0.0,16384,209527868015304,1000000000,17.25786590576172,-12.36414920184854,299792458,16,-462.11658976606,340282346638528860000000000000000000000,1561097980,,,,0,,5,50.23420715332031,12.257865905761719,9.342329576611519,2.500692349107121,9.342329576611519,1.5000000237487257,,1908116609565751,
Raw,1742897524000,113333000000,,,-1426932628667307961,0.0,12.63898703688363,997.0,1.0,29,11,0.0,81955,209527922856153,33,24.04342269897461,733.6409635729724,1.0928035769594078,16,25226.654900059635,340282346638528860000000000000000000000,1561097980,,,,1,,5,50.23420715332031,19.04342269897461,9.342329576611519,2.500692349107121,9.342329576611519,1.5000000237487257,,1908116609565751,
Raw,1742897524000,113333000000,,,-1426932628667307961,0.0,12.63898703688363,997.0,1.0,29,13,0.0,16384,209527867594236,1000000000,19.854537963867188,-46.83754747712706,299792458,16,-1649.037412472459,340282346638528860000000000000000000000,1561097980,,,,0,,5,50.23420715332031,14.854537963867188,9.342329576611519,2.500692349107121,9.342329576611519,1.5000000237487257,,1908116609565751,
Raw,1742897524000,113333000000,,,-1426932628667307961,0.0,12.63898703688363,997.0,1.0,29,23,0.0,81967,209527926356181,6,45.01911926269531,548.847486181751,0.15,25,280429.5679817866,0.0009149046964012086,1561097980,,,,0,,5,50.23420715332031,40.01911926269531,9.342329576611519,2.500692349107121,9.342329576611519,1.5000000237487257,,1908116609565751,
Raw,1742897524000,113333000000,,,-1426932628667307961,0.0,12.63898703688363,997.0,1.0,29,25,0.0,81967,209527916144289,14,34.288597106933594,904.886425919181,0.634479809436213,25,34300.8711914878,0.002967056119814515,1561097980,,,,0,,5,50.23420715332031,29.288597106933594,9.342329576611519,2.500692349107121,9.342329576611519,1.5000000237487257,,1908116609565751,
Raw,1742897524000,113333000000,,,-1426932628667307961,0.0,12.63898703688363,997.0,1.0,29,28,0.0,81967,209527923746349,9,39.89353561401367,-177.2439746942232,0.15,25,-15641.160422436062,0.0016506501706317067,1561097980,,,,0,,5,50.23420715332031,34.89353561401367,9.342329576611519,2.500692349107121,9.342329576611519,1.5000000237487257,,1908116609565751,
Raw,1742897524000,113333000000,,,-1426932628667307961,0.0,12.63898703688363,997.0,1.0,29,34,0.0,16384,209527916468529,1000000000,18.805145263671875,879.8223237221323,299792458,16,30278.137486282718,340282346638528860000000000000000000000,1561097980,,,,0,,5,50.23420715332031,13.805145263671875,9.342329576611519,2.500692349107121,9.342329576611519,1.5000000237487257,,1908116609565751,
Raw,1742897524000,113333000000,,,-1426932628667307961,0.0,12.63898703688363,997.0,1.0,29,37,0.0,81967,209527924407545,10,38.36067199707031,-26.90462514434701,0.15,25,-1105.0327334846295,0.0019692385103553534,1561097980,,,,0,,5,50.23420715332031,33.36067199707031,9.342329576611519,2.500692349107121,9.342329576611519,1.5000000237487257,,1908116609565751,
Raw,1742897524000,113333000000,,,-1426932628667307961,0.0,12.63898703688363,997.0,1.0,29,4,0.0,85026,209541909013863,80,21.68645477294922,317.83724343681615,1.1991817801987823,16,10873.642828259259,340282346638528860000000000000000000000,1575420030,,,,1,,6,37.657470703125,16.68645477294922,1.3096723705530164,1.5000000237487257,1.3096723705530164,1.5000000237487257,,1908116609565751,
Raw,1742897524000,113333000000,,,-1426932628667307961,0.0,12.63898703688363,997.0,1.0,29,6,0.0,16384,209541905946810,1000000000,22.158157348632812,106.0073972957124,299792458,16,3.282028046009776,340282346638528860000000000000000000000,1575420030,,,,0,,6,37.657470703125,17.158157348632812,1.3096723705530164,1.5000000237487257,1.3096723705530164,1.5000000237487257,,1908116609565751,
Raw,1742897524000,113333000000,,,-1426932628667307961,0.0,12.63898703688363,997.0,1.0,29,13,0.0,85026,209541917691844,11,45.655006408691406,-140.18625604679755,0.15,25,-5764.086449916738,0.0008425881387665868,1575420030,,,,0,,6,37.657470703125,40.655006408691406,1.3096723705530164,1.5000000237487257,1.3096723705530164,1.5000000237487257,,1908116609565751,
Raw,1742897524000,113333000000,,,-1426932628667307961,0.0,12.63898703688363,997.0,1.0,29,15,0.0,85026,209541917554664,54,26.579727172851562,404.8321343095288,0.9792343082302097,29,9879.379948620706,0.0071417237631976604,1575420030,,,,1,,6,37.657470703125,21.579727172851562,1.3096723705530164,1.5000000237487257,1.3096723705530164,1.5000000237487257,,1908116609565751,
Raw,1742897524000,113333000000,,,-1426932628667307961,0.0,12.63898703688363,997.0,1.0,29,18,0.0,16384,209541898102689,1000000000,13.210406303405762,-150.006962522791,299792458,16,-186.13810278354265,340282346638528860000000000000000000000,1575420030,,,,0,,6,37.657470703125,8.210406303405762,1.3096723705530164,1.5000000237487257,1.3096723705530164,1.5000000237487257,,1908116609565751,
Raw,1742897524000,113333000000,,,-1426932628667307961,0.0,12.63898703688363,997.0,1.0,29,21,0.0,85026,209541920972387,52,26.882173538208008,129.77570153699207,0.9648092413434197,29,4428.2462180137145,0.006897326093167067,1575420030,,,,1,,6,37.657470703125,21.882173538208008,1.3096723705530164,1.5000000237487257,1.3096723705530164,1.5000000237487257,,1908116609565751,
Raw,1742897524000,113333000000,,,-1426932628667307961,0.0,12.63898703688363,997.0,1.0,29,23,0.0,21546,209541910161785,41,29.797252655029297,-152.03645352012654,0.8346548634780007,25,-6345.646016191489,0.004930906929075718,1575420030,,,,0,,6,37.657470703125,24.797252655029297,1.3096723705530164,1.5000000237487257,1.3096723705530164,1.5000000237487257,,1908116609565751,
Raw,1742897524000,113333000000,,,-1426932628667307961,0.0,12.63898703688363,997.0,1.0,29,26,0.0,85026,209541906183521,79,21.838462829589844,-327.67419020334273,1.1925566033083737,16,-5192.714043220124,340282346638528860000000000000000000000,1575420030,,,,1,,6,37.657470703125,16.838462829589844,1.3096723705530164,1.5000000237487257,1.3096723705530164,1.5000000237487257,,1908116609565751,
Raw,1742897524000,113333000000,,,-1426932628667307961,0.0,12.63898703688363,997.0,1.0,29,27,0.0,85026,209541918287854,47,28.1522216796875,573.1509020316671,0.9198703242067321,16,19698.90567322237,340282346638528860000000000000000000000,1575420030,,,,0,,6,37.657470703125,23.1522216796875,1.3096723705530164,1.5000000237487257,1.3096723705530164,1.5000000237487257,,1908116609565751,
Raw,1742897524000,113333000000,,,-1426932628667307961,0.0,12.63898703688363,997.0,1.0,29,34,0.0,16384,209541906328718,1000000000,21.541879653930664,807.5870110589053,299792458,16,993.0035108179688,340282346638528860000000000000000000000,1575420030,,,,0,,6,37.657470703125,16.541879653930664,1.3096723705530164,1.5000000237487257,1.3096723705530164,1.5000000237487257,,1908116609565751,
Status,1742897523000,36,0,1,29,1575449980,25.21,31.0,81.0,0,1,1,20.21399
Status,1742897523000,36,1,3,10,1598062460,20.67,20.0,79.0,0,1,1,15.6735525
Status,1742897523000,36,2,3,20,1603124990,34.44,160.0,74.0,1,1,1,29.44064
Status,1742897523000,36,3,6,21,1575449980,29.46,314.0,68.0,0,1,1,24.46435
Status,1742897523000,36,4,5,23,1575449980,45.02,150.0,67.0,1,1,1,40.01912
Status,1742897523000,36,5,1,28,1575449980,32.73,251.0,61.0,1,1,1,27.730263
Status,1742897523000,36,6,5,37,1575449980,39.14,302.0,55.0,1,1,1,34.140594
Status,1742897523000,36,7,1,25,1575449980,34.97,102.0,52.0,1,1,1,29.974857
Status,1742897523000,36,8,6,27,1575449980,32.16,93.0,51.0,0,1,1,27.155521
Status,1742897523000,36,9,1,31,1575449980,39.69,294.0,48.0,1,1,1,34.688435
Status,1742897523000,36,10,6,15,1575449980,27.24,68.0,45.0,0,1,1,22.239809
Status,1742897523000,36,11,6,13,1575449980,45.67,150.0,45.0,1,1,1,40.669373
Status,1742897523000,36,12,5,28,1575449980,42.94,209.0,44.0,1,1,1,37.94114
Status,1742897523000,36,13,3,9,1600875010,43.78,123.0,43.0,1,1,1,38.78285
Status,1742897523000,36,14,5,11,1575449980,24.50,51.0,41.0,1,1,1,19.49672
Status,1742897523000,36,15,3,19,1603687550,14.62,34.0,31.0,0,1,1,9.616679
Status,1742897523000,36,16,1,18,1575449980,40.81,175.0,31.0,1,1,1,35.814056
Status,1742897523000,36,17,3,11,1602000000,25.88,319.0,30.0,1,1,1,20.876045
Status,1742897523000,36,18,1,26,1575449980,35.35,297.0,26.0,1,1,1,30.349987
Status,1742897523000,36,19,3,21,1604249980,22.39,202.0,24.0,0,1,1,17.385872
Status,1742897523000,36,20,5,8,1575449980,18.85,69.0,21.0,0,1,1,13.84512
Status,1742897523000,36,21,5,13,1575449980,20.86,83.0,20.0,0,1,1,15.857738
Status,1742897523000,36,22,6,23,1575449980,30.74,291.0,18.0,1,1,1,25.738983
Status,1742897523000,36,23,5,34,1575449980,18.81,48.0,17.0,0,1,1,13.805145
Status,1742897523000,36,24,5,25,1575449980,35.31,137.0,16.0,1,1,1,30.312958
Status,1742897523000,36,25,1,12,1575449980,26.77,104.0,16.0,0,1,1,21.76593
Status,1742897523000,36,26,6,4,1575449980,21.69,309.0,15.0,0,1,1,16.686455
Status,1742897523000,36,27,1,20,1575449980,19.84,60.0,14.0,0,1,1,14.838928
Status,1742897523000,36,28,1,11,1575449980,20.05,36.0,11.0,0,1,1,15.051231
Status,1742897523000,36,29,1,5,1575449980,20.01,95.0,9.0,0,1,1,15.008306
Status,1742897523000,36,30,6,18,1575449980,19.49,241.0,7.0,0,0,1,14.4938345
Status,1742897523000,36,31,6,34,1575449980,24.72,30.0,7.0,0,1,1,19.715277
Status,1742897523000,36,32,3,2,1599750020,24.38,348.0,7.0,0,1,1,19.376207
Status,1742897523000,36,33,3,1,1602562560,23.35,302.0,6.0,0,1,1,18.354445
Status,1742897523000,36,34,6,26,1575449980,22.04,188.0,6.0,1,1,1,17.036564
Status,1742897523000,36,35,6,6,1575449980,24.05,332.0,6.0,0,1,1,19.048779
Fix,GPS,45.0659522150,7.6463346477,321.6220424204242,0.0,8.0,,1742897524000,0.15475446,,1908116717734136,4.172715,0,,,
Fix,FLP,45.0659519000,7.6463341000,307.1000061035156,0.06386227,8.0,,1742897524602,0.15475446,,1908116717734136,3.290189,0,,,
Fix,NLP,45.0660798000,7.6464971000,307.1000061035156,,20.486,,1742897522108,,,1908114222000000,2.5264795,0,,,
Status,1742897524000,36,0,1,29,1575449980,25.17,31.0,81.0,0,1,1,20.167114
Status,1742897524000,36,1,3,10,1598062460,20.14,20.0,79.0,0,1,1,15.142981
Status,1742897524000,36,2,3,20,1603124990,34.76,160.0,74.0,1,1,1,29.75619
Status,1742897524000,36,3,6,21,1575449980,29.28,314.0,68.0,0,1,1,24.281952
Status,1742897524000,36,4,5,23,1575449980,45.91,150.0,67.0,1,1,1,40.91407
Status,1742897524000,36,5,1,28,1575449980,32.69,251.0,61.0,1,1,1,27.68589
Status,1742897524000,36,6,5,37,1575449980,39.13,302.0,55.0,0,1,1,34.132557
Status,1742897524000,36,7,1,25,1575449980,35.34,102.0,52.0,1,1,1,30.336077
Status,1742897524000,36,8,6,27,1575449980,31.80,93.0,51.0,0,1,1,26.803137
Status,1742897524000,36,9,1,31,1575449980,40.13,294.0,48.0,1,1,1,35.126247
Status,1742897524000,36,10,6,15,1575449980,27.20,68.0,45.0,0,1,1,22.19821
Status,1742897524000,36,11,6,13,1575449980,46.04,150.0,45.0,1,1,1,41.036392
Status,1742897524000,36,12,5,28,1575449980,42.68,209.0,44.0,1,1,1,37.68133
Status,1742897524000,36,13,3,9,1600875010,44.77,123.0,43.0,1,1,1,39.77426
Status,1742897524000,36,14,5,11,1575449980,25.73,51.0,41.0,1,1,1,20.725674
Status,1742897524000,36,15,3,19,1603687550,14.51,34.0,31.0,0,1,1,9.506194
Status,1742897524000,36,16,1,18,1575449980,41.60,175.0,31.0,1,1,1,36.597
Status,1742897524000,36,17,3,11,1602000000,25.83,319.0,30.0,1,1,1,20.831509
Status,1742897524000,36,18,1,26,1575449980,35.49,297.0,26.0,1,1,1,30.494843
Status,1742897524000,36,19,3,21,1604249980,22.09,202.0,24.0,0,1,1,17.093014
Status,1742897524000,36,20,5,8,1575449980,18.75,69.0,21.0,0,1,1,13.751319
Status,1742897524000,36,21,5,13,1575449980,20.79,83.0,20.0,0,1,1,15.785895
Status,1742897524000,36,22,6,23,1575449980,30.69,291.0,18.0,1,1,1,25.693022
Status,1742897524000,36,23,5,34,1575449980,18.45,48.0,17.0,0,1,1,13.452027
Status,1742897524000,36,24,5,25,1575449980,35.19,137.0,16.0,1,1,1,30.189123
Status,1742897524000,36,25,1,12,1575449980,27.49,104.0,16.0,1,1,1,22.485817
Status,1742897524000,36,26,6,4,1575449980,23.46,309.0,15.0,1,1,1,18.45702
Status,1742897524000,36,27,1,20,1575449980,19.41,60.0,14.0,0,1,1,14.4057045
Status,1742897524000,36,28,1,11,1575449980,20.02,36.0,11.0,0,1,1,15.015924
Status,1742897524000,36,29,1,5,1575449980,19.72,95.0,9.0,0,1,1,14.719273
Status,1742897524000,36,30,6,18,1575449980,19.07,241.0,7.0,0,0,1,14.06865
Status,1742897524000,36,31,6,34,1575449980,25.08,30.0,7.0,0,1,1,20.08037
Status,1742897524000,36,32,3,2,1599750020,24.35,348.0,7.0,0,1,1,19.354778
Status,1742897524000,36,33,3,1,1602562560,23.16,302.0,6.0,0,1,1,18.15564
Status,1742897524000,36,34,6,26,1575449980,23.59,188.0,6.0,1,1,1,18.58929
Status,1742897524000,36,35,6,6,1575449980,25.43,332.0,6.0,0,1,1,20.427864
Raw,1742897525000,114333000000,,,-1426932628667306964,0.0,12.447841783032514,997.0,1.0,29,5,0.0,16384,209542917693555,1000000000,17.11797332763672,-180.08275362169286,299792458,16,-6906.3224123672635,340282346638528860000000000000000000000,1575420030,,,,1,,1,37.42583465576172,12.117973327636719,-0.37834980195649376,1.0,-0.37834980195649376,1.0,,1908117616282020,
Raw,1742897525000,114333000000,,,-1426932628667306964,0.0,12.447841783032514,997.0,1.0,29,11,0.0,16384,209542917348052,1000000000,19.698165893554688,882.9616587924484,299792458,16,31245.738654576715,340282346638528860000000000000000000000,1575420030,,,,0,,1,37.42583465576172,14.698165893554688,-0.20372681261465636,1.0,-0.20372681261465636,1.0,,1908117616282020,
Raw,1742897525000,114333000000,,,-1426932628667306964,0.0,12.447841783032514,997.0,1.0,29,12,0.0,16431,209542919536719,50,27.485816955566406,909.9512834532097,0.9410034442698114,21,32219.71630591343,0.10158109680105722,1575420030,,,,1,,1,37.42583465576172,22.485816955566406,-0.6984919076624261,1.0,-0.6984919076624261,1.0,,1908117616282020,
Raw,1742897525000,114333000000,,,-1426932628667306964,0.0,12.447841783032514,997.0,1.0,29,18,0.0,16431,209542923484193,16,41.59700012207031,-343.88138667117823,0.15,25,-34416.80853984212,0.0013443605275824666,1575420030,,,,0,,1,37.42583465576172,36.59700012207031,-0.08731148845780326,1.0,-0.08731148845780326,1.0,,1908117616282020,
Raw,1742897525000,114333000000,,,-1426932628667306964,0.0,12.447841783032514,997.0,1.0,29,20,0.0,16384,209542919213420,1000000000,15.506689071655273,198.46204208495533,299792458,16,7215.108605519199,340282346638528860000000000000000000000,1575420030,,,,0,,1,37.42583465576172,10.506689071655273,0.0,1.0,0.0,1.0,,1908117616282020,
Raw,1742897525000,114333000000,,,-1426932628667306964,0.0,12.447841783032514,997.0,1.0,29,25,0.0,16431,209542930209738,26,35.33607482910156,711.1641288154833,0.5863083177463921,25,26190.712855023743,0.002606067107990384,1575420030,,,,0,,1,37.42583465576172,30.336076736450195,-1.8917489103726217,1.0,-1.8917489103726217,1.0,,1908117616282020,
Raw,1742897525000,114333000000,,,-1426932628667306964,0.0,12.447841783032514,997.0,1.0,29,26,0.0,16431,209542923633296,26,35.494842529296875,-272.2905391783411,0.5779858744615263,25,-10669.86377737361,0.002558864885941148,1575420030,,,,0,,1,37.42583465576172,30.494842529296875,-0.8440110737314445,1.0,-0.8440110737314445,1.0,,1908117616282020,
Raw,1742897525000,114333000000,,,-1426932628667306964,0.0,12.447841783032514,997.0,1.0,29,28,0.0,16431,209542930259892,34,32.286537170410156,385.59296250942407,0.7234517959198179,25,14892.70665147183,0.0037022235337644815,1575420030,,,,0,,1,37.42583465576172,27.286537170410156,-0.34924595383121304,1.0,-0.34924595383121304,1.0,,1908117616282020,
Raw,1742897525000,114333000000,,,-1426932628667306964,0.0,12.447841783032514,997.0,1.0,29,29,0.0,16431,209542932282502,63,24.74524688720703,386.6837374479801,1.0629388244312952,16,14584.264111130109,340282346638528860000000000000000000000,1575420030,,,,1,,1,37.42583465576172,19.74524688720703,-0.9604263668227204,1.0,-0.9604263668227204,1.0,,1908117616282020,
Raw,1742897525000,114333000000,,,-1426932628667306964,0.0,12.447841783032514,997.0,1.0,29,31,0.0,16431,209542928854301,18,40.12624740600586,66.33315994041646,0.15,25,2454.753492192931,0.00159240432549268,1575420030,,,,0,,1,37.42583465576172,35.12624740600586,-0.2619344840127561,1.0,-0.2619344840127561,1.0,,1908117616282020,
Raw,1742897525000,114333000000,,,-1426932628667306964,0.0,12.447841783032514,997.0,1.0,29,10,0.0,32768,47524935832464,1000000000,15.367834091186523,215.84429940632776,299792458,16,8795.548568002547,340282346638528860000000000000000000000,1598062460,,,,0,,3,53.54454040527344,10.367834091186523,4.656612873077393,2.0000000474974513,4.656612873077393,2.0000000474974513,,1908117616282020,
Raw,1742897525000,114333000000,,,-1426932628667306964,0.0,12.447841783032514,997.0,1.0,29,2,0.0,32768,47524920375783,1000000000,24.161911010742188,206.87468299339366,299792458,16,7220.340500007231,340282346638528860000000000000000000000,1599750020,,,,0,,3,53.54454040527344,19.161911010742188,4.656612873077393,2.0000000474974513,4.656612873077393,2.0000000474974513,,1908117616282020,
Raw,1742897525000,114333000000,,,-1426932628667306964,0.0,12.447841783032514,997.0,1.0,29,9,0.0,32995,47524931612445,33,44.774261474609375,799.1073640409431,0.15,25,38805.86297741327,0.0009176807943731546,1600875010,,,,0,,3,53.54454040527344,39.774261474609375,4.656612873077393,2.0000000474974513,4.656612873077393,2.0000000474974513,,1908117616282020,
Raw,1742897525000,114333000000,,,-1426932628667306964,0.0,12.447841783032514,997.0,1.0,29,11,0.0,32803,47524927721811,119,25.430683135986328,-355.12034936922714,1.0312952605688026,16,-15845.114584693047,340282346638528860000000000000000000000,1602000000,,,,0,,3,53.54454040527344,20.430683135986328,4.656612873077393,2.0000000474974513,4.656612873077393,2.0000000474974513,,1908117616282020,
Raw,1742897525000,114333000000,,,-1426932628667306964,0.0,12.447841783032514,997.0,1.0,29,1,0.0,32768,47524920002625,1000000000,21.36638641357422,743.7084440754193,299792458,16,30470.324146405997,340282346638528860000000000000000000000,1602562560,,,,0,,3,53.54454040527344,16.36638641357422,4.656612873077393,2.0000000474974513,4.656612873077393,2.0000000474974513,,1908117616282020,
Raw,1742897525000,114333000000,,,-1426932628667306964,0.0,12.447841783032514,997.0,1.0,29,20,0.0,32995,47524935809241,56,34.756187438964844,91.38400406187776,0.6133924876740862,25,3565.2088796543176,0.002737846225500107,1603124990,,,,0,,3,53.54454040527344,29.756189346313477,4.656612873077393,2.0000000474974513,4.656612873077393,2.0000000474974513,,1908117616282020,
Raw,1742897525000,114333000000,,,-1426932628667306964,0.0,12.447841783032514,997.0,1.0,29,19,0.0,32768,47524927958826,1000000000,13.511825561523438,974.4153188748446,299792458,16,34480.329399604205,340282346638528860000000000000000000000,1603687550,,,,1,,3,53.54454040527344,8.511825561523438,4.656612873077393,2.0000000474974513,4.656612873077393,2.0000000474974513,,1908117616282020,
Raw,1742897525000,114333000000,,,-1426932628667306964,0.0,12.447841783032514,997.0,1.0,29,21,0.0,32960,47524926038972,1000000000,19.457286834716797,-475.285991052765,299792458,16,-32571.69669961724,340282346638528860000000000000000000000,1604249980,,,,0,,3,53.54454040527344,14.457287788391113,4.656612873077393,2.0000000474974513,4.656612873077393,2.0000000474974513,,1908117616282020,
Raw,1742897525000,114333000000,,,-1426932628667306964,0.0,12.447841783032514,997.0,1.0,29,8,0.0,16384,209528868015295,1000000000,17.907102584838867,-12.36414920184854,299792458,16,-474.3587588232145,340282346638528860000000000000000000000,1561097980,,,,0,,5,49.77452850341797,12.907102584838867,9.342329576611519,2.500692349107121,9.342329576611519,1.5000000237487257,,1908117616282020,
Raw,1742897525000,114333000000,,,-1426932628667306964,0.0,12.447841783032514,997.0,1.0,29,11,0.0,81955,209528922853706,29,25.72567367553711,733.7621607883675,1.0171542363421353,16,25960.69395205887,340282346638528860000000000000000000000,1561097980,,,,0,,5,49.77452850341797,20.72567367553711,9.342329576611519,2.500692349107121,9.342329576611519,1.5000000237487257,,1908117616282020,
Raw,1742897525000,114333000000,,,-1426932628667306964,0.0,12.447841783032514,997.0,1.0,29,13,0.0,16384,209528867594425,1000000000,20.139314651489258,-46.83754747712706,299792458,16,-1695.5110057327347,340282346638528860000000000000000000000,1561097980,,,,0,,5,49.77452850341797,15.139314651489258,9.342329576611519,2.500692349107121,9.342329576611519,1.5000000237487257,,1908117616282020,
Raw,1742897525000,114333000000,,,-1426932628667306964,0.0,12.447841783032514,997.0,1.0,29,23,0.0,81967,209528926354351,6,45.91407012939453,549.1215091321944,0.15,25,280978.5459823995,0.0008253316627815366,1561097980,,,,0,,5,49.77452850341797,40.91407012939453,9.342329576611519,2.500692349107121,9.342329576611519,1.5000000237487257,,1908117616282020,
Raw,1742897525000,114333000000,,,-1426932628667306964,0.0,12.447841783032514,997.0,1.0,29,25,0.0,81967,209528916141286,14,34.074607849121094,905.1566997994069,0.6441021123470962,25,35205.93265990938,0.003041061805561185,1561097980,,,,0,,5,49.77452850341797,29.074607849121094,9.342329576611519,2.500692349107121,9.342329576611519,1.5000000237487257,,1908117616282020,
Raw,1742897525000,114333000000,,,-1426932628667306964,0.0,12.447841783032514,997.0,1.0,29,28,0.0,81967,209528923746937,8,40.343055725097656,-176.9597099655947,0.15,25,-15818.265637991844,0.0015673973830416799,1561097980,,,,0,,5,49.77452850341797,35.343055725097656,9.342329576611519,2.500692349107121,9.342329576611519,1.5000000237487257,,1908117616282020,
Raw,1742897525000,114333000000,,,-1426932628667306964,0.0,12.447841783032514,997.0,1.0,29,34,0.0,16384,209528916465590,1000000000,15.273967742919922,879.8223237221323,299792458,16,31157.551024999495,340282346638528860000000000000000000000,1561097980,,,,0,,5,49.77452850341797,10.273967742919922,9.342329576611519,2.500692349107121,9.342329576611519,1.5000000237487257,,1908117616282020,
Raw,1742897525000,114333000000,,,-1426932628667306964,0.0,12.447841783032514,997.0,1.0,29,37,0.0,81967,209528924407629,9,39.06023406982422,-26.600671406615987,0.15,25,-1131.8264449049761,0.0018168543465435505,1561097980,,,,0,,5,49.77452850341797,34.06023406982422,9.342329576611519,2.500692349107121,9.342329576611519,1.5000000237487257,,1908117616282020,
Raw,1742897525000,114333000000,,,-1426932628667306964,0.0,12.447841783032514,997.0,1.0,29,4,0.0,85026,209542909012887,69,23.457019805908203,318.0366598899311,1.119561433992815,16,11191.684292083863,340282346638528860000000000000000000000,1575420030,,,,1,,6,37.42583465576172,18.457019805908203,1.3096723705530164,1.5000000237487257,1.3096723705530164,1.5000000237487257,,1908117616282020,
Raw,1742897525000,114333000000,,,-1426932628667306964,0.0,12.447841783032514,997.0,1.0,29,6,0.0,16384,209542905946459,1000000000,25.42786407470703,106.0073972957124,299792458,16,3.284515022954065,340282346638528860000000000000000000000,1575420030,,,,0,,6,37.42583465576172,20.42786407470703,1.3096723705530164,1.5000000237487257,1.3096723705530164,1.5000000237487257,,1908117616282020,
Raw,1742897525000,114333000000,,,-1426932628667306964,0.0,12.447841783032514,997.0,1.0,29,13,0.0,85026,209542917692312,11,46.03639221191406,-139.93049277243625,0.15,25,-5904.14632181389,0.0008063918794505298,1575420030,,,,0,,6,37.42583465576172,41.03639221191406,1.3096723705530164,1.5000000237487257,1.3096723705530164,1.5000000237487257,,1908117616282020,
Raw,1742897525000,114333000000,,,-1426932628667306964,0.0,12.447841783032514,997.0,1.0,29,15,0.0,85026,209542917553305,53,26.823822021484375,405.1845128275181,0.9682572942398426,16,10284.367024014187,340282346638528860000000000000000000000,1575420030,,,,1,,6,37.42583465576172,21.823822021484375,1.3096723705530164,1.5000000237487257,1.3096723705530164,1.5000000237487257,,1908117616282020,
Raw,1742897525000,114333000000,,,-1426932628667306964,0.0,12.447841783032514,997.0,1.0,29,18,0.0,16384,209542898103189,1000000000,15.241994857788086,-150.006962522791,299792458,16,-186.141622008382,340282346638528860000000000000000000000,1575420030,,,,0,,6,37.42583465576172,10.241994857788086,1.3096723705530164,1.5000000237487257,1.3096723705530164,1.5000000237487257,,1908117616282020,
Raw,1742897525000,114333000000,,,-1426932628667306964,0.0,12.447841783032514,997.0,1.0,29,21,0.0,85026,209542920971976,49,27.640363693237305,130.08935386375737,1.260211078313727,16,4558.187298832937,340282346638528860000000000000000000000,1575420030,,,,1,,6,37.42583465576172,22.640363693237305,1.3096723705530164,1.5000000237487257,1.3096723705530164,1.5000000237487257,,1908117616282020,
Raw,1742897525000,114333000000,,,-1426932628667306964,0.0,12.447841783032514,997.0,1.0,29,23,0.0,21546,209542910162290,40,30.279361724853516,-151.7803749830424,0.8129750261973006,25,-6497.544021348929,0.004664674401283264,1575420030,,,,0,,6,37.42583465576172,25.279361724853516,1.3096723705530164,1.5000000237487257,1.3096723705530164,1.5000000237487257,,1908117616282020,
Raw,1742897525000,114333000000,,,-1426932628667306964,0.0,12.447841783032514,997.0,1.0,29,26,0.0,85026,209542906184633,69,23.589290618896484,-327.6692141646904,1.1138240651544469,16,-5520.126824658268,340282346638528860000000000000000000000,1575420030,,,,1,,6,37.42583465576172,18.589290618896484,1.3096723705530164,1.5000000237487257,1.3096723705530164,1.5000000237487257,,1908117616282020,
Raw,1742897525000,114333000000,,,-1426932628667306964,0.0,12.447841783032514,997.0,1.0,29,27,0.0,85026,209542918285940,46,28.631683349609375,573.4686186913727,0.8870915882132171,29,20272.187996374472,0.005639042239636183,1575420030,,,,0,,6,37.42583465576172,23.631683349609375,1.3096723705530164,1.5000000237487257,1.3096723705530164,1.5000000237487257,,1908117616282020,
Raw,1742897525000,114333000000,,,-1426932628667306964,0.0,12.447841783032514,997.0,1.0,29,34,0.0,16384,209542906326026,1000000000,25.08036994934082,807.5870110589053,299792458,16,993.0224571399573,340282346638528860000000000000000000000,1575420030,,,,0,,6,37.42583465576172,20.08036994934082,1.3096723705530164,1.5000000237487257,1.3096723705530164,1.5000000237487257,,1908117616282020,
Fix,GPS,45.0659522150,7.6463346477,321.8533719058669,0.0,8.0,,1742897525000,0.16833936,,1908117720488289,4.1213045,0,,,
Fix,FLP,45.0659520000,7.6463342000,307.1000061035156,0.05327998,8.0,,1742897525605,0.16833936,,1908117720488289,2.5614643,0,,,
Status,1742897525000,36,0,1,29,1575449980,26.61,31.0,81.0,0,1,1,21.606768
Status,1742897525000,36,1,3,10,1598062460,19.65,20.0,79.0,0,1,1,14.647083
Status,1742897525000,36,2,3,20,1603124990,35.07,160.0,74.0,1,1,1,30.072777
Status,1742897525000,36,3,6,21,1575449980,29.15,314.0,68.0,0,1,1,24.147997
Status,1742897525000,36,4,5,23,1575449980,45.87,150.0,67.0,1,1,1,40.868725
Status,1742897525000,36,5,1,28,1575449980,32.66,251.0,61.0,1,1,1,27.660456
Status,1742897525000,36,6,5,37,1575449980,39.12,302.0,55.0,1,1,1,34.119793
Status,1742897525000,36,7,1,25,1575449980,36.60,102.0,52.0,1,1,1,31.604725
Status,1742897525000,36,8,6,27,1575449980,31.50,93.0,51.0,0,1,1,26.497885
Status,1742897525000,36,9,1,31,1575449980,40.10,294.0,48.0,1,1,1,35.10219
Status,1742897525000,36,10,6,15,1575449980,27.10,68.0,45.0,0,1,1,22.10255
Status,1742897525000,36,11,6,13,1575449980,46.01,150.0,45.0,1,1,1,41.00656
Status,1742897525000,36,12,5,28,1575449980,42.49,209.0,44.0,1,1,1,37.48833
Status,1742897525000,36,13,3,9,1600875010,44.76,123.0,43.0,1,1,1,39.759323
Status,1742897525000,36,14,5,11,1575449980,25.68,51.0,41.0,1,1,1,20.676102
Status,1742897525000,36,15,3,19,1603687550,14.32,34.0,31.0,0,1,1,9.320737
Status,1742897525000,36,16,1,18,1575449980,41.97,175.0,31.0,1,1,1,36.973442
Status,1742897525000,36,17,3,11,1602000000,26.31,319.0,30.0,1,1,1,21.30524
Status,1742897525000,36,18,1,26,1575449980,36.05,297.0,26.0,1,1,1,31.049192
Status,1742897525000,36,19,3,21,1604249980,24.04,202.0,24.0,0,1,1,19.039536
Status,1742897525000,36,20,5,8,1575449980,19.98,69.0,21.0,0,1,1,14.984007
Status,1742897525000,36,21,5,13,1575449980,20.75,83.0,20.0,0,1,1,15.753457
Status,1742897525000,36,22,6,23,1575449980,30.73,291.0,18.0,1,1,1,25.731491
Status,1742897525000,36,23,5,34,1575449980,18.04,48.0,17.0,0,1,1,13.039349
Status,1742897525000,36,24,5,25,1575449980,34.97,137.0,16.0,1,1,1,29.97398
Status,1742897525000,36,25,1,12,1575449980,28.82,104.0,16.0,0,1,1,23.816895
Status,1742897525000,36,26,6,4,1575449980,23.78,309.0,15.0,1,1,1,18.782017
Status,1742897525000,36,27,1,20,1575449980,18.93,60.0,14.0,0,1,1,13.929781
Status,1742897525000,36,28,1,11,1575449980,19.99,36.0,11.0,0,1,1,14.9947605
Status,1742897525000,36,29,1,5,1575449980,19.49,95.0,9.0,0,1,1,14.491952
Status,1742897525000,36,30,6,18,1575449980,20.24,241.0,7.0,0,0,1,15.237038
Status,1742897525000,36,31,6,34,1575449980,24.75,30.0,7.0,0,1,1,19.748497
Status,1742897525000,36,32,3,2,1599750020,24.26,348.0,7.0,0,1,1,19.257286
Status,1742897525000,36,33,3,1,1602562560,23.99,302.0,6.0,0,1,1,18.992634
Status,1742897525000,36,34,6,26,1575449980,23.47,188.0,6.0,1,1,1,18.468704
Status,1742897525000,36,35,6,6,1575449980,25.15,332.0,6.0,0,1,1,20.148327
Raw,1742897526000,115333000000,,,-1426932628667305964,0.0,12.256553379001685,998.0,1.0,29,5,0.0,16384,209543917693964,1000000000,17.446067810058594,-180.08275362169286,299792458,16,-7086.09909245212,340282346638528860000000000000000000000,1575420030,,,,1,,1,38.62957763671875,12.446067810058594,-0.37834980195649376,1.0,-0.37834980195649376,1.0,,1908118603012750,
Raw,1742897526000,115333000000,,,-1426932628667305964,0.0,12.256553379001685,998.0,1.0,29,11,0.0,16384,209543917345098,1000000000,19.804285049438477,882.9616587924484,299792458,16,32128.666053084875,340282346638528860000000000000000000000,1575420030,,,,0,,1,38.62957763671875,14.804285049438477,-0.20372681261465636,1.0,-0.20372681261465636,1.0,,1908118603012750,
Raw,1742897526000,115333000000,,,-1426932628667305964,0.0,12.256553379001685,998.0,1.0,29,12,0.0,16431,209543919533629,45,28.81689453125,910.1670254029991,0.8811457305978383,17,33129.85609854655,0.10066690776784694,1575420030,,,,1,,1,38.62957763671875,23.81689453125,-0.6984919076624261,1.0,-0.6984919076624261,1.0,,1908118603012750,
Raw,1742897526000,115333000000,,,-1426932628667305964,0.0,12.256553379001685,998.0,1.0,29,18,0.0,16431,209543923485346,15,41.97344207763672,-343.78217264024033,0.15,25,-34760.63827234048,0.001287340885028243,1575420030,,,,0,,1,38.62957763671875,36.97344207763672,-0.08731148845780326,1.0,-0.08731148845780326,1.0,,1908118603012750,
Raw,1742897526000,115333000000,,,-1426932628667305964,0.0,12.256553379001685,998.0,1.0,29,20,0.0,16384,209543919212755,1000000000,14.646465301513672,198.64770626686334,299792458,16,7413.158202439845,340282346638528860000000000000000000000,1575420030,,,,0,,1,38.62957763671875,9.646465301513672,0.0,1.0,0.0,1.0,,1908118603012750,
Raw,1742897526000,115333000000,,,-1426932628667305964,0.0,12.256553379001685,998.0,1.0,29,25,0.0,16431,209543930207347,24,36.6047248840332,711.2588780446167,0.15,25,26901.923075864,0.0022519216872751713,1575420030,,,,0,,1,38.62957763671875,31.604724884033203,-1.8917489103726217,1.0,-1.8917489103726217,1.0,,1908118603012750,
Raw,1742897526000,115333000000,,,-1426932628667305964,0.0,12.256553379001685,998.0,1.0,29,26,0.0,16431,209543923634213,25,36.0491943359375,-272.32935909632056,0.15,25,-10942.165289308681,0.0024006557650864124,1575420030,,,,0,,1,38.62957763671875,31.049192428588867,-0.8440110737314445,1.0,-0.8440110737314445,1.0,,1908118603012750,
Raw,1742897526000,115333000000,,,-1426932628667305964,0.0,12.256553379001685,998.0,1.0,29,28,0.0,16431,209543930258599,33,32.431549072265625,385.81136289082224,0.7169303974468293,25,15278.479715828382,0.003640927141532302,1575420030,,,,0,,1,38.62957763671875,27.431550979614258,-0.34924595383121304,1.0,-0.34924595383121304,1.0,,1908118603012750,
Raw,1742897526000,115333000000,,,-1426932628667305964,0.0,12.256553379001685,998.0,1.0,29,29,0.0,16431,209543932281205,54,26.606767654418945,386.9564311826191,0.9895854564857576,16,14971.729495403039,340282346638528860000000000000000000000,1575420030,,,,0,,1,38.62957763671875,21.606767654418945,-0.9604263668227204,1.0,-0.9604263668227204,1.0,,1908118603012750,
Raw,1742897526000,115333000000,,,-1426932628667305964,0.0,12.256553379001685,998.0,1.0,29,31,0.0,16431,209543928854078,18,39.88566207885742,66.56205771842366,0.15,25,2521.229234188907,0.001637128065340221,1575420030,,,,0,,1,38.62957763671875,34.88566207885742,-0.2619344840127561,1.0,-0.2619344840127561,1.0,,1908118603012750,
Raw,1742897526000,115333000000,,,-1426932628667305964,0.0,12.256553379001685,998.0,1.0,29,10,0.0,32768,47525935831744,1000000000,15.184003829956055,215.93570855472194,299792458,16,9012.002619416045,340282346638528860000000000000000000000,1598062460,,,,1,,3,53.169551849365234,10.184003829956055,4.656612873077393,2.0000000474974513,4.656612873077393,2.0000000474974513,,1908118603012750,
Raw,1742897526000,115333000000,,,-1426932628667305964,0.0,12.256553379001685,998.0,1.0,29,2,0.0,32768,47525920375091,1000000000,23.37985610961914,207.24214299839434,299792458,16,7427.441049010569,340282346638528860000000000000000000000,1599750020,,,,0,,3,53.169551849365234,18.37985610961914,4.656612873077393,2.0000000474974513,4.656612873077393,2.0000000474974513,,1908118603012750,
Raw,1742897526000,115333000000,,,-1426932628667305964,0.0,12.256553379001685,998.0,1.0,29,9,0.0,32995,47525931609800,33,44.6248779296875,799.3156760152106,0.15,25,39605.08715765914,0.0009335999493487179,1600875010,,,,0,,3,53.169551849365234,39.6248779296875,4.656612873077393,2.0000000474974513,4.656612873077393,2.0000000474974513,,1908118603012750,
Raw,1742897526000,115333000000,,,-1426932628667305964,0.0,12.256553379001685,998.0,1.0,29,11,0.0,32803,47525927723003,111,26.305240631103516,-354.9351793829387,0.9919676338082679,16,-16199.85445289906,340282346638528860000000000000000000000,1602000000,,,,0,,3,53.169551849365234,21.305240631103516,4.656612873077393,2.0000000474974513,4.656612873077393,2.0000000474974513,,1908118603012750,
Raw,1742897526000,115333000000,,,-1426932628667305964,0.0,12.256553379001685,998.0,1.0,29,1,0.0,32768,47525920000137,1000000000,23.992633819580078,743.6192162042425,299792458,16,31214.067280550044,340282346638528860000000000000000000000,1602562560,,,,0,,3,53.169551849365234,18.992633819580078,4.656612873077393,2.0000000474974513,4.656612873077393,2.0000000474974513,,1908118603012750,
Raw,1742897526000,115333000000,,,-1426932628667305964,0.0,12.256553379001685,998.0,1.0,29,20,0.0,32995,47525935808948,54,35.072776794433594,91.68982594425694,0.5991558062403421,25,3656.81627537787,0.002639851998537779,1603124990,,,,0,,3,53.169551849365234,30.072776794433594,4.656612873077393,2.0000000474974513,4.656612873077393,2.0000000474974513,,1908118603012750,
Raw,1742897526000,115333000000,,,-1426932628667305964,0.0,12.256553379001685,998.0,1.0,29,19,0.0,32768,47525927955172,1000000000,12.651622772216797,974.4153188748446,299792458,16,35455.01819768661,340282346638528860000000000000000000000,1603687550,,,,1,,3,53.169551849365234,7.651622772216797,4.656612873077393,2.0000000474974513,4.656612873077393,2.0000000474974513,,1908118603012750,
Raw,1742897526000,115333000000,,,-1426932628667305964,0.0,12.256553379001685,998.0,1.0,29,21,0.0,32960,47525926040500,1000000000,24.039535522460938,-475.226210424024,299792458,16,-33047.33348386318,340282346638528860000000000000000000000,1604249980,,,,0,,3,53.169551849365234,19.039535522460938,4.656612873077393,2.0000000474974513,4.656612873077393,2.0000000474974513,,1908118603012750,
Raw,1742897526000,115333000000,,,-1426932628667305964,0.0,12.256553379001685,998.0,1.0,29,8,0.0,16384,209529868015313,1000000000,19.984006881713867,-11.989438154222633,299792458,16,-486.18774898008866,340282346638528860000000000000000000000,1561097980,,,,0,,5,50.585201263427734,14.984006881713867,9.342329576611519,2.500692349107121,9.342329576611519,1.5000000237487257,,1908118603012750,
Raw,1742897526000,115333000000,,,-1426932628667305964,0.0,12.256553379001685,998.0,1.0,29,11,0.0,81955,209529922851254,30,25.229951858520508,734.2705347098617,1.039445693955905,16,26694.958411200438,340282346638528860000000000000000000000,1561097980,,,,0,,5,50.585201263427734,20.229951858520508,9.342329576611519,2.500692349107121,9.342329576611519,1.5000000237487257,,1908118603012750,
Raw,1742897526000,115333000000,,,-1426932628667305964,0.0,12.256553379001685,998.0,1.0,29,13,0.0,16384,209529867594612,1000000000,20.46151351928711,-46.46283642950115,299792458,16,-1741.3900013312789,340282346638528860000000000000000000000,1561097980,,,,0,,5,50.585201263427734,15.46151351928711,9.342329576611519,2.500692349107121,9.342329576611519,1.5000000237487257,,1908118603012750,
Raw,1742897526000,115333000000,,,-1426932628667305964,0.0,12.256553379001685,998.0,1.0,29,23,0.0,81967,209529926352528,6,45.46060562133789,549.3100532816786,0.15,25,281527.7740730135,0.0008695640717633069,1561097980,,,,0,,5,50.585201263427734,40.46060562133789,9.342329576611519,2.500692349107121,9.342329576611519,1.5000000237487257,,1908118603012750,
Raw,1742897526000,115333000000,,,-1426932628667305964,0.0,12.256553379001685,998.0,1.0,29,25,0.0,81967,209529916138270,16,33.037689208984375,905.279396642889,0.8298431794841759,16,36111.18096614339,340282346638528860000000000000000000000,1561097980,,,,0,,5,50.585201263427734,28.037689208984375,9.342329576611519,2.500692349107121,9.342329576611519,1.5000000237487257,,1908118603012750,
Raw,1742897526000,115333000000,,,-1426932628667305964,0.0,12.256553379001685,998.0,1.0,29,28,0.0,81967,209529923747533,8,40.75132751464844,-176.85132775385216,0.15,25,-15995.147555930027,0.0014954278012737632,1561097980,,,,0,,5,50.585201263427734,35.75132751464844,9.342329576611519,2.500692349107121,9.342329576611519,1.5000000237487257,,1908118603012750,
Raw,1742897526000,115333000000,,,-1426932628667305964,0.0,12.256553379001685,998.0,1.0,29,34,0.0,16384,209529916462637,1000000000,14.325241088867188,879.8223237221323,299792458,16,32038.675867269798,340282346638528860000000000000000000000,1561097980,,,,0,,5,50.585201263427734,9.325241088867188,9.342329576611519,2.500692349107121,9.342329576611519,1.5000000237487257,,1908118603012750,
Raw,1742897526000,115333000000,,,-1426932628667305964,0.0,12.256553379001685,998.0,1.0,29,37,0.0,81967,209529924407728,9,39.00493240356445,-26.51827493781856,0.15,25,-1158.4003215213934,0.0018284594407305121,1561097980,,,,0,,5,50.585201263427734,34.00493240356445,9.342329576611519,2.500692349107121,9.342329576611519,1.5000000237487257,,1908118603012750,
Raw,1742897526000,115333000000,,,-1426932628667305964,0.0,12.256553379001685,998.0,1.0,29,4,0.0,85026,209543909011816,68,23.78201675415039,318.1078922240638,1.1049463840378295,16,11509.742966833539,340282346638528860000000000000000000000,1575420030,,,,1,,6,38.62957763671875,18.78201675415039,1.3096723705530164,1.5000000237487257,1.3096723705530164,1.5000000237487257,,1908118603012750,
Raw,1742897526000,115333000000,,,-1426932628667305964,0.0,12.256553379001685,998.0,1.0,29,6,0.0,16384,209543905946103,1000000000,22.632488250732422,106.37870009768602,299792458,16,3.2958389389304017,340282346638528860000000000000000000000,1575420030,,,,0,,6,38.62957763671875,17.632488250732422,1.3096723705530164,1.5000000237487257,1.3096723705530164,1.5000000237487257,,1908118603012750,
Raw,1742897526000,115333000000,,,-1426932628667305964,0.0,12.256553379001685,998.0,1.0,29,13,0.0,85026,209543917692782,11,45.73806381225586,-139.8037656784703,0.15,25,-6043.976797930616,0.0008345696260221303,1575420030,,,,0,,6,38.62957763671875,40.73806381225586,1.3096723705530164,1.5000000237487257,1.3096723705530164,1.5000000237487257,,1908118603012750,
Raw,1742897526000,115333000000,,,-1426932628667305964,0.0,12.256553379001685,998.0,1.0,29,15,0.0,85026,209543917551963,55,26.24161148071289,405.28751001113005,0.994438412204278,29,10689.592090360686,0.00742521183565259,1575420030,,,,1,,6,38.62957763671875,21.24161148071289,1.3096723705530164,1.5000000237487257,1.3096723705530164,1.5000000237487257,,1908118603012750,
Raw,1742897526000,115333000000,,,-1426932628667305964,0.0,12.256553379001685,998.0,1.0,29,18,0.0,16384,209543898103688,1000000000,20.237037658691406,-149.82131538211127,299792458,16,-186.13242411143486,340282346638528860000000000000000000000,1575420030,,,,0,,6,38.62957763671875,15.237037658691406,1.3096723705530164,1.5000000237487257,1.3096723705530164,1.5000000237487257,,1908118603012750,
Raw,1742897526000,115333000000,,,-1426932628667305964,0.0,12.256553379001685,998.0,1.0,29,21,0.0,85026,209543920971535,48,27.94240379333496,130.10530445341004,0.9171318121385839,16,4688.314496694911,340282346638528860000000000000000000000,1575420030,,,,0,,6,38.62957763671875,22.94240379333496,1.3096723705530164,1.5000000237487257,1.3096723705530164,1.5000000237487257,,1908118603012750,
Raw,1742897526000,115333000000,,,-1426932628667305964,0.0,12.256553379001685,998.0,1.0,29,23,0.0,21546,209543910162787,38,30.731491088867188,-151.73414213076921,0.7926434429681883,25,-6649.27469185143,0.004428074229508638,1575420030,,,,0,,6,38.62957763671875,25.731491088867188,1.3096723705530164,1.5000000237487257,1.3096723705530164,1.5000000237487257,,1908118603012750,
Raw,1742897526000,115333000000,,,-1426932628667305964,0.0,12.256553379001685,998.0,1.0,29,26,0.0,85026,209543906185721,76,22.383426666259766,-327.5517319370563,1.1680505182608982,16,-5847.92847766342,340282346638528860000000000000000000000,1575420030,,,,1,,6,38.62957763671875,17.383426666259766,1.3096723705530164,1.5000000237487257,1.3096723705530164,1.5000000237487257,,1908118603012750,
Raw,1742897526000,115333000000,,,-1426932628667305964,0.0,12.256553379001685,998.0,1.0,29,27,0.0,85026,209543918284028,45,28.75061798095703,573.5528705238971,0.9380891279679195,16,20845.65460286986,340282346638528860000000000000000000000,1575420030,,,,0,,6,38.62957763671875,23.75061798095703,1.3096723705530164,1.5000000237487257,1.3096723705530164,1.5000000237487257,,1908118603012750,
Raw,1742897526000,115333000000,,,-1426932628667305964,0.0,12.256553379001685,998.0,1.0,29,34,0.0,16384,209543906323329,1000000000,21.761634826660156,807.9583053402648,299792458,16,992.9930847558736,340282346638528860000000000000000000000,1575420030,,,,0,,6,38.62957763671875,16.761634826660156,1.3096723705530164,1.5000000237487257,1.3096723705530164,1.5000000237487257,,1908118603012750,
Fix,GPS,45.0659522150,7.6463346477,321.98511066179185,0.0,8.0,,1742897526000,0.15325353,,1908118706799250,4.061818,0,,,
Fix,FLP,45.0659520000,7.6463342000,307.1000061035156,0.044542346,8.0,,1742897526591,0.15325353,,1908118706799250,2.5713274,0,,,
Raw,1742897527000,116333000000,,,-1426932628667304965,0.0,12.128990663304913,998.0,1.0,29,5,0.0,16384,209544917694559,1000000000,18.37795639038086,-179.7114422991051,299792458,16,-7264.986876833999,340282346638528860000000000000000000000,1575420030,,,,1,,1,37.42583465576172,13.37795639038086,-0.37834980195649376,1.0,-0.37834980195649376,1.0,,1908119605078980,
Raw,1742897527000,116333000000,,,-1426932628667304965,0.0,12.128990663304913,998.0,1.0,29,11,0.0,16384,209544917342222,1000000000,20.306150436401367,883.3329530738079,299792458,16,33012.36180635639,340282346638528860000000000000000000000,1575420030,,,,0,,1,37.42583465576172,15.306150436401367,-0.20372681261465636,1.0,-0.20372681261465636,1.0,,1908119605078980,
Raw,1742897527000,116333000000,,,-1426932628667304965,0.0,12.128990663304913,998.0,1.0,29,12,0.0,16431,209544919530570,43,29.368942260742188,910.3019919308294,0.8563202556550573,25,34040.10003600163,0.0051801507361233234,1575420030,,,,1,,1,37.42583465576172,24.368942260742188,-0.6984919076624261,1.0,-0.6984919076624261,1.0,,1908119605078980,
Raw,1742897527000,116333000000,,,-1426932628667304965,0.0,12.128990663304913,998.0,1.0,29,18,0.0,16431,209544923486490,14,42.837379455566406,-343.56343143427694,0.15,25,-35104.331073600624,0.00116545835044235,1575420030,,,,0,,1,37.42583465576172,37.837379455566406,-0.08731148845780326,1.0,-0.08731148845780326,1.0,,1908119605078980,
Raw,1742897527000,116333000000,,,-1426932628667304965,0.0,12.128990663304913,998.0,1.0,29,20,0.0,16384,209544919212086,1000000000,13.7862548828125,199.01900054822283,299792458,16,7613.306514493615,340282346638528860000000000000000000000,1575420030,,,,0,,1,37.42583465576172,8.7862548828125,0.0,1.0,0.0,1.0,,1908119605078980,
Raw,1742897527000,116333000000,,,-1426932628667304965,0.0,12.128990663304913,998.0,1.0,29,25,0.0,16431,209544930204962,22,37.25407791137695,711.4339937062309,0.15,25,27613.28187676304,0.0020897076465189457,1575420030,,,,0,,1,37.42583465576172,32.25407791137695,-1.8917489103726217,1.0,-1.8917489103726217,1.0,,1908119605078980,
Raw,1742897527000,116333000000,,,-1426932628667304965,0.0,12.128990663304913,998.0,1.0,29,26,0.0,16431,209544923635113,25,35.847938537597656,-272.19597740271854,0.5621080428654515,25,-11214.342678961386,0.002456929301843047,1575420030,,,,0,,1,37.42583465576172,30.847936630249023,-0.8440110737314445,1.0,-0.8440110737314445,1.0,,1908119605078980,
Raw,1742897527000,116333000000,,,-1426932628667304965,0.0,12.128990663304913,998.0,1.0,29,28,0.0,16431,209544930257308,31,33.2055549621582,386.0121085597416,0.6821240881266966,25,15664.45306904545,0.0033305175602436066,1575420030,,,,0,,1,37.42583465576172,28.205554962158203,-0.34924595383121304,1.0,-0.34924595383121304,1.0,,1908119605078980,
Raw,1742897527000,116333000000,,,-1426932628667304965,0.0,12.128990663304913,998.0,1.0,29,29,0.0,16431,209544932279924,42,29.537309646606445,387.328338948196,0.8474446381246747,25,15359.082121640542,0.00508070457726717,1575420030,,,,0,,1,37.42583465576172,24.537309646606445,-0.9604263668227204,1.0,-0.9604263668227204,1.0,,1908119605078980,
Raw,1742897527000,116333000000,,,-1426932628667304965,0.0,12.128990663304913,998.0,1.0,29,31,0.0,16431,209544928853859,18,39.736305236816406,66.74321023514946,0.15,25,2587.9019182293246,0.0016655225772410631,1575420030,,,,0,,1,37.42583465576172,34.736305236816406,-0.2619344840127561,1.0,-0.2619344840127561,1.0,,1908119605078980,
Raw,1742897527000,116333000000,,,-1426932628667304965,0.0,12.128990663304913,998.0,1.0,29,10,0.0,32768,47526935831226,1000000000,15.603181838989258,216.39282246160587,299792458,16,9228.5783331838,340282346638528860000000000000000000000,1598062460,,,,0,,3,53.169551849365234,10.603181838989258,4.656612873077393,2.0000000474974513,4.656612873077393,2.0000000474974513,,1908119605078980,
Raw,1742897527000,116333000000,,,-1426932628667304965,0.0,12.128990663304913,998.0,1.0,29,2,0.0,32768,47526920374282,1000000000,24.993873596191406,207.1386686603911,299792458,16,7634.546534404174,340282346638528860000000000000000000000,1599750020,,,,0,,3,53.169551849365234,19.993873596191406,4.656612873077393,2.0000000474974513,4.656612873077393,2.0000000474974513,,1908119605078980,
Raw,1742897527000,116333000000,,,-1426932628667304965,0.0,12.128990663304913,998.0,1.0,29,9,0.0,32995,47526931607108,33,44.82350540161133,799.4513923570844,0.15,25,40404.47202236941,0.0009124926291406155,1600875010,,,,0,,3,53.169551849365234,39.82350540161133,4.656612873077393,2.0000000474974513,4.656612873077393,2.0000000474974513,,1908119605078980,
Raw,1742897527000,116333000000,,,-1426932628667304965,0.0,12.128990663304913,998.0,1.0,29,11,0.0,32803,47526927724181,117,25.57355499267578,-354.6255743478855,1.0248707840815507,16,-16553.559820535716,340282346638528860000000000000000000000,1602000000,,,,0,,3,53.169551849365234,20.57355499267578,4.656612873077393,2.0000000474974513,4.656612873077393,2.0000000474974513,,1908119605078980,
Raw,1742897527000,116333000000,,,-1426932628667304965,0.0,12.128990663304913,998.0,1.0,29,1,0.0,32768,47526919997671,1000000000,24.664592742919922,744.3713478547879,299792458,16,31958.23705090859,340282346638528860000000000000000000000,1602562560,,,,0,,3,53.169551849365234,19.664592742919922,4.656612873077393,2.0000000474974513,4.656612873077393,2.0000000474974513,,1908119605078980,
Raw,1742897527000,116333000000,,,-1426932628667304965,0.0,12.128990663304913,998.0,1.0,29,20,0.0,32995,47526935808628,57,34.56441879272461,91.89674905842105,0.6220161479819319,25,3748.6560216252738,0.002798965200781822,1603124990,,,,0,,3,53.169551849365234,29.56441879272461,4.656612873077393,2.0000000474974513,4.656612873077393,2.0000000474974513,,1908119605078980,
Raw,1742897527000,116333000000,,,-1426932628667304965,0.0,12.128990663304913,998.0,1.0,29,19,0.0,32768,47526927951923,1000000000,12.966514587402344,974.7797966648995,299792458,16,36429.86920639856,340282346638528860000000000000000000000,1603687550,,,,1,,3,53.169551849365234,7.966514587402344,4.656612873077393,2.0000000474974513,4.656612873077393,2.0000000474974513,,1908119605078980,
Raw,1742897527000,116333000000,,,-1426932628667304965,0.0,12.128990663304913,998.0,1.0,29,21,0.0,32960,47526926042277,1000000000,26.8151912689209,-474.91807093460125,299792458,16,-33521.72716107693,340282346638528860000000000000000000000,1604249980,,,,0,,3,53.169551849365234,21.8151912689209,4.656612873077393,2.0000000474974513,4.656612873077393,2.0000000474974513,,1908119605078980,
Raw,1742897527000,116333000000,,,-1426932628667304965,0.0,12.128990663304913,998.0,1.0,29,8,0.0,16384,209530868015365,1000000000,17.676292419433594,-11.989438154222633,299792458,16,-497.8195818264214,340282346638528860000000000000000000000,1561097980,,,,0,,5,50.755516052246094,12.676292419433594,9.342329576611519,2.500692349107121,9.342329576611519,1.5000000237487257,,1908119605078980,
Raw,1742897527000,116333000000,,,-1426932628667304965,0.0,12.128990663304913,998.0,1.0,29,11,0.0,81955,209530922848800,29,25.56525421142578,734.5076804423475,1.0243671359056687,16,27429.349504194844,340282346638528860000000000000000000000,1561097980,,,,0,,5,50.755516052246094,20.56525421142578,9.342329576611519,2.500692349107121,9.342329576611519,1.5000000237487257,,1908119605078980,
Raw,1742897527000,116333000000,,,-1426932628667304965,0.0,12.128990663304913,998.0,1.0,29,13,0.0,16384,209530867594745,1000000000,22.762075424194336,-46.46283642950115,299792458,16,-1788.5241882749742,340282346638528860000000000000000000000,1561097980,,,,0,,5,50.755516052246094,17.762075424194336,9.342329576611519,2.500692349107121,9.342329576611519,1.5000000237487257,,1908119605078980,
Raw,1742897527000,116333000000,,,-1426932628667304965,0.0,12.128990663304913,998.0,1.0,29,23,0.0,81967,209530926350692,6,45.29275894165039,549.4586527921181,0.15,25,282077.1580377281,0.0008865310228429735,1561097980,,,,0,,5,50.755516052246094,40.29275894165039,9.342329576611519,2.500692349107121,9.342329576611519,1.5000000237487257,,1908119605078980,
Raw,1742897527000,116333000000,,,-1426932628667304965,0.0,12.128990663304913,998.0,1.0,29,25,0.0,81967,209530916135247,15,33.95807647705078,905.4658276800687,0.6493414246626057,17,37016.541278322286,0.09910188001153027,1561097980,,,,0,,5,50.755516052246094,28.95807456970215,9.342329576611519,2.500692349107121,9.342329576611519,1.5000000237487257,,1908119605078980,
Raw,1742897527000,116333000000,,,-1426932628667304965,0.0,12.128990663304913,998.0,1.0,29,28,0.0,81967,209530923748125,8,40.880760192871094,-176.68159712036856,0.15,25,-16171.877536166041,0.0014733090065419674,1561097980,,,,0,,5,50.755516052246094,35.880760192871094,9.342329576611519,2.500692349107121,9.342329576611519,1.5000000237487257,,1908119605078980,
Raw,1742897527000,116333000000,,,-1426932628667304965,0.0,12.128990663304913,998.0,1.0,29,34,0.0,16384,209530916459718,1000000000,12.0,880.1970262491441,299792458,16,32918.37830907633,340282346638528860000000000000000000000,1561097980,,,,0,,5,50.755516052246094,7.0,9.342329576611519,2.500692349107121,9.342329576611519,1.5000000237487257,,1908119605078980,
Raw,1742897527000,116333000000,,,-1426932628667304965,0.0,12.128990663304913,998.0,1.0,29,37,0.0,81967,209530924407813,10,37.9683723449707,-26.332295493187715,0.15,25,-1184.8186284807375,0.002060218248516321,1561097980,,,,0,,5,50.755516052246094,32.9683723449707,9.342329576611519,2.500692349107121,9.342329576611519,1.5000000237487257,,1908119605078980,
Raw,1742897527000,116333000000,,,-1426932628667304965,0.0,12.128990663304913,998.0,1.0,29,4,0.0,85026,209544909010737,73,22.87129020690918,318.20836730589303,1.1459005161551579,16,11827.939317791364,340282346638528860000000000000000000000,1575420030,,,,1,,6,37.42583465576172,17.87129020690918,1.3096723705530164,1.5000000237487257,1.3096723705530164,1.5000000237487257,,1908119605078980,
Raw,1742897527000,116333000000,,,-1426932628667304965,0.0,12.128990663304913,998.0,1.0,29,6,0.0,16384,209544905945748,1000000000,26.338687896728516,106.37870009768602,299792458,16,3.285024291009262,340282346638528860000000000000000000000,1575420030,,,,0,,6,37.42583465576172,21.338687896728516,1.3096723705530164,1.5000000237487257,1.3096723705530164,1.5000000237487257,,1908119605078980,
Raw,1742897527000,116333000000,,,-1426932628667304965,0.0,12.128990663304913,998.0,1.0,29,13,0.0,85026,209544917693243,11,45.72528076171875,-139.6305927168779,0.15,25,-6183.65861786947,0.0008357989718206227,1575420030,,,,0,,6,37.42583465576172,40.72528076171875,1.3096723705530164,1.5000000237487257,1.3096723705530164,1.5000000237487257,,1908119605078980,
Raw,1742897527000,116333000000,,,-1426932628667304965,0.0,12.128990663304913,998.0,1.0,29,15,0.0,85026,209544917550603,55,26.403533935546875,405.3131059359787,0.98715668205472,16,11095.005520299343,340282346638528860000000000000000000000,1575420030,,,,1,,6,37.42583465576172,21.403533935546875,1.3096723705530164,1.5000000237487257,1.3096723705530164,1.5000000237487257,,1908119605078980,
Raw,1742897527000,116333000000,,,-1426932628667304965,0.0,12.128990663304913,998.0,1.0,29,18,0.0,16384,209544898104185,1000000000,22.230892181396484,-149.82131538211127,299792458,16,-186.1359389807274,340282346638528860000000000000000000000,1575420030,,,,0,,6,37.42583465576172,17.230892181396484,1.3096723705530164,1.5000000237487257,1.3096723705530164,1.5000000237487257,,1908119605078980,
Raw,1742897527000,116333000000,,,-1426932628667304965,0.0,12.128990663304913,998.0,1.0,29,21,0.0,85026,209544920971107,46,28.52244758605957,129.58201093657294,0.9339497736828455,16,4818.588981368839,340282346638528860000000000000000000000,1575420030,,,,1,,6,37.42583465576172,23.52244758605957,1.3096723705530164,1.5000000237487257,1.3096723705530164,1.5000000237487257,,1908119605078980,
Raw,1742897527000,116333000000,,,-1426932628667304965,0.0,12.128990663304913,998.0,1.0,29,23,0.0,21546,209544910163288,41,29.948152542114258,-151.56667798064439,0.8278693259669603,25,-6800.918464468817,0.004845981951802969,1575420030,,,,1,,6,37.42583465576172,24.948152542114258,1.3096723705530164,1.5000000237487257,1.3096723705530164,1.5000000237487257,,1908119605078980,
Raw,1742897527000,116333000000,,,-1426932628667304965,0.0,12.128990663304913,998.0,1.0,29,26,0.0,85026,209544906186809,82,21.428401947021484,-327.5371446456645,1.210997209306151,16,-6175.561336862244,340282346638528860000000000000000000000,1575420030,,,,1,,6,37.42583465576172,16.428401947021484,1.3096723705530164,1.5000000237487257,1.3096723705530164,1.5000000237487257,,1908119605078980,
Raw,1742897527000,116333000000,,,-1426932628667304965,0.0,12.128990663304913,998.0,1.0,29,27,0.0,85026,209544918282134,51,27.339698791503906,572.8687674565713,1.0742070703499578,16,21419.250515279968,340282346638528860000000000000000000000,1575420030,,,,1,,6,37.42583465576172,22.339698791503906,1.3096723705530164,1.5000000237487257,1.3096723705530164,1.5000000237487257,,1908119605078980,
Raw,1742897527000,116333000000,,,-1426932628667304965,0.0,12.128990663304913,998.0,1.0,29,34,0.0,16384,209544906320634,1000000000,24.953794479370117,807.9583053402648,299792458,16,993.012039788184,340282346638528860000000000000000000000,1575420030,,,,0,,6,37.42583465576172,19.953794479370117,1.3096723705530164,1.5000000237487257,1.3096723705530164,1.5000000237487257,,1908119605078980,
Status,1742897526000,35,0,1,29,1575449980,29.54,31.0,81.0,0,1,1,24.53731
Status,1742897526000,35,1,3,10,1598062460,19.24,20.0,79.0,0,1,1,14.242693
Status,1742897526000,35,2,3,20,1603124990,35.02,160.0,74.0,1,1,1,30.02194
Status,1742897526000,35,3,6,21,1575449980,29.09,314.0,68.0,0,1,1,24.085442
Status,1742897526000,35,4,5,23,1575449980,45.81,150.0,67.0,1,1,1,40.811127
Status,1742897526000,35,5,1,28,1575449980,33.21,251.0,61.0,1,1,1,28.205555
Status,1742897526000,35,6,5,37,1575449980,39.00,302.0,55.0,1,1,1,34.00465
Status,1742897526000,35,7,1,25,1575449980,37.25,102.0,52.0,1,1,1,32.254078
Status,1742897526000,35,8,6,27,1575449980,31.08,93.0,51.0,1,1,1,26.082066
Status,1742897526000,35,9,1,31,1575449980,40.07,294.0,48.0,1,1,1,35.0656
Status,1742897526000,35,10,6,15,1575449980,27.03,68.0,45.0,0,1,1,22.032648
Status,1742897526000,35,11,6,13,1575449980,45.98,150.0,45.0,1,1,1,40.97843
Status,1742897526000,35,12,5,28,1575449980,42.33,209.0,44.0,1,1,1,37.327576
Status,1742897526000,35,13,3,9,1600875010,44.82,123.0,43.0,1,1,1,39.823505
Status,1742897526000,35,14,5,11,1575449980,25.67,51.0,41.0,1,1,1,20.665016
Status,1742897526000,35,15,3,19,1603687550,14.19,34.0,31.0,0,1,1,9.185314
Status,1742897526000,35,16,1,18,1575449980,42.84,175.0,31.0,1,1,1,37.83738
Status,1742897526000,35,17,3,11,1602000000,26.23,319.0,30.0,1,1,1,21.232073
Status,1742897526000,35,18,1,26,1575449980,36.03,297.0,26.0,1,1,1,31.029066
Status,1742897526000,35,19,3,21,1604249980,26.82,202.0,24.0,0,1,1,21.815191
Status,1742897526000,35,20,5,8,1575449980,19.75,69.0,21.0,0,1,1,14.753236
Status,1742897526000,35,21,5,13,1575449980,22.76,83.0,20.0,0,1,1,17.762075
Status,1742897526000,35,22,6,23,1575449980,30.65,291.0,18.0,1,1,1,25.653156
Status,1742897526000,35,23,5,25,1575449980,34.87,137.0,16.0,1,1,1,29.872389
Status,1742897526000,35,24,1,12,1575449980,29.37,104.0,16.0,0,1,1,24.368942
Status,1742897526000,35,25,6,4,1575449980,23.69,309.0,15.0,1,1,1,18.690945
Status,1742897526000,35,26,1,20,1575449980,18.42,60.0,14.0,0,1,1,13.415428
Status,1742897526000,35,27,1,11,1575449980,20.31,36.0,11.0,0,1,1,15.30615
Status,1742897526000,35,28,1,5,1575449980,19.38,95.0,9.0,0,1,1,14.380552
Status,1742897526000,35,29,6,18,1575449980,22.23,241.0,7.0,0,0,1,17.230892
Status,1742897526000,35,30,6,34,1575449980,24.95,30.0,7.0,0,1,1,19.953794
Status,1742897526000,35,31,3,2,1599750020,24.99,348.0,7.0,0,1,1,19.993874
Status,1742897526000,35,32,3,1,1602562560,24.66,302.0,6.0,0,1,1,19.664593
Status,1742897526000,35,33,6,26,1575449980,23.26,188.0,6.0,1,1,1,18.264673
Status,1742897526000,35,34,6,6,1575449980,26.34,332.0,6.0,0,1,1,21.338688
Fix,GPS,45.0659522150,7.6463346477,322.1245075891501,0.0,8.0,,1742897527000,0.15270402,,1908119709990441,4.006318,0,,,
Fix,FLP,45.0659520000,7.6463343000,307.1000061035156,0.037152186,8.0,,1742897527595,0.15270402,,1908119709990441,2.5813594,0,,,
Raw,1742897528000,117333000000,,,-1426932628667303965,0.0,11.942038119161735,999.0,1.0,29,5,0.0,16384,209545917695158,1000000000,18.31244468688965,-179.52579515842535,299792458,16,-7444.77459821569,340282346638528860000000000000000000000,1575420030,,,,1,,1,37.307655334472656,13.312444686889648,-0.37834980195649376,1.0,-0.37834980195649376,1.0,,1908120616500979,
Raw,1742897528000,117333000000,,,-1426932628667303965,0.0,11.942038119161735,999.0,1.0,29,11,0.0,16384,209545917339333,1000000000,20.44594955444336,883.3329530738079,299792458,16,33896.00831573614,340282346638528860000000000000000000000,1575420030,,,,0,,1,37.307655334472656,15.44594955444336,-0.20372681261465636,1.0,-0.20372681261465636,1.0,,1908120616500979,
Raw,1742897528000,117333000000,,,-1426932628667303965,0.0,11.942038119161735,999.0,1.0,29,12,0.0,16431,209545919527557,44,29.08957290649414,910.2273513510445,0.8688826364121183,25,34950.34443203314,0.0053494712337851524,1575420030,,,,0,,1,37.307655334472656,24.08957290649414,-0.6984919076624261,1.0,-0.6984919076624261,1.0,,1908120616500979,
Raw,1742897528000,117333000000,,,-1426932628667303965,0.0,11.942038119161735,999.0,1.0,29,18,0.0,16431,209545923487636,13,43.486507415771484,-343.6289379157138,0.15,25,-35447.99774281663,0.0010815345449373126,1575420030,,,,0,,1,37.307655334472656,38.486507415771484,-0.08731148845780326,1.0,-0.08731148845780326,1.0,,1908120616500979,
Raw,1742897528000,117333000000,,,-1426932628667303965,0.0,11.942038119161735,999.0,1.0,29,20,0.0,16384,209545919211152,1000000000,14.41177749633789,199.20464768890258,299792458,16,7813.0282105082015,340282346638528860000000000000000000000,1575420030,,,,0,,1,37.307655334472656,9.41177749633789,0.0,1.0,0.0,1.0,,1908120616500979,
Raw,1742897528000,117333000000,,,-1426932628667303965,0.0,11.942038119161735,999.0,1.0,29,25,0.0,16431,209545930202582,22,37.33298110961914,711.3761898599682,0.15,25,28324.700408655932,0.002070810878649354,1575420030,,,,0,,1,37.307655334472656,32.33298110961914,-1.8917489103726217,1.0,-1.8917489103726217,1.0,,1908120616500979,
Raw,1742897528000,117333000000,,,-1426932628667303965,0.0,11.942038119161735,999.0,1.0,29,26,0.0,16431,209545923636025,24,36.24174118041992,-272.1614689154892,0.15,25,-11486.503980256897,0.002348023233935237,1575420030,,,,0,,1,37.307655334472656,31.241741180419922,-0.8440110737314445,1.0,-0.8440110737314445,1.0,,1908120616500979,
Raw,1742897528000,117333000000,,,-1426932628667303965,0.0,11.942038119161735,999.0,1.0,29,28,0.0,16431,209545930256010,29,33.967529296875,385.91838180430386,0.6478587046692676,25,16050.534651658732,0.0030507955234497786,1575420030,,,,0,,1,37.307655334472656,28.967529296875,-0.34924595383121304,1.0,-0.34924595383121304,1.0,,1908120616500979,
Raw,1742897528000,117333000000,,,-1426932628667303965,0.0,11.942038119161735,999.0,1.0,29,29,0.0,16431,209545932278646,38,30.80962562561035,387.2524373175197,0.7902299124483689,16,15746.35060797381,340282346638528860000000000000000000000,1575420030,,,,0,,1,37.307655334472656,25.80962562561035,-0.9604263668227204,1.0,-0.9604263668227204,1.0,,1908120616500979,
Raw,1742897528000,117333000000,,,-1426932628667303965,0.0,11.942038119161735,999.0,1.0,29,31,0.0,16431,209545928853633,17,40.436038970947266,66.81892867262195,0.15,25,2654.692139288042,0.0015366104198619723,1575420030,,,,0,,1,37.307655334472656,35.436038970947266,-0.2619344840127561,1.0,-0.2619344840127561,1.0,,1908120616500979,
Raw,1742897528000,117333000000,,,-1426932628667303965,0.0,11.942038119161735,999.0,1.0,29,10,0.0,32768,47527935830328,1000000000,16.4002685546875,216.4842486512283,299792458,16,9445.389852363907,340282346638528860000000000000000000000,1598062460,,,,1,,3,55.30976104736328,11.4002685546875,4.656612873077393,2.0000000474974513,4.656612873077393,2.0000000474974513,,1908120616500979,
Raw,1742897528000,117333000000,,,-1426932628667303965,0.0,11.942038119161735,999.0,1.0,29,2,0.0,32768,47527920373685,1000000000,25.25189781188965,207.8517929394461,299792458,16,7841.767205652222,340282346638528860000000000000000000000,1599750020,,,,0,,3,55.30976104736328,20.25189781188965,4.656612873077393,2.0000000474974513,4.656612873077393,2.0000000474974513,,1908120616500979,
Raw,1742897528000,117333000000,,,-1426932628667303965,0.0,11.942038119161735,999.0,1.0,29,9,0.0,32995,47527931604442,33,45.07457733154297,799.4520058413018,0.15,25,41203.95486933972,0.0008864940027706325,1600875010,,,,0,,3,55.30976104736328,40.07457733154297,4.656612873077393,2.0000000474974513,4.656612873077393,2.0000000474974513,,1908120616500979,
Raw,1742897528000,117333000000,,,-1426932628667303965,0.0,11.942038119161735,999.0,1.0,29,11,0.0,32803,47527927725264,88,29.076398849487305,-354.06771269952014,1.2610449002871738,16,-16909.02411158275,340282346638528860000000000000000000000,1602000000,,,,1,,3,55.30976104736328,24.076398849487305,4.656612873077393,2.0000000474974513,4.656612873077393,2.0000000474974513,,1908120616500979,
Raw,1742897528000,117333000000,,,-1426932628667303965,0.0,11.942038119161735,999.0,1.0,29,1,0.0,32769,47527919995298,138,23.61111831665039,744.311703555873,1.1153267553371538,16,32703.768739459156,340282346638528860000000000000000000000,1602562560,,,,0,,3,55.30976104736328,18.61111831665039,4.656612873077393,2.0000000474974513,4.656612873077393,2.0000000474974513,,1908120616500979,
Raw,1742897528000,117333000000,,,-1426932628667303965,0.0,11.942038119161735,999.0,1.0,29,20,0.0,32995,47527935808337,59,33.974849700927734,91.97812944398339,0.6485282385515068,25,3840.6492539382475,0.0029955455102026463,1603124990,,,,0,,3,55.30976104736328,28.974849700927734,4.656612873077393,2.0000000474974513,4.656612873077393,2.0000000474974513,,1908120616500979,
Raw,1742897528000,117333000000,,,-1426932628667303965,0.0,11.942038119161735,999.0,1.0,29,19,0.0,32768,47527927948665,1000000000,12.106332778930664,974.8708649887285,299792458,16,37405.16359037921,340282346638528860000000000000000000000,1603687550,,,,1,,3,55.30976104736328,7.106332778930664,4.656612873077393,2.0000000474974513,4.656612873077393,2.0000000474974513,,1908120616500979,
Raw,1742897528000,117333000000,,,-1426932628667303965,0.0,11.942038119161735,999.0,1.0,29,21,0.0,32960,47527926043725,1000000000,30.569072723388672,-475.5081745868372,299792458,16,-33996.51212898118,340282346638528860000000000000000000000,1604249980,,,,1,,3,55.30976104736328,25.569072723388672,4.656612873077393,2.0000000474974513,4.656612873077393,2.0000000474974513,,1908120616500979,
Raw,1742897528000,117333000000,,,-1426932628667303965,0.0,11.942038119161735,999.0,1.0,29,8,0.0,16384,209531868015358,1000000000,19.768695831298828,-11.614727106596725,299792458,16,-509.1443265886453,340282346638528860000000000000000000000,1561097980,,,,0,,5,50.755516052246094,14.768694877624512,9.342329576611519,2.500692349107121,9.342329576611519,1.5000000237487257,,1908120616500979,
Raw,1742897528000,117333000000,,,-1426932628667303965,0.0,11.942038119161735,999.0,1.0,29,11,0.0,81955,209531922846350,31,24.889183044433594,734.5644618149145,1.0547688868259093,16,28164.03439501205,340282346638528860000000000000000000000,1561097980,,,,0,,5,50.755516052246094,19.889183044433594,9.342329576611519,2.500692349107121,9.342329576611519,1.5000000237487257,,1908120616500979,
Raw,1742897528000,117333000000,,,-1426932628667303965,0.0,11.942038119161735,999.0,1.0,29,13,0.0,16384,209531867594843,1000000000,22.671213150024414,-46.211908603659026,299792458,16,-1835.0256629019295,340282346638528860000000000000000000000,1561097980,,,,0,,5,50.755516052246094,17.671213150024414,9.342329576611519,2.500692349107121,9.342329576611519,1.5000000237487257,,1908120616500979,
Raw,1742897528000,117333000000,,,-1426932628667303965,0.0,11.942038119161735,999.0,1.0,29,23,0.0,81967,209531926348858,6,44.75457763671875,549.5036416347282,0.15,25,282626.6230837892,0.0009431983926333487,1561097980,,,,0,,5,50.755516052246094,39.75457763671875,9.342329576611519,2.500692349107121,9.342329576611519,1.5000000237487257,,1908120616500979,
Raw,1742897528000,117333000000,,,-1426932628667303965,0.0,11.942038119161735,999.0,1.0,29,25,0.0,81967,209531916132222,14,34.468406677246094,905.3681473596744,0.6263918827418351,17,37921.909360536876,0.09892600928937052,1561097980,,,,0,,5,50.755516052246094,29.46840476989746,9.342329576611519,2.500692349107121,9.342329576611519,1.5000000237487257,,1908120616500979,
Raw,1742897528000,117333000000,,,-1426932628667303965,0.0,11.942038119161735,999.0,1.0,29,28,0.0,81967,209531923748705,6,44.432403564453125,-176.71211796018474,0.15,25,-16348.575263220862,0.0009788399329409003,1561097980,,,,0,,5,50.755516052246094,39.432403564453125,9.342329576611519,2.500692349107121,9.342329576611519,1.5000000237487257,,1908120616500979,
Raw,1742897528000,117333000000,,,-1426932628667303965,0.0,11.942038119161735,999.0,1.0,29,34,0.0,16384,209531916456763,1000000000,13.103979110717773,880.1970262491441,299792458,16,33800.09421992523,340282346638528860000000000000000000000,1561097980,,,,0,,5,50.755516052246094,8.103979110717773,9.342329576611519,2.500692349107121,9.342329576611519,1.5000000237487257,,1908120616500979,
Raw,1742897528000,117333000000,,,-1426932628667303965,0.0,11.942038119161735,999.0,1.0,29,37,0.0,81967,209531924407891,10,38.106624603271484,-26.330088654127863,0.15,25,-1211.1850974364581,0.0020276857540011406,1561097980,,,,0,,5,50.755516052246094,33.106624603271484,9.342329576611519,2.500692349107121,9.342329576611519,1.5000000237487257,,1908120616500979,
Raw,1742897528000,117333000000,,,-1426932628667303965,0.0,11.942038119161735,999.0,1.0,29,4,0.0,85026,209545909009655,82,21.324848175048828,318.2311684693068,1.2154420409212703,16,12146.351205836165,340282346638528860000000000000000000000,1575420030,,,,1,,6,37.307655334472656,16.324848175048828,1.3096723705530164,1.5000000237487257,1.3096723705530164,1.5000000237487257,,1908120616500979,
Raw,1742897528000,117333000000,,,-1426932628667303965,0.0,11.942038119161735,999.0,1.0,29,6,0.0,16384,209545905945387,1000000000,23.187313079833984,106.75001142027378,299792458,16,3.289695942767303,340282346638528860000000000000000000000,1575420030,,,,0,,6,37.307655334472656,18.187313079833984,1.3096723705530164,1.5000000237487257,1.3096723705530164,1.5000000237487257,,1908120616500979,
Raw,1742897528000,117333000000,,,-1426932628667303965,0.0,11.942038119161735,999.0,1.0,29,13,0.0,85026,209545917693710,11,45.37306213378906,-139.62882042913873,0.15,25,-6323.28542816496,0.0008703873609192669,1575420030,,,,0,,6,37.307655334472656,40.37306213378906,1.3096723705530164,1.5000000237487257,1.3096723705530164,1.5000000237487257,,1908120616500979,
Raw,1742897528000,117333000000,,,-1426932628667303965,0.0,11.942038119161735,999.0,1.0,29,15,0.0,85026,209545917549252,55,26.2623348236084,405.3367591608055,0.993506070629945,16,11500.496511826823,340282346638528860000000000000000000000,1575420030,,,,1,,6,37.307655334472656,21.2623348236084,1.3096723705530164,1.5000000237487257,1.3096723705530164,1.5000000237487257,,1908120616500979,
Raw,1742897528000,117333000000,,,-1426932628667303965,0.0,11.942038119161735,999.0,1.0,29,18,0.0,16384,209545898104684,1000000000,20.970539093017578,-149.63565120020326,299792458,16,-186.13611261677622,340282346638528860000000000000000000000,1575420030,,,,0,,6,37.307655334472656,15.970538139343262,1.3096723705530164,1.5000000237487257,1.3096723705530164,1.5000000237487257,,1908120616500979,
Raw,1742897528000,117333000000,,,-1426932628667303965,0.0,11.942038119161735,999.0,1.0,29,21,0.0,85026,209545920970683,45,28.73870849609375,130.03742072063073,0.8813226664756462,16,4948.815179697384,340282346638528860000000000000000000000,1575420030,,,,1,,6,37.307655334472656,23.73870849609375,1.3096723705530164,1.5000000237487257,1.3096723705530164,1.5000000237487257,,1908120616500979,
Raw,1742897528000,117333000000,,,-1426932628667303965,0.0,11.942038119161735,999.0,1.0,29,23,0.0,21546,209545910163803,41,29.802663803100586,-151.6669485677345,0.8344118928406798,25,-6952.582285277108,0.004927836824208498,1575420030,,,,1,,6,37.307655334472656,24.802663803100586,1.3096723705530164,1.5000000237487257,1.3096723705530164,1.5000000237487257,,1908120616500979,
Raw,1742897528000,117333000000,,,-1426932628667303965,0.0,11.942038119161735,999.0,1.0,29,26,0.0,85026,209545906187899,78,22.088712692260742,-327.5752147496005,1.1813039341374187,16,-6503.050069597143,340282346638528860000000000000000000000,1575420030,,,,0,,6,37.307655334472656,17.088712692260742,1.3096723705530164,1.5000000237487257,1.3096723705530164,1.5000000237487257,,1908120616500979,
Raw,1742897528000,117333000000,,,-1426932628667303965,0.0,11.942038119161735,999.0,1.0,29,27,0.0,85026,209545918280221,51,27.332721710205078,573.0434059637942,0.9455033936075887,16,21992.851060177345,340282346638528860000000000000000000000,1575420030,,,,0,,6,37.307655334472656,22.332721710205078,1.3096723705530164,1.5000000237487257,1.3096723705530164,1.5000000237487257,,1908120616500979,
Raw,1742897528000,117333000000,,,-1426932628667303965,0.0,11.942038119161735,999.0,1.0,29,34,0.0,16384,209545906317933,1000000000,21.66685676574707,808.3295996216243,299792458,16,993.033217425688,340282346638528860000000000000000000000,1575420030,,,,0,,6,37.307655334472656,16.66685676574707,1.3096723705530164,1.5000000237487257,1.3096723705530164,1.5000000237487257,,1908120616500979,
Status,1742897527000,36,0,1,29,1575449980,30.81,31.0,81.0,0,1,1,25.809626
Status,1742897527000,36,1,3,10,1598062460,18.96,20.0,79.0,0,1,1,13.95845
Status,1742897527000,36,2,3,20,1603124990,34.92,160.0,74.0,1,1,1,29.91723
Status,1742897527000,36,3,6,21,1575449980,29.05,314.0,68.0,1,1,1,24.050768
Status,1742897527000,36,4,5,23,1575449980,45.71,150.0,67.0,1,1,1,40.70547
Status,1742897527000,36,5,1,28,1575449980,33.97,251.0,61.0,1,1,1,28.96753
Status,1742897527000,36,6,5,37,1575449980,38.91,302.0,55.0,1,1,1,33.91485
Status,1742897527000,36,7,1,25,1575449980,37.33,102.0,52.0,1,1,1,32.33298
Status,1742897527000,36,8,6,27,1575449980,30.71,93.0,51.0,1,1,1,25.70713
Status,1742897527000,36,9,1,31,1575449980,40.44,294.0,48.0,1,1,1,35.43604
Status,1742897527000,36,10,6,15,1575449980,26.96,68.0,45.0,0,1,1,21.955616
Status,1742897527000,36,11,6,13,1575449980,45.92,150.0,45.0,1,1,1,40.917896
Status,1742897527000,36,12,5,28,1575449980,44.43,209.0,45.0,1,1,1,39.432404
Status,1742897527000,36,13,3,9,1600875010,45.07,123.0,43.0,1,1,1,40.074577
Status,1742897527000,36,14,5,11,1575449980,25.59,51.0,41.0,1,1,1,20.587433
Status,1742897527000,36,15,3,19,1603687550,13.98,34.0,31.0,0,1,1,8.977416
Status,1742897527000,36,16,1,18,1575449980,43.49,175.0,31.0,1,1,1,38.486507
Status,1742897527000,36,17,3,11,1602000000,29.08,319.0,30.0,0,1,1,24.076399
Status,1742897527000,36,18,1,26,1575449980,36.24,297.0,26.0,1,1,1,31.241741
Status,1742897527000,36,19,3,21,1604249980,30.57,202.0,24.0,0,1,1,25.569073
Status,1742897527000,36,20,5,8,1575449980,19.77,69.0,21.0,0,1,1,14.768695
Status,1742897527000,36,21,5,13,1575449980,22.75,83.0,20.0,0,1,1,17.752989
Status,1742897527000,36,22,6,23,1575449980,30.57,291.0,18.0,1,1,1,25.568108
Status,1742897527000,36,23,5,34,1575449980,17.00,48.0,17.0,0,1,1,12.00227
Status,1742897527000,36,24,5,25,1575449980,34.83,137.0,16.0,1,1,1,29.831991
Status,1742897527000,36,25,1,12,1575449980,29.34,104.0,16.0,0,1,1,24.341005
Status,1742897527000,36,26,6,4,1575449980,23.45,309.0,15.0,1,1,1,18.454334
Status,1742897527000,36,27,1,20,1575449980,18.02,60.0,14.0,0,1,1,13.015063
Status,1742897527000,36,28,1,11,1575449980,20.45,36.0,11.0,0,1,1,15.44595
Status,1742897527000,36,29,1,5,1575449980,19.27,95.0,9.0,0,1,1,14.273742
Status,1742897527000,36,30,6,18,1575449980,22.10,241.0,7.0,0,0,1,17.104856
Status,1742897527000,36,31,6,34,1575449980,24.63,30.0,7.0,0,1,1,19.625101
Status,1742897527000,36,32,3,2,1599750020,25.25,348.0,7.0,0,1,1,20.251898
Status,1742897527000,36,33,3,1,1602562560,24.56,302.0,6.0,1,1,1,19.559246
Status,1742897527000,36,34,6,26,1575449980,23.15,188.0,6.0,1,1,1,18.147078
Status,1742897527000,36,35,6,6,1575449980,26.02,332.0,6.0,0,1,1,21.02355
Fix,GPS,45.0659522150,7.6463346477,322.2182639943387,0.0,8.0,,1742897528000,0.15450676,,1908120723901171,3.9500053,0,,,
Fix,FLP,45.0659521000,7.6463344000,307.1000061035156,0.03092524,8.0,,1742897528608,0.15450676,,1908120723901171,2.5914986,0,,,
Raw,1742897529000,118333000000,,,-1426932628667302966,0.0,11.89417824241216,998.0,1.0,29,5,0.0,16384,209546917695754,1000000000,18.934858322143555,-179.15450087706586,299792458,16,-7624.236548622185,340282346638528860000000000000000000000,1575420030,,,,1,,1,38.422760009765625,13.934858322143555,-0.37834980195649376,1.0,-0.37834980195649376,1.0,,1908121615063824,
Raw,1742897529000,118333000000,,,-1426932628667302966,0.0,11.89417824241216,998.0,1.0,29,11,0.0,16384,209546917336409,1000000000,20.074350357055664,883.7042473551674,299792458,16,34779.46566135713,340282346638528860000000000000000000000,1575420030,,,,0,,1,38.422760009765625,15.074350357055664,-0.20372681261465636,1.0,-0.20372681261465636,1.0,,1908121615063824,
Raw,1742897529000,118333000000,,,-1426932628667302966,0.0,11.89417824241216,998.0,1.0,29,12,0.0,16431,209546919524533,41,30.077062606811523,910.4728132029218,0.8244758582548122,25,35860.713315398316,0.004774593282490969,1575420030,,,,0,,1,38.422760009765625,25.077062606811523,-0.6984919076624261,1.0,-0.6984919076624261,1.0,,1908121615063824,
Raw,1742897529000,118333000000,,,-1426932628667302966,0.0,11.89417824241216,998.0,1.0,29,18,0.0,16431,209546923488786,14,43.10334777832031,-343.4539926663822,0.15,25,-35791.531203348,0.001130312099121511,1575420030,,,,0,,1,38.422760009765625,38.10334777832031,-0.08731148845780326,1.0,-0.08731148845780326,1.0,,1908121615063824,
Raw,1742897529000,118333000000,,,-1426932628667302966,0.0,11.89417824241216,998.0,1.0,29,20,0.0,16384,209546919210753,1000000000,13.958684921264648,199.5759760527186,299792458,16,8012.001321641944,340282346638528860000000000000000000000,1575420030,,,,1,,1,38.422760009765625,8.958684921264648,0.0,1.0,0.0,1.0,,1908121615063824,
Raw,1742897529000,118333000000,,,-1426932628667302966,0.0,11.89417824241216,998.0,1.0,29,25,0.0,16431,209546930200203,22,37.5406494140625,711.7003140215002,0.15,25,29036.27293070063,0.0020218873396515846,1575420030,,,,0,,1,38.422760009765625,32.5406494140625,-1.8917489103726217,1.0,-1.8917489103726217,1.0,,1908121615063824,
Raw,1742897529000,118333000000,,,-1426932628667302966,0.0,11.89417824241216,998.0,1.0,29,26,0.0,16431,209546923636920,25,35.944297790527344,-271.9870178617772,0.5577749444598508,25,-11758.551670524623,0.0024298219941556454,1575420030,,,,0,,1,38.422760009765625,30.944299697875977,-0.8440110737314445,1.0,-0.8440110737314445,1.0,,1908121615063824,
Raw,1742897529000,118333000000,,,-1426932628667302966,0.0,11.89417824241216,998.0,1.0,29,28,0.0,16431,209546930254728,25,35.79277038574219,386.51799446190967,0.5657794290463158,25,16436.86624479161,0.0024725834373384714,1575420030,,,,0,,1,38.422760009765625,30.792770385742188,-0.34924595383121304,1.0,-0.34924595383121304,1.0,,1908121615063824,
Raw,1742897529000,118333000000,,,-1426932628667302966,0.0,11.89417824241216,998.0,1.0,29,29,0.0,16431,209546932277371,41,30.053653717041016,387.8148319326026,0.8242248995417438,16,16133.847399878385,340282346638528860000000000000000000000,1575420030,,,,0,,1,38.422760009765625,25.053653717041016,-0.9604263668227204,1.0,-0.9604263668227204,1.0,,1908121615063824,
Raw,1742897529000,118333000000,,,-1426932628667302966,0.0,11.89417824241216,998.0,1.0,29,31,0.0,16431,209546928853400,17,40.357906341552734,67.10471007056572,0.15,25,2721.6710899209334,0.0015504950424656272,1575420030,,,,0,,1,38.422760009765625,35.357906341552734,-0.2619344840127561,1.0,-0.2619344840127561,1.0,,1908121615063824,
Raw,1742897529000,118333000000,,,-1426932628667302966,0.0,11.89417824241216,998.0,1.0,29,10,0.0,32768,47528935829512,1000000000,17.306623458862305,216.94134551688398,299792458,16,9662.358400594898,340282346638528860000000000000000000000,1598062460,,,,1,,3,55.107749938964844,12.306623458862305,4.656612873077393,2.0000000474974513,4.656612873077393,2.0000000474974513,,1908121615063824,
Raw,1742897529000,118333000000,,,-1426932628667302966,0.0,11.89417824241216,998.0,1.0,29,2,0.0,32768,47528920372931,1000000000,23.832977294921875,207.82602660231487,299792458,16,8049.748889891215,340282346638528860000000000000000000000,1599750020,,,,0,,3,55.107749938964844,18.832977294921875,4.656612873077393,2.0000000474974513,4.656612873077393,2.0000000474974513,,1908121615063824,
Raw,1742897529000,118333000000,,,-1426932628667302966,0.0,11.89417824241216,998.0,1.0,29,9,0.0,32995,47528931601747,33,45.315513610839844,799.8032596382259,0.15,25,42003.615739613924,0.0008622415480203927,1600875010,,,,0,,3,55.107749938964844,40.315513610839844,4.656612873077393,2.0000000474974513,4.656612873077393,2.0000000474974513,,1908121615063824,
Raw,1742897529000,118333000000,,,-1426932628667302966,0.0,11.89417824241216,998.0,1.0,29,11,0.0,32803,47528927726437,77,30.73333168029785,-353.6092695768318,0.7928418800832167,25,-17262.807806411125,0.004353681579232216,1602000000,,,,0,,3,55.107749938964844,25.73333168029785,4.656612873077393,2.0000000474974513,4.656612873077393,2.0000000474974513,,1908121615063824,
Raw,1742897529000,118333000000,,,-1426932628667302966,0.0,11.89417824241216,998.0,1.0,29,1,0.0,32768,47528919992795,1000000000,25.22405242919922,744.4135419359632,299792458,16,33447.035269887936,340282346638528860000000000000000000000,1602562560,,,,0,,3,55.107749938964844,20.22405242919922,4.656612873077393,2.0000000474974513,4.656612873077393,2.0000000474974513,,1908121615063824,
Raw,1742897529000,118333000000,,,-1426932628667302966,0.0,11.89417824241216,998.0,1.0,29,20,0.0,32995,47528935808014,58,34.32928466796875,92.36798162291956,0.6325897641470486,25,3932.8932775292924,0.0028757709078490734,1603124990,,,,0,,3,55.107749938964844,29.329282760620117,4.656612873077393,2.0000000474974513,4.656612873077393,2.0000000474974513,,1908121615063824,
Raw,1742897529000,118333000000,,,-1426932628667302966,0.0,11.89417824241216,998.0,1.0,29,19,0.0,32768,47528927945417,1000000000,12.769096374511719,975.2352746138704,299792458,16,38380.16422430711,340282346638528860000000000000000000000,1603687550,,,,1,,3,55.107749938964844,7.769096374511719,4.656612873077393,2.0000000474974513,4.656612873077393,2.0000000474974513,,1908121615063824,
Raw,1742897529000,118333000000,,,-1426932628667302966,0.0,11.89417824241216,998.0,1.0,29,21,0.0,32995,47528926045289,70,31.965656280517578,-473.31411644818127,0.7371233209944239,16,-34469.3311748594,340282346638528860000000000000000000000,1604249980,,,,0,,3,55.107749938964844,26.965656280517578,4.656612873077393,2.0000000474974513,4.656612873077393,2.0000000474974513,,1908121615063824,
Raw,1742897529000,118333000000,,,-1426932628667302966,0.0,11.89417824241216,998.0,1.0,29,8,0.0,16384,209532868015393,1000000000,18.889204025268555,-11.614727106596725,299792458,16,-521.2118248257972,340282346638528860000000000000000000000,1561097980,,,,0,,5,50.053245544433594,13.889204025268555,9.342329576611519,2.500692349107121,9.342329576611519,1.5000000237487257,,1908121615063824,
Raw,1742897529000,118333000000,,,-1426932628667302966,0.0,11.89417824241216,998.0,1.0,29,11,0.0,81955,209532922843895,33,24.10897445678711,734.4810961262597,1.0898534474512478,16,28899.950944960616,340282346638528860000000000000000000000,1561097980,,,,1,,5,50.053245544433594,19.10897445678711,9.342329576611519,2.500692349107121,9.342329576611519,1.5000000237487257,,1908121615063824,
Raw,1742897529000,118333000000,,,-1426932628667302966,0.0,11.89417824241216,998.0,1.0,29,13,0.0,16384,209532867595000,1000000000,22.88494110107422,-46.2125391291047,299792458,16,-1880.921234919022,340282346638528860000000000000000000000,1561097980,,,,0,,5,50.053245544433594,17.88494110107422,9.342329576611519,2.500692349107121,9.342329576611519,1.5000000237487257,,1908121615063824,
Raw,1742897529000,118333000000,,,-1426932628667302966,0.0,11.89417824241216,998.0,1.0,29,23,0.0,81967,209532926347027,6,45.103694915771484,549.7296083214744,0.15,25,283176.2455221828,0.0009060397278517485,1561097980,,,,0,,5,50.053245544433594,40.103694915771484,9.342329576611519,2.500692349107121,9.342329576611519,1.5000000237487257,,1908121615063824,
Raw,1742897529000,118333000000,,,-1426932628667302966,0.0,11.89417824241216,998.0,1.0,29,25,0.0,81967,209532916129202,14,34.697628021240234,905.5599634249847,0.6160835372588345,25,38827.380781184416,0.0028305721934884787,1561097980,,,,0,,5,50.053245544433594,29.697628021240234,9.342329576611519,2.500692349107121,9.342329576611519,1.5000000237487257,,1908121615063824,
Raw,1742897529000,118333000000,,,-1426932628667302966,0.0,11.89417824241216,998.0,1.0,29,28,0.0,81967,209532923749304,7,42.921302795410156,-176.44119651328492,0.15,25,-16525.092175486167,0.0011648413492366672,1561097980,,,,0,,5,50.053245544433594,37.921302795410156,9.342329576611519,2.500692349107121,9.342329576611519,1.5000000237487257,,1908121615063824,
Raw,1742897529000,118333000000,,,-1426932628667302966,0.0,11.89417824241216,998.0,1.0,29,34,0.0,16384,209532916453805,1000000000,16.569705963134766,880.5717287761559,299792458,16,34679.120412470314,340282346638528860000000000000000000000,1561097980,,,,1,,5,50.053245544433594,11.569705963134766,9.342329576611519,2.500692349107121,9.342329576611519,1.5000000237487257,,1908121615063824,
Raw,1742897529000,118333000000,,,-1426932628667302966,0.0,11.89417824241216,998.0,1.0,29,37,0.0,81967,209532924407985,9,39.30690002441406,-26.101834182487536,0.15,25,-1237.4026085569528,0.0017659844597801566,1561097980,,,,0,,5,50.053245544433594,34.30690002441406,9.342329576611519,2.500692349107121,9.342329576611519,1.5000000237487257,,1908121615063824,
Raw,1742897529000,118333000000,,,-1426932628667302966,0.0,11.89417824241216,998.0,1.0,29,4,0.0,85026,209546909008588,88,20.52903938293457,318.35676232159335,1.2512284871356254,29,12464.972635180044,0.007166507188230753,1575420030,,,,1,,6,38.422760009765625,15.52903938293457,1.3096723705530164,1.5000000237487257,1.3096723705530164,1.5000000237487257,,1908121615063824,
Raw,1742897529000,118333000000,,,-1426932628667302966,0.0,11.89417824241216,998.0,1.0,29,6,0.0,16384,209546905945029,1000000000,25.042781829833984,106.56434723836577,299792458,16,3.28444117733168,340282346638528860000000000000000000000,1575420030,,,,0,,6,38.422760009765625,20.042781829833984,1.3096723705530164,1.5000000237487257,1.3096723705530164,1.5000000237487257,,1908121615063824,
Raw,1742897529000,118333000000,,,-1426932628667302966,0.0,11.89417824241216,998.0,1.0,29,13,0.0,85026,209546917694178,12,45.22319793701172,-139.39749427610428,0.15,25,-6462.764654334353,0.0008855352061800659,1575420030,,,,0,,6,38.422760009765625,40.22319793701172,1.3096723705530164,1.5000000237487257,1.3096723705530164,1.5000000237487257,,1908121615063824,
Raw,1742897529000,118333000000,,,-1426932628667302966,0.0,11.89417824241216,998.0,1.0,29,15,0.0,85026,209546917547922,61,25.044902801513672,405.42015893191683,1.0482522811983692,16,11906.157908320107,340282346638528860000000000000000000000,1575420030,,,,0,,6,38.422760009765625,20.044902801513672,1.3096723705530164,1.5000000237487257,1.3096723705530164,1.5000000237487257,,1908121615063824,
Raw,1742897529000,118333000000,,,-1426932628667302966,0.0,11.89417824241216,998.0,1.0,29,18,0.0,16384,209546898105182,1000000000,20.873035430908203,-150.006962522791,299792458,16,-186.13692970860023,340282346638528860000000000000000000000,1575420030,,,,0,,6,38.422760009765625,15.87303638458252,1.3096723705530164,1.5000000237487257,1.3096723705530164,1.5000000237487257,,1908121615063824,
Raw,1742897529000,118333000000,,,-1426932628667302966,0.0,11.89417824241216,998.0,1.0,29,21,0.0,85026,209546920970246,53,27.082265853881836,130.53565511130944,299.7926276553794,16,5079.238777115632,340282346638528860000000000000000000000,1575420030,,,,1,,6,38.422760009765625,22.082265853881836,1.3096723705530164,1.5000000237487257,1.3096723705530164,1.5000000237487257,,1908121615063824,
Raw,1742897529000,118333000000,,,-1426932628667302966,0.0,11.89417824241216,998.0,1.0,29,23,0.0,21546,209546910164259,39,30.398189544677734,-151.58567895015585,0.8076318688970732,25,-7104.158553154558,0.004601293709129095,1575420030,,,,1,,6,38.422760009765625,25.398189544677734,1.3096723705530164,1.5000000237487257,1.3096723705530164,1.5000000237487257,,1908121615063824,
Raw,1742897529000,118333000000,,,-1426932628667302966,0.0,11.89417824241216,998.0,1.0,29,26,0.0,85026,209546906188988,76,22.308879852294922,-327.5084472172723,1.1714035130559255,16,-6830.428845990646,340282346638528860000000000000000000000,1575420030,,,,1,,6,38.422760009765625,17.308879852294922,1.3096723705530164,1.5000000237487257,1.3096723705530164,1.5000000237487257,,1908121615063824,
Raw,1742897529000,118333000000,,,-1426932628667302966,0.0,11.89417824241216,998.0,1.0,29,27,0.0,85026,209546918278314,62,24.75076675415039,573.3640537147608,1.061610673703672,16,22566.765121526536,340282346638528860000000000000000000000,1575420030,,,,0,,6,38.422760009765625,19.75076675415039,1.3096723705530164,1.5000000237487257,1.3096723705530164,1.5000000237487257,,1908121615063824,
Raw,1742897529000,118333000000,,,-1426932628667302966,0.0,11.89417824241216,998.0,1.0,29,34,0.0,16384,209546906315237,1000000000,24.002742767333984,808.143918398488,299792458,16,993.0005071428097,340282346638528860000000000000000000000,1575420030,,,,0,,6,38.422760009765625,19.002742767333984,1.3096723705530164,1.5000000237487257,1.3096723705530164,1.5000000237487257,,1908121615063824,
Status,1742897528000,36,0,1,29,1575449980,30.73,31.0,81.0,0,1,1,25.734028
Status,1742897528000,36,1,3,10,1598062460,18.79,20.0,79.0,0,1,1,13.793267
Status,1742897528000,36,2,3,20,1603124990,34.86,160.0,74.0,1,1,1,29.858437
Status,1742897528000,36,3,6,21,1575449980,28.85,314.0,68.0,0,1,1,23.853918
Status,1742897528000,36,4,5,23,1575449980,45.65,150.0,67.0,1,1,1,40.645294
Status,1742897528000,36,5,1,28,1575449980,35.79,251.0,61.0,1,1,1,30.79277
Status,1742897528000,36,6,5,37,1575449980,39.31,302.0,55.0,0,1,1,34.3069
Status,1742897528000,36,7,1,25,1575449980,37.54,102.0,52.0,1,1,1,32.54065
Status,1742897528000,36,8,6,27,1575449980,30.11,93.0,51.0,1,1,1,25.111494
Status,1742897528000,36,9,1,31,1575449980,40.43,294.0,48.0,1,1,1,35.428226
Status,1742897528000,36,10,6,15,1575449980,26.76,68.0,45.0,0,1,1,21.764545
Status,1742897528000,36,11,6,13,1575449980,45.85,150.0,45.0,1,1,1,40.848427
Status,1742897528000,36,12,5,28,1575449980,44.28,209.0,45.0,1,1,1,39.281292
Status,1742897528000,36,13,3,9,1600875010,45.32,123.0,43.0,1,1,1,40.315514
Status,1742897528000,36,14,5,11,1575449980,25.44,51.0,41.0,1,1,1,20.439587
Status,1742897528000,36,15,3,19,1603687550,13.86,34.0,31.0,0,1,1,8.856585
Status,1742897528000,36,16,1,18,1575449980,43.45,175.0,31.0,1,1,1,38.448193
Status,1742897528000,36,17,3,11,1602000000,30.73,319.0,30.0,0,1,1,25.733332
Status,1742897528000,36,18,1,26,1575449980,36.21,297.0,26.0,1,1,1,31.211998
Status,1742897528000,36,19,3,21,1604249980,31.97,202.0,24.0,1,1,1,26.965656
Status,1742897528000,36,20,5,8,1575449980,19.68,69.0,21.0,0,1,1,14.680746
Status,1742897528000,36,21,5,13,1575449980,22.88,83.0,20.0,0,1,1,17.884941
Status,1742897528000,36,22,6,23,1575449980,30.55,291.0,18.0,1,1,1,25.551115
Status,1742897528000,36,23,5,34,1575449980,16.96,48.0,17.0,0,1,1,11.959013
Status,1742897528000,36,24,5,25,1575449980,34.82,137.0,16.0,1,1,1,29.818554
Status,1742897528000,36,25,1,12,1575449980,30.08,104.0,16.0,1,1,1,25.077063
Status,1742897528000,36,26,6,4,1575449980,23.16,309.0,15.0,1,1,1,18.161804
Status,1742897528000,36,27,1,20,1575449980,17.61,60.0,14.0,0,1,1,12.609426
Status,1742897528000,36,28,1,11,1575449980,20.41,36.0,11.0,0,1,1,15.40879
Status,1742897528000,36,29,1,5,1575449980,19.24,95.0,9.0,0,1,1,14.239853
Status,1742897528000,36,30,6,18,1575449980,21.98,241.0,7.0,0,0,1,16.981674
Status,1742897528000,36,31,6,34,1575449980,24.56,30.0,7.0,0,1,1,19.562866
Status,1742897528000,36,32,3,2,1599750020,25.11,348.0,7.0,0,1,1,20.110006
Status,1742897528000,36,33,3,1,1602562560,25.22,302.0,6.0,0,1,1,20.224052
Status,1742897528000,36,34,6,26,1575449980,23.06,188.0,6.0,1,1,1,18.063257
Status,1742897528000,36,35,6,6,1575449980,25.93,332.0,6.0,0,1,1,20.925472
Fix,GPS,45.0659522150,7.6463346477,322.43551032815026,0.0,8.0,,1742897529000,0.15093732,,1908121725509017,3.8949199,0,,,
Fix,FLP,45.0659521000,7.6463344000,307.1000061035156,0.025777645,8.0,,1742897529611,0.15093732,,1908121725509017,2.6015146,0,,,
Fix,NLP,45.0660698000,7.6464974000,307.1000061035156,,13.665,,1742897527149,,,1908119263000000,2.9034474,0,,,
Raw,1742897530000,119333000000,,,-1426932628667301965,0.0,11.857014865201998,999.0,1.0,29,5,0.0,16384,209547917696353,1000000000,19.014497756958008,-179.52579515842535,299792458,16,-7803.701759363822,340282346638528860000000000000000000000,1575420030,,,,0,,1,38.210899353027344,14.014497756958008,-0.37834980195649376,1.0,-0.37834980195649376,1.0,,1908122605422170,
Raw,1742897530000,119333000000,,,-1426932628667301965,0.0,11.857014865201998,999.0,1.0,29,11,0.0,16384,209547917333512,1000000000,20.132369995117188,883.5185661320311,299792458,16,35663.08807657943,340282346638528860000000000000000000000,1575420030,,,,0,,1,38.210899353027344,15.132369995117188,-0.20372681261465636,1.0,-0.20372681261465636,1.0,,1908122605422170,
Raw,1742897530000,119333000000,,,-1426932628667301965,0.0,11.857014865201998,999.0,1.0,29,12,0.0,16431,209547919521514,45,28.88116455078125,910.8477883895857,0.87825344807155,25,36771.28098988909,0.005479378160089254,1575420030,,,,0,,1,38.210899353027344,23.88116455078125,-0.6984919076624261,1.0,-0.6984919076624261,1.0,,1908122605422170,
Raw,1742897530000,119333000000,,,-1426932628667301965,0.0,11.857014865201998,999.0,1.0,29,18,0.0,16431,209547923489931,14,43.336090087890625,-343.25866610804997,0.15,25,-36134.86665156257,0.001100426889024675,1575420030,,,,0,,1,38.210899353027344,38.336090087890625,-0.08731148845780326,1.0,-0.08731148845780326,1.0,,1908122605422170,
Raw,1742897530000,119333000000,,,-1426932628667301965,0.0,11.857014865201998,999.0,1.0,29,20,0.0,16384,209547919210083,1000000000,14.655853271484375,199.39029482958233,299792458,16,8211.730391563502,340282346638528860000000000000000000000,1575420030,,,,1,,1,38.210899353027344,9.655853271484375,0.0,1.0,0.0,1.0,,1908122605422170,
Raw,1742897530000,119333000000,,,-1426932628667301965,0.0,11.857014865201998,999.0,1.0,29,25,0.0,16431,209547930197829,21,37.932621002197266,711.8879720271148,0.15,25,29748.060821216226,0.001932673272676766,1575420030,,,,0,,1,38.210899353027344,32.932621002197266,-1.8917489103726217,1.0,-1.8917489103726217,1.0,,1908122605422170,
Raw,1742897530000,119333000000,,,-1426932628667301965,0.0,11.857014865201998,999.0,1.0,29,26,0.0,16431,209547923637839,27,35.193912506103516,-271.7495994696393,0.5915192058257,25,-12030.40500582849,0.0026490723248571157,1575420030,,,,0,,1,38.210899353027344,30.193912506103516,-0.8440110737314445,1.0,-0.8440110737314445,1.0,,1908122605422170,
Raw,1742897530000,119333000000,,,-1426932628667301965,0.0,11.857014865201998,999.0,1.0,29,28,0.0,16431,209547930253417,26,35.63859558105469,386.6549036897618,0.5727123465548982,25,16823.451537075638,0.0025168638676404953,1575420030,,,,0,,1,38.210899353027344,30.638593673706055,-0.34924595383121304,1.0,-0.34924595383121304,1.0,,1908122605422170,
Raw,1742897530000,119333000000,,,-1426932628667301965,0.0,11.857014865201998,999.0,1.0,29,29,0.0,16431,209547932276068,40,30.246200561523438,387.7408730019481,0.8155660917006089,17,16521.596516916914,0.09982935400967276,1575420030,,,,1,,1,38.210899353027344,25.246200561523438,-0.9604263668227204,1.0,-0.9604263668227204,1.0,,1908122605422170,
Raw,1742897530000,119333000000,,,-1426932628667301965,0.0,11.857014865201998,999.0,1.0,29,31,0.0,16431,209547928853180,21,38.085693359375,67.42188567127405,0.15,25,2788.952954416804,0.0018989115487784147,1575420030,,,,0,,1,38.210899353027344,33.085693359375,-0.2619344840127561,1.0,-0.2619344840127561,1.0,,1908122605422170,
Raw,1742897530000,119333000000,,,-1426932628667301965,0.0,11.857014865201998,999.0,1.0,29,10,0.0,32768,47529935828946,1000000000,17.208690643310547,216.75851017886737,299792458,16,9879.26676817751,340282346638528860000000000000000000000,1598062460,,,,1,,3,54.90093231201172,12.208690643310547,4.656612873077393,2.0000000474974513,4.656612873077393,2.0000000474974513,,1908122605422170,
Raw,1742897530000,119333000000,,,-1426932628667301965,0.0,11.857014865201998,999.0,1.0,29,2,0.0,32769,47529920372461,132,24.088043212890625,208.16035845957538,1.093947868810242,16,8257.548925445528,340282346638528860000000000000000000000,1599750020,,,,0,,3,54.90093231201172,19.088043212890625,4.656612873077393,2.0000000474974513,4.656612873077393,2.0000000474974513,,1908122605422170,
Raw,1742897530000,119333000000,,,-1426932628667301965,0.0,11.857014865201998,999.0,1.0,29,9,0.0,32995,47529931599104,33,44.45920181274414,799.9686277172746,0.15,25,42803.518567316445,0.000951578316744417,1600875010,,,,0,,3,54.90093231201172,39.45920181274414,4.656612873077393,2.0000000474974513,4.656612873077393,2.0000000474974513,,1908122605422170,
Raw,1742897530000,119333000000,,,-1426932628667301965,0.0,11.857014865201998,999.0,1.0,29,11,0.0,32867,47529927727558,77,30.827566146850586,-353.5219503232204,0.7886045387356395,25,-17616.404942011653,0.004306704271584749,1602000000,,,,0,,3,54.90093231201172,25.827566146850586,4.656612873077393,2.0000000474974513,4.656612873077393,2.0000000474974513,,1908122605422170,
Raw,1742897530000,119333000000,,,-1426932628667301965,0.0,11.857014865201998,999.0,1.0,29,1,0.0,32768,47529919990342,1000000000,23.615814208984375,744.8881060605868,299792458,16,34190.89400462438,340282346638528860000000000000000000000,1602562560,,,,0,,3,54.90093231201172,18.615814208984375,4.656612873077393,2.0000000474974513,4.656612873077393,2.0000000474974513,,1908122605422170,
Raw,1742897530000,119333000000,,,-1426932628667301965,0.0,11.857014865201998,999.0,1.0,29,20,0.0,32995,47529935807713,57,34.39386749267578,92.6300842341941,0.6296853663725432,25,4025.438610945766,0.0028544669039547443,1603124990,,,,0,,3,54.90093231201172,29.39386749267578,4.656612873077393,2.0000000474974513,4.656612873077393,2.0000000474974513,,1908122605422170,
Raw,1742897530000,119333000000,,,-1426932628667301965,0.0,11.857014865201998,999.0,1.0,29,19,0.0,32768,47529927942159,1000000000,12.0,975.0530698012994,299792458,16,39355.53661881051,340282346638528860000000000000000000000,1603687550,,,,1,,3,54.90093231201172,7.0,4.656612873077393,2.0000000474974513,4.656612873077393,2.0000000474974513,,1908122605422170,
Raw,1742897530000,119333000000,,,-1426932628667301965,0.0,11.857014865201998,999.0,1.0,29,21,0.0,32995,47529926046811,82,30.03904914855957,-473.1668120710897,0.82376085890811,16,-34941.769552179314,340282346638528860000000000000000000000,1604249980,,,,0,,3,54.90093231201172,25.03904914855957,4.656612873077393,2.0000000474974513,4.656612873077393,2.0000000474974513,,1908122605422170,
Raw,1742897530000,119333000000,,,-1426932628667301965,0.0,11.857014865201998,999.0,1.0,29,8,0.0,16384,209533868015456,1000000000,19.89893341064453,-11.614727106596725,299792458,16,-532.3059874797751,340282346638528860000000000000000000000,1561097980,,,,0,,5,49.67959976196289,14.898933410644531,9.342329576611519,2.500692349107121,9.342329576611519,1.5000000237487257,,1908122605422170,
Raw,1742897530000,119333000000,,,-1426932628667301965,0.0,11.857014865201998,999.0,1.0,29,11,0.0,81955,209533922841432,29,25.46261978149414,734.3342689035594,1.02898118159204,16,29634.763231952573,340282346638528860000000000000000000000,1561097980,,,,1,,5,49.67959976196289,20.46261978149414,9.342329576611519,2.500692349107121,9.342329576611519,1.5000000237487257,,1908122605422170,
Raw,1742897530000,119333000000,,,-1426932628667301965,0.0,11.857014865201998,999.0,1.0,29,13,0.0,16384,209533867595183,1000000000,20.016172409057617,-45.97762579752123,299792458,16,-1926.4365148447175,340282346638528860000000000000000000000,1561097980,,,,0,,5,49.67959976196289,15.016172409057617,9.342329576611519,2.500692349107121,9.342329576611519,1.5000000237487257,,1908122605422170,
Raw,1742897530000,119333000000,,,-1426932628667301965,0.0,11.857014865201998,999.0,1.0,29,23,0.0,81967,209533926345192,6,45.545745849609375,549.9017588093711,0.15,25,283726.1078088699,0.00086108228424564,1561097980,,,,0,,5,49.67959976196289,40.545745849609375,9.342329576611519,2.500692349107121,9.342329576611519,1.5000000237487257,,1908122605422170,
Raw,1742897530000,119333000000,,,-1426932628667301965,0.0,11.857014865201998,999.0,1.0,29,25,0.0,81967,209533916126177,13,34.889549255371094,905.7121075109026,0.6074524214136243,25,39733.04537640332,0.002768714213743806,1561097980,,,,0,,5,49.67959976196289,29.889549255371094,9.342329576611519,2.500692349107121,9.342329576611519,1.5000000237487257,,1908122605422170,
Raw,1742897530000,119333000000,,,-1426932628667301965,0.0,11.857014865201998,999.0,1.0,29,28,0.0,81967,209533923749899,9,39.95903778076172,-176.3408407200535,0.15,25,-16701.43148606131,0.001638249377720058,1561097980,,,,0,,5,49.67959976196289,34.95903778076172,9.342329576611519,2.500692349107121,9.342329576611519,1.5000000237487257,,1908122605422170,
Raw,1742897530000,119333000000,,,-1426932628667301965,0.0,11.857014865201998,999.0,1.0,29,34,0.0,16384,209533916450846,1000000000,16.693801879882812,880.1970262491441,299792458,16,35558.98127894457,340282346638528860000000000000000000000,1561097980,,,,1,,5,49.67959976196289,11.693801879882812,9.342329576611519,2.500692349107121,9.342329576611519,1.5000000237487257,,1908122605422170,
Raw,1742897530000,119333000000,,,-1426932628667301965,0.0,11.857014865201998,999.0,1.0,29,37,0.0,81967,209533924408064,10,38.23688507080078,-25.864720402304812,0.15,25,-1263.382374319243,0.0019975039176642895,1561097980,,,,0,,5,49.67959976196289,33.23688507080078,9.342329576611519,2.500692349107121,9.342329576611519,1.5000000237487257,,1908122605422170,
Raw,1742897530000,119333000000,,,-1426932628667301965,0.0,11.857014865201998,999.0,1.0,29,4,0.0,85026,209547909007523,73,22.848562240600586,318.3417660407233,1.1469221910432674,16,12783.826122996512,340282346638528860000000000000000000000,1575420030,,,,1,,6,38.210899353027344,17.848562240600586,1.3096723705530164,1.5000000237487257,1.3096723705530164,1.5000000237487257,,1908122605422170,
Raw,1742897530000,119333000000,,,-1426932628667301965,0.0,11.857014865201998,999.0,1.0,29,6,0.0,16384,209547905944673,1000000000,23.412839889526367,106.93565856095353,299792458,16,3.289111376990356,340282346638528860000000000000000000000,1575420030,,,,0,,6,38.210899353027344,18.412839889526367,1.3096723705530164,1.5000000237487257,1.3096723705530164,1.5000000237487257,,1908122605422170,
Raw,1742897530000,119333000000,,,-1426932628667301965,0.0,11.857014865201998,999.0,1.0,29,13,0.0,85026,209547917694634,12,45.224700927734375,-139.1781225446952,0.15,25,-6602.010868361741,0.0008853821200318635,1575420030,,,,0,,6,38.210899353027344,40.224700927734375,1.3096723705530164,1.5000000237487257,1.3096723705530164,1.5000000237487257,,1908122605422170,
Raw,1742897530000,119333000000,,,-1426932628667301965,0.0,11.857014865201998,999.0,1.0,29,15,0.0,85026,209547917546545,54,26.526586532592773,406.0688503269155,0.9816224100422328,29,12312.107090897982,0.007185551803559065,1575420030,,,,1,,6,38.210899353027344,21.526586532592773,1.3096723705530164,1.5000000237487257,1.3096723705530164,1.5000000237487257,,1908122605422170,
Raw,1742897530000,119333000000,,,-1426932628667301965,0.0,11.857014865201998,999.0,1.0,29,18,0.0,16384,209547898105681,1000000000,18.618982315063477,-149.63565120020326,299792458,16,-186.1337722742484,340282346638528860000000000000000000000,1575420030,,,,0,,6,38.210899353027344,13.618982315063477,1.3096723705530164,1.5000000237487257,1.3096723705530164,1.5000000237487257,,1908122605422170,
Raw,1742897530000,119333000000,,,-1426932628667301965,0.0,11.857014865201998,999.0,1.0,29,21,0.0,85026,209547920969806,61,25.13604736328125,131.16373514072592,1.0433301620573348,16,5209.705281389719,340282346638528860000000000000000000000,1575420030,,,,1,,6,38.210899353027344,20.13604736328125,1.3096723705530164,1.5000000237487257,1.3096723705530164,1.5000000237487257,,1908122605422170,
Raw,1742897530000,119333000000,,,-1426932628667301965,0.0,11.857014865201998,999.0,1.0,29,23,0.0,21546,209547910164818,34,32.05595397949219,-151.3892106295301,0.7330841504926835,25,-7255.581256628158,0.003801821731030941,1575420030,,,,1,,6,38.210899353027344,27.055953979492188,1.3096723705530164,1.5000000237487257,1.3096723705530164,1.5000000237487257,,1908122605422170,
Raw,1742897530000,119333000000,,,-1426932628667301965,0.0,11.857014865201998,999.0,1.0,29,26,0.0,85026,209547906190077,71,23.25470733642578,-327.5755555741657,1.1288708706035866,16,-7157.454229288627,340282346638528860000000000000000000000,1575420030,,,,1,,6,38.210899353027344,18.25470733642578,1.3096723705530164,1.5000000237487257,1.3096723705530164,1.5000000237487257,,1908122605422170,
Raw,1742897530000,119333000000,,,-1426932628667301965,0.0,11.857014865201998,999.0,1.0,29,27,0.0,85026,209547918276389,58,25.60865020751953,573.717079799424,1.023032261880958,16,23140.673939901753,340282346638528860000000000000000000000,1575420030,,,,0,,6,38.210899353027344,20.60865020751953,1.3096723705530164,1.5000000237487257,1.3096723705530164,1.5000000237487257,,1908122605422170,
Raw,1742897530000,119333000000,,,-1426932628667301965,0.0,11.857014865201998,999.0,1.0,29,34,0.0,16384,209547906312537,1000000000,23.687820434570312,808.5152126798475,299792458,16,993.0216829639601,340282346638528860000000000000000000000,1575420030,,,,0,,6,38.210899353027344,18.687820434570312,1.3096723705530164,1.5000000237487257,1.3096723705530164,1.5000000237487257,,1908122605422170,
Status,1742897529000,35,0,1,29,1575449980,30.69,31.0,81.0,0,1,1,25.685246
Status,1742897529000,35,1,3,10,1598062460,18.63,20.0,79.0,0,1,1,13.6348095
Status,1742897529000,35,2,3,20,1603124990,34.81,160.0,74.0,1,1,1,29.81198
Status,1742897529000,35,3,6,21,1575449980,28.48,314.0,68.0,1,1,1,23.482132
Status,1742897529000,35,4,5,23,1575449980,45.64,150.0,67.0,1,1,1,40.635338
Status,1742897529000,35,5,1,28,1575449980,35.78,251.0,61.0,1,1,1,30.777353
Status,1742897529000,35,6,5,37,1575449980,39.20,302.0,55.0,1,1,1,34.199898
Status,1742897529000,35,7,1,25,1575449980,37.93,102.0,52.0,1,1,1,32.93262
Status,1742897529000,35,8,6,27,1575449980,29.66,93.0,51.0,1,1,1,24.66121
Status,1742897529000,35,9,1,31,1575449980,40.19,294.0,48.0,1,1,1,35.193974
Status,1742897529000,35,10,6,15,1575449980,26.74,68.0,45.0,0,1,1,21.74075
Status,1742897529000,35,11,6,13,1575449980,45.79,150.0,45.0,1,1,1,40.786053
Status,1742897529000,35,12,5,28,1575449980,43.85,209.0,45.0,1,1,1,38.849068
Status,1742897529000,35,13,3,9,1600875010,45.23,123.0,43.0,1,1,1,40.22988
Status,1742897529000,35,14,5,11,1575449980,25.46,51.0,41.0,1,1,1,20.46262
Status,1742897529000,35,15,1,18,1575449980,43.44,175.0,31.0,1,1,1,38.43698
Status,1742897529000,35,16,3,11,1602000000,30.83,319.0,30.0,0,1,1,25.827566
Status,1742897529000,35,17,1,26,1575449980,36.11,297.0,26.0,1,1,1,31.11019
Status,1742897529000,35,18,3,21,1604249980,31.77,202.0,24.0,0,1,1,26.772995
Status,1742897529000,35,19,5,8,1575449980,19.90,69.0,21.0,0,1,1,14.898933
Status,1742897529000,35,20,5,13,1575449980,22.60,83.0,20.0,0,1,1,17.598064
Status,1742897529000,35,21,6,23,1575449980,32.06,291.0,18.0,1,1,1,27.055954
Status,1742897529000,35,22,5,34,1575449980,16.93,48.0,17.0,0,1,1,11.932492
Status,1742897529000,35,23,5,25,1575449980,34.89,137.0,16.0,1,1,1,29.88955
Status,1742897529000,35,24,1,12,1575449980,29.96,104.0,16.0,1,1,1,24.957474
Status,1742897529000,35,25,6,4,1575449980,23.13,309.0,15.0,1,1,1,18.13048
Status,1742897529000,35,26,1,20,1575449980,17.31,60.0,14.0,0,1,1,12.314068
Status,1742897529000,35,27,1,11,1575449980,20.38,36.0,11.0,0,1,1,15.381147
Status,1742897529000,35,28,1,5,1575449980,19.22,95.0,9.0,0,1,1,14.217318
Status,1742897529000,35,29,6,18,1575449980,21.65,242.0,7.0,0,0,1,16.645405
Status,1742897529000,35,30,6,34,1575449980,24.48,30.0,7.0,0,1,1,19.47536
Status,1742897529000,35,31,3,2,1599750020,25.01,348.0,7.0,0,1,1,20.00781
Status,1742897529000,35,32,3,1,1602562560,25.06,302.0,6.0,0,1,1,20.063229
Status,1742897529000,35,33,6,26,1575449980,23.25,188.0,6.0,1,1,1,18.254707
Status,1742897529000,35,34,6,6,1575449980,25.67,331.0,6.0,0,1,1,20.67421
Fix,GPS,45.0659522150,7.6463346477,322.48433645041956,0.0,8.0,,1742897530000,0.15184432,,1908122711625708,3.84248,0,,,
Fix,FLP,45.0659521000,7.6463344000,307.1000061035156,0.021538388,8.0,,1742897530597,0.15184432,,1908122711625708,2.9379337,0,,,
Status,1742897530000,35,0,1,29,1575449980,30.38,31.0,81.0,0,1,1,25.376497
Status,1742897530000,35,1,3,10,1598062460,18.45,20.0,79.0,0,1,1,13.454821
Status,1742897530000,35,2,3,20,1603124990,35.48,160.0,74.0,1,1,1,30.477102
Status,1742897530000,35,3,6,21,1575449980,27.97,314.0,68.0,1,1,1,22.968603
Status,1742897530000,35,4,5,23,1575449980,46.05,150.0,67.0,1,1,1,41.0549
Status,1742897530000,35,5,1,28,1575449980,35.74,251.0,61.0,1,1,1,30.742128
Status,1742897530000,35,6,5,37,1575449980,39.15,302.0,55.0,0,1,1,34.146797
Status,1742897530000,35,7,1,25,1575449980,38.34,102.0,52.0,1,1,1,33.34307
Status,1742897530000,35,8,6,27,1575449980,28.99,93.0,51.0,1,1,1,23.989792
Status,1742897530000,35,9,1,31,1575449980,40.00,294.0,48.0,1,1,1,34.99843
Status,1742897530000,35,10,6,15,1575449980,26.64,68.0,45.0,0,1,1,21.643751
Status,1742897530000,35,11,6,13,1575449980,45.70,150.0,45.0,1,1,1,40.701042
Status,1742897530000,35,12,5,28,1575449980,43.09,209.0,45.0,1,1,1,38.08666
Status,1742897530000,35,13,3,9,1600875010,45.14,123.0,43.0,1,1,1,40.1407
Status,1742897530000,35,14,5,11,1575449980,26.52,51.0,41.0,1,1,1,21.519161
Status,1742897530000,35,15,1,18,1575449980,43.79,175.0,31.0,1,1,1,38.793602
Status,1742897530000,35,16,3,11,1602000000,31.27,319.0,30.0,0,1,1,26.268064
Status,1742897530000,35,17,1,26,1575449980,35.91,297.0,26.0,1,1,1,30.905071
Status,1742897530000,35,18,3,21,1604249980,31.87,202.0,24.0,1,1,1,26.868488
Status,1742897530000,35,19,5,8,1575449980,19.87,69.0,21.0,0,1,1,14.874436
Status,1742897530000,35,20,5,13,1575449980,22.31,83.0,20.0,0,1,1,17.31433
Status,1742897530000,35,21,6,23,1575449980,34.86,291.0,18.0,1,1,1,29.859467
Status,1742897530000,35,22,5,34,1575449980,16.79,48.0,17.0,0,1,1,11.785717
Status,1742897530000,35,23,5,25,1575449980,34.88,137.0,16.0,1,1,1,29.877365
Status,1742897530000,35,24,1,12,1575449980,29.90,104.0,16.0,1,1,1,24.898027
Status,1742897530000,35,25,6,4,1575449980,23.11,309.0,15.0,1,1,1,18.1055
Status,1742897530000,35,26,1,20,1575449980,17.24,60.0,14.0,0,1,1,12.241632
Status,1742897530000,35,27,1,11,1575449980,21.00,36.0,11.0,0,1,1,15.998222
Status,1742897530000,35,28,1,5,1575449980,19.54,95.0,9.0,0,1,1,14.539225
Status,1742897530000,35,29,6,18,1575449980,21.49,241.0,7.0,0,0,1,16.491041
Status,1742897530000,35,30,6,34,1575449980,25.45,30.0,7.0,0,1,1,20.450832
Status,1742897530000,35,31,3,2,1599750020,26.11,348.0,7.0,0,1,1,21.10667
Status,1742897530000,35,32,3,1,1602562560,24.78,302.0,6.0,0,1,1,19.77997
Status,1742897530000,35,33,6,26,1575449980,23.65,188.0,6.0,1,1,1,18.653923
Status,1742897530000,35,34,6,6,1575449980,25.58,331.0,6.0,0,1,1,20.579088
Raw,1742897531000,120333000000,,,-1426932628667300964,0.0,11.725257849239732,1000.0,1.0,29,5,0.0,16384,209548917696947,1000000000,19.53922462463379,-179.15450087706586,299792458,16,-7982.044709408243,340282346638528860000000000000000000000,1575420030,,,,1,,1,33.296356201171875,14.539224624633789,-0.37834980195649376,1.0,-0.37834980195649376,1.0,,1908123600809554,
Raw,1742897531000,120333000000,,,-1426932628667300964,0.0,11.725257849239732,1000.0,1.0,29,11,0.0,16384,209548917330612,1000000000,20.99822235107422,883.8898604133906,299792458,16,36547.62399407862,340282346638528860000000000000000000000,1575420030,,,,0,,1,33.296356201171875,15.998222351074219,-0.20372681261465636,1.0,-0.20372681261465636,1.0,,1908123600809554,
Raw,1742897531000,120333000000,,,-1426932628667300964,0.0,11.725257849239732,1000.0,1.0,29,12,0.0,16431,209548919518458,43,29.363014221191406,910.5330709860541,0.8565845943950028,25,37681.84481550072,0.005183686502277851,1575420030,,,,0,,1,33.296356201171875,24.363014221191406,-0.6984919076624261,1.0,-0.6984919076624261,1.0,,1908123600809554,
Raw,1742897531000,120333000000,,,-1426932628667300964,0.0,11.725257849239732,1000.0,1.0,29,18,0.0,16431,209548923491078,13,43.793601989746094,-343.2143248321138,0.15,25,-36478.1061984634,0.0010439642937853932,1575420030,,,,0,,1,33.296356201171875,38.793601989746094,-0.08731148845780326,1.0,-0.08731148845780326,1.0,,1908123600809554,
Raw,1742897531000,120333000000,,,-1426932628667300964,0.0,11.725257849239732,1000.0,1.0,29,20,0.0,16384,209548919209227,1000000000,16.589717864990234,199.76162319339835,299792458,16,8411.694565954858,340282346638528860000000000000000000000,1575420030,,,,1,,1,33.296356201171875,11.589717864990234,0.0,1.0,0.0,1.0,,1908123600809554,
Raw,1742897531000,120333000000,,,-1426932628667300964,0.0,11.725257849239732,1000.0,1.0,29,25,0.0,16431,209548930195448,21,38.34307098388672,711.8765884866361,0.15,25,30459.946266883933,0.001955294283106923,1575420030,,,,0,,1,33.296356201171875,33.34307098388672,-1.8917489103726217,1.0,-1.8917489103726217,1.0,,1908123600809554,
Raw,1742897531000,120333000000,,,-1426932628667300964,0.0,11.725257849239732,1000.0,1.0,29,26,0.0,16431,209548923638736,29,34.05900573730469,-271.7775982076728,0.6425548886420969,25,-12302.203913900663,0.0030188339296728373,1575420030,,,,0,,1,33.296356201171875,29.059003829956055,-0.8440110737314445,1.0,-0.8440110737314445,1.0,,1908123600809554,
Raw,1742897531000,120333000000,,,-1426932628667300964,0.0,11.725257849239732,1000.0,1.0,29,28,0.0,16431,209548930252142,26,35.42509460449219,386.80738860024485,0.5823128819593695,25,17210.196908538805,0.002579494845122099,1575420030,,,,0,,1,33.296356201171875,30.42509651184082,-0.34924595383121304,1.0,-0.34924595383121304,1.0,,1908123600809554,
Raw,1742897531000,120333000000,,,-1426932628667300964,0.0,11.725257849239732,1000.0,1.0,29,29,0.0,16431,209548932274754,50,27.597761154174805,387.094499213993,0.9346631754143981,21,16909.46287982179,0.10149870362420356,1575420030,,,,1,,1,33.296356201171875,22.597761154174805,-0.9604263668227204,1.0,-0.9604263668227204,1.0,,1908123600809554,
Raw,1742897531000,120333000000,,,-1426932628667300964,0.0,11.725257849239732,1000.0,1.0,29,31,0.0,16431,209548928852953,21,38.238525390625,67.44469109499488,0.15,25,2856.3565966163337,0.0018657917389646173,1575420030,,,,0,,1,33.296356201171875,33.238525390625,-0.2619344840127561,1.0,-0.2619344840127561,1.0,,1908123600809554,
Raw,1742897531000,120333000000,,,-1426932628667300964,0.0,11.725257849239732,1000.0,1.0,29,10,0.0,32768,47530935828256,1000000000,16.834924697875977,217.1241808549006,299792458,16,10096.48398618308,340282346638528860000000000000000000000,1598062460,,,,1,,3,56.25480651855469,11.834924697875977,4.656612873077393,2.0000000474974513,4.656612873077393,2.0000000474974513,,1908123600809554,
Raw,1742897531000,120333000000,,,-1426932628667300964,0.0,11.725257849239732,1000.0,1.0,29,2,0.0,32769,47530920371566,113,26.106670379638672,208.5825548897517,1.003172108255546,16,8466.345268042756,340282346638528860000000000000000000000,1599750020,,,,0,,3,56.25480651855469,21.106670379638672,4.656612873077393,2.0000000474974513,4.656612873077393,2.0000000474974513,,1908123600809554,
Raw,1742897531000,120333000000,,,-1426932628667300964,0.0,11.725257849239732,1000.0,1.0,29,9,0.0,32995,47530931596448,33,44.33808898925781,800.0524023954076,0.15,25,43603.55935487927,0.0009649398853071034,1600875010,,,,0,,3,56.25480651855469,39.33808898925781,4.656612873077393,2.0000000474974513,4.656612873077393,2.0000000474974513,,1908123600809554,
Raw,1742897531000,120333000000,,,-1426932628667300964,0.0,11.725257849239732,1000.0,1.0,29,11,0.0,32867,47530927728695,74,31.268064498901367,-353.5012281896545,0.7687959747660971,25,-17969.913899440275,0.0040937382727861404,1602000000,,,,0,,3,56.25480651855469,26.268064498901367,4.656612873077393,2.0000000474974513,4.656612873077393,2.0000000474974513,,1908123600809554,
Raw,1742897531000,120333000000,,,-1426932628667300964,0.0,11.725257849239732,1000.0,1.0,29,1,0.0,32768,47530919987671,1000000000,22.230649948120117,744.8850386394997,299792458,16,34937.17027965179,340282346638528860000000000000000000000,1602562560,,,,0,,3,56.25480651855469,17.230649948120117,4.656612873077393,2.0000000474974513,4.656612873077393,2.0000000474974513,,1908123600809554,
Raw,1742897531000,120333000000,,,-1426932628667300964,0.0,11.725257849239732,1000.0,1.0,29,20,0.0,32995,47530935807406,53,35.47710418701172,92.83290041234721,0.5809734813584018,25,4118.194784836525,0.002519784262403846,1603124990,,,,0,,3,56.25480651855469,30.477102279663086,4.656612873077393,2.0000000474974513,4.656612873077393,2.0000000474974513,,1908123600809554,
Raw,1742897531000,120333000000,,,-1426932628667300964,0.0,11.725257849239732,1000.0,1.0,29,19,0.0,32768,47530927938902,1000000000,12.0,975.4174794264413,299792458,16,40331.32418739679,340282346638528860000000000000000000000,1603687550,,,,1,,3,56.25480651855469,7.0,4.656612873077393,2.0000000474974513,4.656612873077393,2.0000000474974513,,1908123600809554,
Raw,1742897531000,120333000000,,,-1426932628667300964,0.0,11.725257849239732,1000.0,1.0,29,21,0.0,32995,47530926048633,71,31.868488311767578,-474.0070468717465,0.7414933975340059,25,-35415.79560339073,0.003814954310655594,1604249980,,,,0,,3,56.25480651855469,26.868488311767578,4.656612873077393,2.0000000474974513,4.656612873077393,2.0000000474974513,,1908123600809554,
Raw,1742897531000,120333000000,,,-1426932628667300964,0.0,11.725257849239732,1000.0,1.0,29,8,0.0,16384,209534868015464,1000000000,19.653963088989258,-11.240016058970816,299792458,16,-543.3871533612552,340282346638528860000000000000000000000,1561097980,,,,0,,5,52.0823974609375,14.653963088989258,9.342329576611519,2.500692349107121,9.342329576611519,1.5000000237487257,,1908123600809554,
Raw,1742897531000,120333000000,,,-1426932628667300964,0.0,11.725257849239732,1000.0,1.0,29,11,0.0,81955,209534922838974,27,26.519161224365234,734.5779584676975,1.0173526068898657,16,30369.671922802794,340282346638528860000000000000000000000,1561097980,,,,1,,5,52.0823974609375,21.519161224365234,9.342329576611519,2.500692349107121,9.342329576611519,1.5000000237487257,,1908123600809554,
Raw,1742897531000,120333000000,,,-1426932628667300964,0.0,11.725257849239732,1000.0,1.0,29,13,0.0,16384,209534867595358,1000000000,19.760704040527344,-45.95200005052314,299792458,16,-1972.9344809240677,340282346638528860000000000000000000000,1561097980,,,,0,,5,52.0823974609375,14.760703086853027,9.342329576611519,2.500692349107121,9.342329576611519,1.5000000237487257,,1908123600809554,
Raw,1742897531000,120333000000,,,-1426932628667300964,0.0,11.725257849239732,1000.0,1.0,29,23,0.0,81967,209534926343358,6,46.054901123046875,549.9945994209393,0.15,25,284276.0894512751,0.0008120575221255422,1561097980,,,,0,,5,52.0823974609375,41.054901123046875,9.342329576611519,2.500692349107121,9.342329576611519,1.5000000237487257,,1908123600809554,
Raw,1742897531000,120333000000,,,-1426932628667300964,0.0,11.725257849239732,1000.0,1.0,29,25,0.0,81967,209534916123153,14,34.76770782470703,905.6576437453791,0.6129309765977724,25,40638.75535107527,0.0028078267350792885,1561097980,,,,0,,5,52.0823974609375,29.7677059173584,9.342329576611519,2.500692349107121,9.342329576611519,1.5000000237487257,,1908123600809554,
Raw,1742897531000,120333000000,,,-1426932628667300964,0.0,11.725257849239732,1000.0,1.0,29,28,0.0,81967,209534923750518,12,36.2249755859375,-176.13329560105785,0.15,25,-16877.6267763199,0.002374142175540328,1561097980,,,,1,,5,52.0823974609375,31.224977493286133,9.342329576611519,2.500692349107121,9.342329576611519,1.5000000237487257,,1908123600809554,
Raw,1742897531000,120333000000,,,-1426932628667300964,0.0,11.725257849239732,1000.0,1.0,29,34,0.0,16384,209534916447879,1000000000,15.464744567871094,880.5717287761559,299792458,16,36440.97195070775,340282346638528860000000000000000000000,1561097980,,,,1,,5,52.0823974609375,10.464744567871094,9.342329576611519,2.500692349107121,9.342329576611519,1.5000000237487257,,1908123600809554,
Raw,1742897531000,120333000000,,,-1426932628667300964,0.0,11.725257849239732,1000.0,1.0,29,37,0.0,81967,209534924408131,10,38.66891098022461,-25.90814784237547,0.15,25,-1289.2878737083258,0.0019005807116627693,1561097980,,,,0,,5,52.0823974609375,33.66891098022461,9.342329576611519,2.500692349107121,9.342329576611519,1.5000000237487257,,1908123600809554,
Raw,1742897531000,120333000000,,,-1426932628667300964,0.0,11.725257849239732,1000.0,1.0,29,4,0.0,85026,209548909006447,73,22.88067626953125,318.47840260892326,1.1454776806789218,16,13103.009373835328,340282346638528860000000000000000000000,1575420030,,,,1,,6,33.296356201171875,17.88067626953125,1.3096723705530164,1.5000000237487257,1.3096723705530164,1.5000000237487257,,1908123600809554,
Raw,1742897531000,120333000000,,,-1426932628667300964,0.0,11.725257849239732,1000.0,1.0,29,6,0.0,16384,209548905944313,1000000000,24.722999572753906,107.30696136292715,299792458,16,3.293798998799332,340282346638528860000000000000000000000,1575420030,,,,0,,6,33.296356201171875,19.722999572753906,1.3096723705530164,1.5000000237487257,1.3096723705530164,1.5000000237487257,,1908123600809554,
Raw,1742897531000,120333000000,,,-1426932628667300964,0.0,11.725257849239732,1000.0,1.0,29,13,0.0,85026,209548917695098,12,44.93593978881836,-139.16882655467862,0.15,25,-6741.166667079655,0.0009153111022897065,1575420030,,,,0,,6,33.296356201171875,39.93593978881836,1.3096723705530164,1.5000000237487257,1.3096723705530164,1.5000000237487257,,1908123600809554,
Raw,1742897531000,120333000000,,,-1426932628667300964,0.0,11.725257849239732,1000.0,1.0,29,15,0.0,85026,209548917545213,57,25.770763397216797,405.7576434164057,1.0960774898045345,16,12718.141989780524,340282346638528860000000000000000000000,1575420030,,,,0,,6,33.296356201171875,20.770763397216797,1.3096723705530164,1.5000000237487257,1.3096723705530164,1.5000000237487257,,1908123600809554,
Raw,1742897531000,120333000000,,,-1426932628667300964,0.0,11.725257849239732,1000.0,1.0,29,18,0.0,16384,209548898106177,1000000000,20.10177230834961,-149.4500040595235,299792458,16,-186.1245903475294,340282346638528860000000000000000000000,1575420030,,,,0,,6,33.296356201171875,15.10177230834961,1.3096723705530164,1.5000000237487257,1.3096723705530164,1.5000000237487257,,1908123600809554,
Raw,1742897531000,120333000000,,,-1426932628667300964,0.0,11.725257849239732,1000.0,1.0,29,21,0.0,85026,209548920969400,70,23.34684944152832,131.76998535673954,1.1237883242746225,16,5339.169620038673,340282346638528860000000000000000000000,1575420030,,,,1,,6,33.296356201171875,18.34684944152832,1.3096723705530164,1.5000000237487257,1.3096723705530164,1.5000000237487257,,1908123600809554,
Raw,1742897531000,120333000000,,,-1426932628667300964,0.0,11.725257849239732,1000.0,1.0,29,23,0.0,21546,209548910165307,27,34.859466552734375,-151.4112960613569,0.6070135432185952,25,-7406.950941126471,0.0027530628722161055,1575420030,,,,0,,6,33.296356201171875,29.859466552734375,1.3096723705530164,1.5000000237487257,1.3096723705530164,1.5000000237487257,,1908123600809554,
Raw,1742897531000,120333000000,,,-1426932628667300964,0.0,11.725257849239732,1000.0,1.0,29,26,0.0,85026,209548906191163,68,23.65392303466797,-327.53557685266446,1.110918735437771,16,-7484.35540114655,340282346638528860000000000000000000000,1575420030,,,,1,,6,33.296356201171875,18.65392303466797,1.3096723705530164,1.5000000237487257,1.3096723705530164,1.5000000237487257,,1908123600809554,
Raw,1742897531000,120333000000,,,-1426932628667300964,0.0,11.725257849239732,1000.0,1.0,29,27,0.0,85026,209548918274470,72,22.947036743164062,574.0012593219112,1.142721528276831,16,23714.761527831266,340282346638528860000000000000000000000,1575420030,,,,0,,6,33.296356201171875,17.947036743164062,1.3096723705530164,1.5000000237487257,1.3096723705530164,1.5000000237487257,,1908123600809554,
Raw,1742897531000,120333000000,,,-1426932628667300964,0.0,11.725257849239732,1000.0,1.0,29,34,0.0,16384,209548906309836,1000000000,25.45083236694336,808.886506961207,299792458,16,993.042876205763,340282346638528860000000000000000000000,1575420030,,,,0,,6,33.296356201171875,20.45083236694336,1.3096723705530164,1.5000000237487257,1.3096723705530164,1.5000000237487257,,1908123600809554,
Fix,GPS,45.0659522150,7.6463346477,322.65640666016066,0.0,8.0,,1742897531000,0.15329131,,1908123703870631,3.7822783,0,,,
Fix,FLP,45.0659521000,7.6463345000,307.1000061035156,0.017986279,8.0,,1742897531588,0.15329131,,1908123703870631,2.9478562,0,,,
Status,1742897531000,36,0,1,29,1575449980,30.03,31.0,81.0,0,1,1,25.032345
Status,1742897531000,36,1,3,10,1598062460,18.29,20.0,79.0,0,1,1,13.291278
Status,1742897531000,36,2,3,20,1603124990,35.71,160.0,74.0,1,1,1,30.714762
Status,1742897531000,36,3,6,21,1575449980,27.43,314.0,68.0,1,1,1,22.425367
Status,1742897531000,36,4,5,23,1575449980,46.02,150.0,67.0,1,1,1,41.020206
Status,1742897531000,36,5,1,28,1575449980,36.80,251.0,61.0,1,1,1,31.797426
Status,1742897531000,36,6,5,37,1575449980,39.07,302.0,55.0,0,1,1,34.073418
Status,1742897531000,36,7,1,25,1575449980,38.76,102.0,52.0,1,1,1,33.75919
Status,1742897531000,36,8,6,27,1575449980,28.34,93.0,51.0,1,1,1,23.343504
Status,1742897531000,36,9,1,31,1575449980,39.83,294.0,48.0,1,1,1,34.825424
Status,1742897531000,36,10,6,15,1575449980,26.59,68.0,45.0,0,1,1,21.588848
Status,1742897531000,36,11,6,13,1575449980,45.62,150.0,45.0,1,1,1,40.624237
Status,1742897531000,36,12,5,28,1575449980,42.32,209.0,45.0,1,1,1,37.320354
Status,1742897531000,36,13,3,9,1600875010,45.03,123.0,43.0,1,1,1,40.027462
Status,1742897531000,36,14,5,11,1575449980,27.93,51.0,41.0,1,1,1,22.934988
Status,1742897531000,36,15,3,19,1603687550,13.36,34.0,31.0,0,1,1,8.357075
Status,1742897531000,36,16,1,18,1575449980,43.84,175.0,31.0,1,1,1,38.836075
Status,1742897531000,36,17,3,11,1602000000,31.27,319.0,30.0,0,1,1,26.267227
Status,1742897531000,36,18,1,26,1575449980,35.74,297.0,26.0,1,1,1,30.742176
Status,1742897531000,36,19,3,21,1604249980,31.83,202.0,24.0,1,1,1,26.82606
Status,1742897531000,36,20,5,8,1575449980,20.58,69.0,21.0,0,1,1,15.584196
Status,1742897531000,36,21,5,13,1575449980,22.25,83.0,20.0,0,1,1,17.250942
Status,1742897531000,36,22,6,23,1575449980,35.71,291.0,18.0,1,1,1,30.710642
Status,1742897531000,36,23,5,34,1575449980,17.13,48.0,17.0,0,1,1,12.128508
Status,1742897531000,36,24,5,25,1575449980,34.84,137.0,16.0,1,1,1,29.841492
Status,1742897531000,36,25,1,12,1575449980,29.87,104.0,16.0,1,1,1,24.87284
Status,1742897531000,36,26,6,4,1575449980,25.61,309.0,15.0,0,1,1,20.614103
Status,1742897531000,36,27,1,20,1575449980,17.70,60.0,14.0,0,1,1,12.704624
Status,1742897531000,36,28,1,11,1575449980,20.97,36.0,11.0,0,1,1,15.973457
Status,1742897531000,36,29,1,5,1575449980,20.18,95.0,9.0,0,1,1,15.178711
Status,1742897531000,36,30,6,18,1575449980,21.19,242.0,7.0,0,0,1,16.186941
Status,1742897531000,36,31,6,34,1575449980,25.17,30.0,7.0,0,1,1,20.173359
Status,1742897531000,36,32,3,2,1599750020,26.72,348.0,7.0,0,1,1,21.723137
Status,1742897531000,36,33,3,1,1602562560,24.27,302.0,6.0,0,1,1,19.272488
Status,1742897531000,36,34,6,26,1575449980,24.60,188.0,6.0,1,1,1,19.600273
Status,1742897531000,36,35,6,6,1575449980,25.33,331.0,6.0,0,1,1,20.332125
Raw,1742897532000,121333000000,,,-1426932628667299964,0.0,11.59191266156147,1000.0,1.0,29,5,0.0,16384,209549917697242,1000000000,20.1787109375,-178.7831895544781,299792458,16,-8161.213448635122,340282346638528860000000000000000000000,1575420030,,,,1,,1,37.307655334472656,15.1787109375,-0.37834980195649376,1.0,-0.37834980195649376,1.0,,1908124603011976,
Raw,1742897532000,121333000000,,,-1426932628667299964,0.0,11.59191266156147,1000.0,1.0,29,11,0.0,16384,209549917327645,1000000000,20.750572204589844,884.2611546947501,299792458,16,37431.741066166294,340282346638528860000000000000000000000,1575420030,,,,1,,1,37.307655334472656,15.750572204589844,-0.20372681261465636,1.0,-0.20372681261465636,1.0,,1908124603011976,
Raw,1742897532000,121333000000,,,-1426932628667299964,0.0,11.59191266156147,1000.0,1.0,29,12,0.0,16431,209549919515441,42,29.64617156982422,910.5814680743165,0.8438508694131572,25,38592.428953896655,0.005017424467951059,1575420030,,,,0,,1,37.307655334472656,24.64617156982422,-0.6984919076624261,1.0,-0.6984919076624261,1.0,,1908124603011976,
Raw,1742897532000,121333000000,,,-1426932628667299964,0.0,11.59191266156147,1000.0,1.0,29,18,0.0,16431,209549923492224,13,43.83607482910156,-343.1719262561994,0.15,25,-36821.333809287506,0.0010388719383627176,1575420030,,,,0,,1,37.307655334472656,38.83607482910156,-0.08731148845780326,1.0,-0.08731148845780326,1.0,,1908124603011976,
Raw,1742897532000,121333000000,,,-1426932628667299964,0.0,11.59191266156147,1000.0,1.0,29,20,0.0,16384,209549919208562,1000000000,17.70462417602539,200.13291747475785,299792458,16,8612.324038308992,340282346638528860000000000000000000000,1575420030,,,,0,,1,37.307655334472656,12.70462417602539,0.0,1.0,0.0,1.0,,1908124603011976,
Raw,1742897532000,121333000000,,,-1426932628667299964,0.0,11.59191266156147,1000.0,1.0,29,25,0.0,16431,209549930193057,20,38.75918960571289,711.8802693919406,0.15,25,31171.85994532683,0.0018638301407918334,1575420030,,,,0,,1,37.307655334472656,33.75918960571289,-1.8917489103726217,1.0,-1.8917489103726217,1.0,,1908124603011976,
Raw,1742897532000,121333000000,,,-1426932628667299964,0.0,11.59191266156147,1000.0,1.0,29,26,0.0,16431,209549923639650,29,34.276126861572266,-271.8994941134266,0.632791329925078,25,-12574.035417734694,0.0029443069361150265,1575420030,,,,0,,1,37.307655334472656,29.276126861572266,-0.8440110737314445,1.0,-0.8440110737314445,1.0,,1908124603011976,
Raw,1742897532000,121333000000,,,-1426932628667299964,0.0,11.59191266156147,1000.0,1.0,29,28,0.0,16431,209549930250858,23,36.79742431640625,386.8839718800516,0.15,25,17597.02954413075,0.0022025115322321653,1575420030,,,,0,,1,37.307655334472656,31.797426223754883,-0.34924595383121304,1.0,-0.34924595383121304,1.0,,1908124603011976,
Raw,1742897532000,121333000000,,,-1426932628667299964,0.0,11.59191266156147,1000.0,1.0,29,29,0.0,16431,209549932273458,52,26.934974670410156,387.74155465107856,0.9954592882848128,16,17297.405687828228,340282346638528860000000000000000000000,1575420030,,,,1,,1,37.307655334472656,21.934974670410156,-0.9604263668227204,1.0,-0.9604263668227204,1.0,,1908124603011976,
Raw,1742897532000,121333000000,,,-1426932628667299964,0.0,11.59191266156147,1000.0,1.0,29,31,0.0,16431,209549928852727,21,38.26840591430664,67.48278676077325,0.15,25,2923.836073633962,0.0019721747376024723,1575420030,,,,0,,1,37.307655334472656,33.26840591430664,-0.2619344840127561,1.0,-0.2619344840127561,1.0,,1908124603011976,
Raw,1742897532000,121333000000,,,-1426932628667299964,0.0,11.59191266156147,1000.0,1.0,29,10,0.0,32768,47531935827519,1000000000,16.819393157958984,217.58129476178453,299792458,16,10314.201050404099,340282346638528860000000000000000000000,1598062460,,,,1,,3,54.47191619873047,11.819393157958984,4.656612873077393,2.0000000474974513,4.656612873077393,2.0000000474974513,,1908124603011976,
Raw,1742897532000,121333000000,,,-1426932628667299964,0.0,11.59191266156147,1000.0,1.0,29,2,0.0,32769,47531920370791,107,26.72313690185547,208.82114912663963,0.9754502901813051,16,8675.114159063083,340282346638528860000000000000000000000,1599750020,,,,0,,3,54.47191619873047,21.72313690185547,4.656612873077393,2.0000000474974513,4.656612873077393,2.0000000474974513,,1908124603011976,
Raw,1742897532000,121333000000,,,-1426932628667299964,0.0,11.59191266156147,1000.0,1.0,29,9,0.0,32995,47531931593753,33,44.008304595947266,800.0835537606695,0.15,25,44403.64807198942,0.0010022807400673628,1600875010,,,,0,,3,54.47191619873047,39.008304595947266,4.656612873077393,2.0000000474974513,4.656612873077393,2.0000000474974513,,1908124603011976,
Raw,1742897532000,121333000000,,,-1426932628667299964,0.0,11.59191266156147,1000.0,1.0,29,11,0.0,32867,47531927729840,74,31.259685516357422,-353.5557260376345,0.7691730119413807,25,-18323.446150166816,0.004097689874470234,1602000000,,,,0,,3,54.47191619873047,26.259685516357422,4.656612873077393,2.0000000474974513,4.656612873077393,2.0000000474974513,,1908124603011976,
Raw,1742897532000,121333000000,,,-1426932628667299964,0.0,11.59191266156147,1000.0,1.0,29,1,0.0,32768,47531919985285,1000000000,19.70514678955078,745.4690074495616,299792458,16,35682.85327052827,340282346638528860000000000000000000000,1602562560,,,,0,,3,54.47191619873047,14.705146789550781,4.656612873077393,2.0000000474974513,4.656612873077393,2.0000000474974513,,1908124603011976,
Raw,1742897532000,121333000000,,,-1426932628667299964,0.0,11.59191266156147,1000.0,1.0,29,20,0.0,32995,47531935807094,52,35.714759826660156,92.89090875334904,0.5702861016811807,25,4211.052187654629,0.002451773500069976,1603124990,,,,0,,3,54.47191619873047,30.71476173400879,4.656612873077393,2.0000000474974513,4.656612873077393,2.0000000474974513,,1908124603011976,
Raw,1742897532000,121333000000,,,-1426932628667299964,0.0,11.59191266156147,1000.0,1.0,29,19,0.0,32768,47531927935645,1000000000,12.036239624023438,975.7818208866702,299792458,16,41307.15851228745,340282346638528860000000000000000000000,1603687550,,,,1,,3,54.47191619873047,7.0362396240234375,4.656612873077393,2.0000000474974513,4.656612873077393,2.0000000474974513,,1908124603011976,
Raw,1742897532000,121333000000,,,-1426932628667299964,0.0,11.59191266156147,1000.0,1.0,29,21,0.0,32995,47531926050182,73,31.444202423095703,-473.9386092990487,0.7605733824280754,25,-35889.87295116356,0.004005933180451393,1604249980,,,,0,,3,54.47191619873047,26.444202423095703,4.656612873077393,2.0000000474974513,4.656612873077393,2.0000000474974513,,1908124603011976,
Raw,1742897532000,121333000000,,,-1426932628667299964,0.0,11.59191266156147,1000.0,1.0,29,8,0.0,16384,209535868015501,1000000000,20.584196090698242,-10.865305011344908,299792458,16,-554.8752377331125,340282346638528860000000000000000000000,1561097980,,,,0,,5,50.411476135253906,15.584196090698242,9.342329576611519,2.500692349107121,9.342329576611519,1.5000000237487257,,1908124603011976,
Raw,1742897532000,121333000000,,,-1426932628667299964,0.0,11.59191266156147,1000.0,1.0,29,11,0.0,81955,209535922836503,24,27.934988021850586,734.910466913534,0.917800680347844,16,31104.57979393634,340282346638528860000000000000000000000,1561097980,,,,1,,5,50.411476135253906,22.934988021850586,9.342329576611519,2.500692349107121,9.342329576611519,1.5000000237487257,,1908124603011976,
Raw,1742897532000,121333000000,,,-1426932628667299964,0.0,11.59191266156147,1000.0,1.0,29,13,0.0,16384,209535867595519,1000000000,21.680461883544922,-45.69270498160466,299792458,16,-2018.6572357422226,340282346638528860000000000000000000000,1561097980,,,,0,,5,50.411476135253906,16.680461883544922,9.342329576611519,2.500692349107121,9.342329576611519,1.5000000237487257,,1908124603011976,
Raw,1742897532000,121333000000,,,-1426932628667299964,0.0,11.59191266156147,1000.0,1.0,29,23,0.0,81967,209535926341533,6,45.707942962646484,550.0033245298091,0.15,25,284826.10695367405,0.0008451520698145032,1561097980,,,,0,,5,50.411476135253906,40.707942962646484,9.342329576611519,2.500692349107121,9.342329576611519,1.5000000237487257,,1908124603011976,
Raw,1742897532000,121333000000,,,-1426932628667299964,0.0,11.59191266156147,1000.0,1.0,29,25,0.0,81967,209535916120135,14,34.51862335205078,905.7333067988598,0.6241315235744747,25,41544.48338928442,0.002889512572437525,1561097980,,,,0,,5,50.411476135253906,29.51862144470215,9.342329576611519,2.500692349107121,9.342329576611519,1.5000000237487257,,1908124603011976,
Raw,1742897532000,121333000000,,,-1426932628667299964,0.0,11.59191266156147,1000.0,1.0,29,28,0.0,81967,209535923751118,13,35.423622131347656,-176.15858478379778,0.5812096621313372,25,-17053.82641339013,0.0026036009658128023,1561097980,,,,0,,5,50.411476135253906,30.42362403869629,9.342329576611519,2.500692349107121,9.342329576611519,1.5000000237487257,,1908124603011976,
Raw,1742897532000,121333000000,,,-1426932628667299964,0.0,11.59191266156147,1000.0,1.0,29,34,0.0,16384,209535916444960,1000000000,17.128507614135742,880.9464313031676,299792458,16,37322.78743037642,340282346638528860000000000000000000000,1561097980,,,,1,,5,50.411476135253906,12.128507614135742,9.342329576611519,2.500692349107121,9.342329576611519,1.5000000237487257,,1908124603011976,
Raw,1742897532000,121333000000,,,-1426932628667299964,0.0,11.59191266156147,1000.0,1.0,29,37,0.0,81967,209535924408219,10,38.41299819946289,-25.898016832174065,0.15,25,-1315.1616514596917,0.0019574109464883804,1561097980,,,,0,,5,50.411476135253906,33.41299819946289,9.342329576611519,2.500692349107121,9.342329576611519,1.5000000237487257,,1908124603011976,
Raw,1742897532000,121333000000,,,-1426932628667299964,0.0,11.59191266156147,1000.0,1.0,29,4,0.0,84002,209549909005369,1000000000,25.614103317260742,318.6598916899072,299792458,16,13422.620819088015,340282346638528860000000000000000000000,1575420030,,,,1,,6,37.307655334472656,20.614103317260742,1.3096723705530164,1.5000000237487257,1.3096723705530164,1.5000000237487257,,1908124603011976,
Raw,1742897532000,121333000000,,,-1426932628667299964,0.0,11.59191266156147,1000.0,1.0,29,6,0.0,16384,209549905943953,1000000000,23.10945701599121,107.4926085036069,299792458,16,3.2906853531894975,340282346638528860000000000000000000000,1575420030,,,,0,,6,37.307655334472656,18.10945701599121,1.3096723705530164,1.5000000237487257,1.3096723705530164,1.5000000237487257,,1908124603011976,
Raw,1742897532000,121333000000,,,-1426932628667299964,0.0,11.59191266156147,1000.0,1.0,29,13,0.0,85026,209549917695562,12,44.93299865722656,-139.13079053319916,0.15,25,-6880.297807628012,0.0009156209998764098,1575420030,,,,0,,6,37.307655334472656,39.93299865722656,1.3096723705530164,1.5000000237487257,1.3096723705530164,1.5000000237487257,,1908124603011976,
Raw,1742897532000,121333000000,,,-1426932628667299964,0.0,11.59191266156147,1000.0,1.0,29,15,0.0,85026,209549917543868,56,26.094730377197266,406.11199871687336,1.0010419547228704,16,13124.238130683945,340282346638528860000000000000000000000,1575420030,,,,0,,6,37.307655334472656,21.094730377197266,1.3096723705530164,1.5000000237487257,1.3096723705530164,1.5000000237487257,,1908124603011976,
Raw,1742897532000,121333000000,,,-1426932628667299964,0.0,11.59191266156147,1000.0,1.0,29,18,0.0,16384,209549898106681,1000000000,18.450042724609375,-149.4500040595235,299792458,16,-186.12809650580027,340282346638528860000000000000000000000,1575420030,,,,0,,6,37.307655334472656,13.450043678283691,1.3096723705530164,1.5000000237487257,1.3096723705530164,1.5000000237487257,,1908124603011976,
Raw,1742897532000,121333000000,,,-1426932628667299964,0.0,11.59191266156147,1000.0,1.0,29,21,0.0,85026,209549920968954,75,22.536243438720703,131.72677732248275,1.160240310333343,16,5467.411593975624,340282346638528860000000000000000000000,1575420030,,,,1,,6,37.307655334472656,17.536243438720703,1.3096723705530164,1.5000000237487257,1.3096723705530164,1.5000000237487257,,1908124603011976,
Raw,1742897532000,121333000000,,,-1426932628667299964,0.0,11.59191266156147,1000.0,1.0,29,23,0.0,21546,209549910165834,26,35.71063995361328,-151.49159432892463,0.568737147226436,25,-7558.366482448516,0.002496073255315423,1575420030,,,,0,,6,37.307655334472656,30.710641860961914,1.3096723705530164,1.5000000237487257,1.3096723705530164,1.5000000237487257,,1908124603011976,
Raw,1742897532000,121333000000,,,-1426932628667299964,0.0,11.59191266156147,1000.0,1.0,29,26,0.0,85026,209549906192262,63,24.60027313232422,-327.4283534444437,1.0683626612965726,16,-7811.064399813912,340282346638528860000000000000000000000,1575420030,,,,0,,6,37.307655334472656,19.60027313232422,1.3096723705530164,1.5000000237487257,1.3096723705530164,1.5000000237487257,,1908124603011976,
Raw,1742897532000,121333000000,,,-1426932628667299964,0.0,11.59191266156147,1000.0,1.0,29,27,0.0,85026,209549918272565,75,22.526905059814453,574.0465889890866,1.161614126227323,16,24288.437041138448,340282346638528860000000000000000000000,1575420030,,,,0,,6,37.307655334472656,17.526905059814453,1.3096723705530164,1.5000000237487257,1.3096723705530164,1.5000000237487257,,1908124603011976,
Raw,1742897532000,121333000000,,,-1426932628667299964,0.0,11.59191266156147,1000.0,1.0,29,34,0.0,16384,209549906307136,1000000000,22.676105499267578,808.886506961207,299792458,16,993.0112481911021,340282346638528860000000000000000000000,1575420030,,,,0,,6,37.307655334472656,17.676105499267578,1.3096723705530164,1.5000000237487257,1.3096723705530164,1.5000000237487257,,1908124603011976,
Fix,GPS,45.0659522150,7.6463346477,322.783445364107,0.0,8.0,,1742897532000,0.15668496,,1908124707657784,3.7224257,0,,,
Fix,FLP,45.0659521000,7.6463345000,307.1000061035156,0.014993319,8.0,,1742897532592,0.15668496,,1908124707657784,2.9578938,0,,,
Status,1742897532000,35,0,1,29,1575449980,29.83,31.0,81.0,0,1,1,24.826265
Status,1742897532000,35,1,3,10,1598062460,18.06,20.0,79.0,0,1,1,13.05807
Status,1742897532000,35,2,3,20,1603124990,35.69,160.0,74.0,1,1,1,30.685303
Status,1742897532000,35,3,6,21,1575449980,27.24,314.0,68.0,1,1,1,22.236467
Status,1742897532000,35,4,5,23,1575449980,46.00,150.0,67.0,1,1,1,40.997715
Status,1742897532000,35,5,1,28,1575449980,37.46,251.0,61.0,1,1,1,32.457214
Status,1742897532000,35,6,5,37,1575449980,39.04,302.0,55.0,0,1,1,34.037537
Status,1742897532000,35,7,1,25,1575449980,38.75,102.0,52.0,1,1,1,33.749172
Status,1742897532000,35,8,6,27,1575449980,27.63,93.0,51.0,1,1,1,22.628443
Status,1742897532000,35,9,1,31,1575449980,39.73,294.0,48.0,1,1,1,34.731804
Status,1742897532000,35,10,6,15,1575449980,27.31,68.0,45.0,0,1,1,22.310604
Status,1742897532000,35,11,6,13,1575449980,45.60,150.0,45.0,1,1,1,40.59562
Status,1742897532000,35,12,5,28,1575449980,41.72,209.0,45.0,1,1,1,36.71795
Status,1742897532000,35,13,3,9,1600875010,44.97,123.0,43.0,1,1,1,39.970413
Status,1742897532000,35,14,5,11,1575449980,28.46,51.0,41.0,0,1,1,23.464231
Status,1742897532000,35,15,1,18,1575449980,43.71,175.0,31.0,1,1,1,38.70775
Status,1742897532000,35,16,3,11,1602000000,31.01,319.0,30.0,0,1,1,26.006508
Status,1742897532000,35,17,1,26,1575449980,35.67,297.0,26.0,1,1,1,30.67485
Status,1742897532000,35,18,3,21,1604249980,31.62,202.0,24.0,1,1,1,26.615929
Status,1742897532000,35,19,5,8,1575449980,20.66,69.0,21.0,0,1,1,15.660611
Status,1742897532000,35,20,5,13,1575449980,22.55,83.0,20.0,0,1,1,17.550842
Status,1742897532000,35,21,6,23,1575449980,37.10,291.0,18.0,1,1,1,32.09999
Status,1742897532000,35,22,5,34,1575449980,16.93,48.0,17.0,0,1,1,11.929929
Status,1742897532000,35,23,5,25,1575449980,35.41,137.0,16.0,1,1,1,30.406612
Status,1742897532000,35,24,1,12,1575449980,30.25,104.0,16.0,1,1,1,25.252821
Status,1742897532000,35,25,6,4,1575449980,25.53,309.0,15.0,1,1,1,20.530685
Status,1742897532000,35,26,1,20,1575449980,17.77,60.0,14.0,0,1,1,12.770889
Status,1742897532000,35,27,1,11,1575449980,20.92,36.0,11.0,0,1,1,15.918516
Status,1742897532000,35,28,1,5,1575449980,23.68,95.0,9.0,0,1,1,18.684158
Status,1742897532000,35,29,6,18,1575449980,20.89,242.0,7.0,0,0,1,15.889653
Status,1742897532000,35,30,6,34,1575449980,24.86,30.0,7.0,0,1,1,19.863197
Status,1742897532000,35,31,3,2,1599750020,28.45,348.0,7.0,0,1,1,23.447275
Status,1742897532000,35,32,3,1,1602562560,23.93,302.0,6.0,0,1,1,18.925957
Status,1742897532000,35,33,6,26,1575449980,24.54,188.0,6.0,1,1,1,19.53901
Status,1742897532000,35,34,6,6,1575449980,25.50,331.0,6.0,0,1,1,20.496412
Raw,1742897533000,122333000000,,,-1426932628667298965,0.0,11.445961510002222,999.0,1.0,29,5,0.0,16384,209550917697973,1000000000,23.684158325195312,-178.35821540409518,299792458,16,-8340.186086588932,340282346638528860000000000000000000000,1575420030,,,,1,,1,35.604225158691406,18.684158325195312,-0.37834980195649376,1.0,-0.37834980195649376,1.0,,1908125598157975,
Raw,1742897533000,122333000000,,,-1426932628667298965,0.0,11.445961510002222,999.0,1.0,29,11,0.0,16384,209550917324693,1000000000,20.424049377441406,884.2611546947501,299792458,16,38315.97530448665,340282346638528860000000000000000000000,1575420030,,,,1,,1,35.604225158691406,15.424050331115723,-0.20372681261465636,1.0,-0.20372681261465636,1.0,,1908125598157975,
Raw,1742897533000,122333000000,,,-1426932628667298965,0.0,11.445961510002222,999.0,1.0,29,12,0.0,16431,209550919512411,40,30.25282096862793,910.5718568215771,0.8165699265528823,25,39502.946916725006,0.00467894971370697,1575420030,,,,0,,1,35.604225158691406,25.25282096862793,-0.6984919076624261,1.0,-0.6984919076624261,1.0,,1908125598157975,
Raw,1742897533000,122333000000,,,-1426932628667298965,0.0,11.445961510002222,999.0,1.0,29,18,0.0,16431,209550923493372,14,42.552818298339844,-343.1894105563956,0.15,25,-37164.597948579,0.00120427249930799,1575420030,,,,0,,1,35.604225158691406,37.552818298339844,-0.08731148845780326,1.0,-0.08731148845780326,1.0,,1908125598157975,
Raw,1742897533000,122333000000,,,-1426932628667298965,0.0,11.445961510002222,999.0,1.0,29,20,0.0,16384,209550919207884,1000000000,17.770889282226562,200.3185646154376,299792458,16,8812.262946900459,340282346638528860000000000000000000000,1575420030,,,,0,,1,35.604225158691406,12.770889282226562,0.0,1.0,0.0,1.0,,1908125598157975,
Raw,1742897533000,122333000000,,,-1426932628667298965,0.0,11.445961510002222,999.0,1.0,29,25,0.0,16431,209550930190686,20,38.659019470214844,711.9341196732466,0.15,25,31883.76813552101,0.0018854488153010607,1575420030,,,,0,,1,35.604225158691406,33.659019470214844,-1.8917489103726217,1.0,-1.8917489103726217,1.0,,1908125598157975,
Raw,1742897533000,122333000000,,,-1426932628667298965,0.0,11.445961510002222,999.0,1.0,29,26,0.0,16431,209550923640558,27,35.06892013549805,-271.85182979797946,0.5971404812965373,25,-12845.893261559613,0.0026874691247940063,1575420030,,,,0,,1,35.604225158691406,30.068920135498047,-0.8440110737314445,1.0,-0.8440110737314445,1.0,,1908125598157975,
Raw,1742897533000,122333000000,,,-1426932628667298965,0.0,11.445961510002222,999.0,1.0,29,28,0.0,16431,209550930249576,22,37.45721435546875,386.99163836020716,0.15,25,17983.9278176386,0.002041403204202652,1575420030,,,,0,,1,35.604225158691406,32.45721435546875,-0.34924595383121304,1.0,-0.34924595383121304,1.0,,1908125598157975,
Raw,1742897533000,122333000000,,,-1426932628667298965,0.0,11.445961510002222,999.0,1.0,29,29,0.0,16431,209550932272198,48,27.9715576171875,387.92607707069305,1.0957199568475344,16,17685.320840012904,340282346638528860000000000000000000000,1575420030,,,,0,,1,35.604225158691406,22.9715576171875,-0.9604263668227204,1.0,-0.9604263668227204,1.0,,1908125598157975,
Raw,1742897533000,122333000000,,,-1426932628667298965,0.0,11.445961510002222,999.0,1.0,29,31,0.0,16431,209550928852498,20,38.889225006103516,67.68810373917373,0.15,25,2991.385489064097,0.0018361345864832401,1575420030,,,,0,,1,35.604225158691406,33.889225006103516,-0.2619344840127561,1.0,-0.2619344840127561,1.0,,1908125598157975,
Raw,1742897533000,122333000000,,,-1426932628667298965,0.0,11.445961510002222,999.0,1.0,29,10,0.0,32768,47532935826665,1000000000,15.959203720092773,217.6727039101787,299792458,16,10532.104428102606,340282346638528860000000000000000000000,1598062460,,,,1,,3,52.642974853515625,10.959203720092773,4.656612873077393,2.0000000474974513,4.656612873077393,2.0000000474974513,,1908125598157975,
Raw,1742897533000,122333000000,,,-1426932628667298965,0.0,11.445961510002222,999.0,1.0,29,2,0.0,32769,47532920370058,93,28.447275161743164,209.11439458256189,0.8979176275719558,29,8884.073571091383,0.0056724403984844685,1599750020,,,,0,,3,52.642974853515625,23.447275161743164,4.656612873077393,2.0000000474974513,4.656612873077393,2.0000000474974513,,1908125598157975,
Raw,1742897533000,122333000000,,,-1426932628667298965,0.0,11.445961510002222,999.0,1.0,29,9,0.0,32995,47532931591099,33,44.45698928833008,800.1496055614107,0.15,25,45203.761465346564,0.0009518207516521215,1600875010,,,,0,,3,52.642974853515625,39.45698928833008,4.656612873077393,2.0000000474974513,4.656612873077393,2.0000000474974513,,1908125598157975,
Raw,1742897533000,122333000000,,,-1426932628667298965,0.0,11.445961510002222,999.0,1.0,29,11,0.0,32867,47532927730953,91,28.660030364990234,-353.6935214093562,0.8860767697567908,29,-18677.036660456204,0.005527411587536335,1602000000,,,,0,,3,52.642974853515625,23.660030364990234,4.656612873077393,2.0000000474974513,4.656612873077393,2.0000000474974513,,1908125598157975,
Raw,1742897533000,122333000000,,,-1426932628667298965,0.0,11.445961510002222,999.0,1.0,29,1,0.0,32768,47532919982666,1000000000,20.807172775268555,745.3095015530348,299792458,16,36427.86959588649,340282346638528860000000000000000000000,1602562560,,,,1,,3,52.642974853515625,15.807172775268555,4.656612873077393,2.0000000474974513,4.656612873077393,2.0000000474974513,,1908125598157975,
Raw,1742897533000,122333000000,,,-1426932628667298965,0.0,11.445961510002222,999.0,1.0,29,20,0.0,32995,47532935806767,53,35.42017364501953,93.0445354261256,0.5835333933662947,25,4304.0160801557395,0.002536353189498186,1603124990,,,,0,,3,52.642974853515625,30.42017364501953,4.656612873077393,2.0000000474974513,4.656612873077393,2.0000000474974513,,1908125598157975,
Raw,1742897533000,122333000000,,,-1426932628667298965,0.0,11.445961510002222,999.0,1.0,29,19,0.0,32768,47532927932389,1000000000,12.0,975.8729573754122,299792458,16,42282.857141589775,340282346638528860000000000000000000000,1603687550,,,,1,,3,52.642974853515625,7.0,4.656612873077393,2.0000000474974513,4.656612873077393,2.0000000474974513,,1908125598157975,
Raw,1742897533000,122333000000,,,-1426932628667298965,0.0,11.445961510002222,999.0,1.0,29,21,0.0,32995,47532926051833,84,29.72475242614746,-474.55468378315504,0.8378953595395835,29,-36363.81566644004,0.004882880952209234,1604249980,,,,0,,3,52.642974853515625,24.72475242614746,4.656612873077393,2.0000000474974513,4.656612873077393,2.0000000474974513,,1908125598157975,
Raw,1742897533000,122333000000,,,-1426932628667298965,0.0,11.445961510002222,999.0,1.0,29,8,0.0,16384,209536868015503,1000000000,20.66061019897461,-10.865305011344908,299792458,16,-565.2837322804851,340282346638528860000000000000000000000,1561097980,,,,0,,5,47.765228271484375,15.660611152648926,9.342329576611519,2.500692349107121,9.342329576611519,1.5000000237487257,,1908125598157975,
Raw,1742897533000,122333000000,,,-1426932628667298965,0.0,11.445961510002222,999.0,1.0,29,11,0.0,81955,209536922834041,23,28.464231491088867,735.0634289784084,0.8940008077637485,17,31839.49528729996,0.10182129326780294,1561097980,,,,1,,5,47.765228271484375,23.464231491088867,9.342329576611519,2.500692349107121,9.342329576611519,1.5000000237487257,,1908125598157975,
Raw,1742897533000,122333000000,,,-1426932628667298965,0.0,11.445961510002222,999.0,1.0,29,13,0.0,16384,209536867595600,1000000000,22.55084228515625,-45.78806343464842,299792458,16,-2064.3696621346116,340282346638528860000000000000000000000,1561097980,,,,0,,5,47.765228271484375,17.55084228515625,9.342329576611519,2.500692349107121,9.342329576611519,1.5000000237487257,,1908125598157975,
Raw,1742897533000,122333000000,,,-1426932628667298965,0.0,11.445961510002222,999.0,1.0,29,23,0.0,81967,209536926339699,6,45.7952880859375,550.0593901707891,0.15,25,285376.1388059979,0.0008366956026293337,1561097980,,,,0,,5,47.765228271484375,40.7952880859375,9.342329576611519,2.500692349107121,9.342329576611519,1.5000000237487257,,1908125598157975,
Raw,1742897533000,122333000000,,,-1426932628667298965,0.0,11.445961510002222,999.0,1.0,29,25,0.0,81967,209536916117117,13,35.406612396240234,905.6716857174665,0.5841990663452559,25,42450.13175033238,0.0026087050791829824,1561097980,,,,0,,5,47.765228271484375,30.406612396240234,9.342329576611519,2.500692349107121,9.342329576611519,1.5000000237487257,,1908125598157975,
Raw,1742897533000,122333000000,,,-1426932628667298965,0.0,11.445961510002222,999.0,1.0,29,28,0.0,81967,209536923751696,12,36.296295166015625,-176.15163196266712,0.15,25,-17230.035461272975,0.0023547285236418247,1561097980,,,,0,,5,47.765228271484375,31.296295166015625,9.342329576611519,2.500692349107121,9.342329576611519,1.5000000237487257,,1908125598157975,
Raw,1742897533000,122333000000,,,-1426932628667298965,0.0,11.445961510002222,999.0,1.0,29,34,0.0,16384,209536916442048,1000000000,15.142715454101562,880.9464313031676,299792458,16,38202.41291081198,340282346638528860000000000000000000000,1561097980,,,,1,,5,47.765228271484375,10.142715454101562,9.342329576611519,2.500692349107121,9.342329576611519,1.5000000237487257,,1908125598157975,
Raw,1742897533000,122333000000,,,-1426932628667298965,0.0,11.445961510002222,999.0,1.0,29,37,0.0,81967,209536924408310,10,38.71460723876953,-25.836404271394954,0.15,25,-1341.0296838921604,0.0018906083423644304,1561097980,,,,0,,5,47.765228271484375,33.71460723876953,9.342329576611519,2.500692349107121,9.342329576611519,1.5000000237487257,,1908125598157975,
Raw,1742897533000,122333000000,,,-1426932628667298965,0.0,11.445961510002222,999.0,1.0,29,4,0.0,85026,209550909004306,62,24.779930114746094,318.7502101996927,1.0600700401611642,16,13742.222313028553,340282346638528860000000000000000000000,1575420030,,,,1,,6,35.604225158691406,19.779930114746094,1.3096723705530164,1.5000000237487257,1.3096723705530164,1.5000000237487257,,1908125598157975,
Raw,1742897533000,122333000000,,,-1426932628667298965,0.0,11.445961510002222,999.0,1.0,29,6,0.0,16384,209550905943591,1000000000,25.49641227722168,107.30696136292715,299792458,16,3.292120688559482,340282346638528860000000000000000000000,1575420030,,,,0,,6,35.604225158691406,20.49641227722168,1.3096723705530164,1.5000000237487257,1.3096723705530164,1.5000000237487257,,1908125598157975,
Raw,1742897533000,122333000000,,,-1426932628667298965,0.0,11.445961510002222,999.0,1.0,29,13,0.0,85026,209550917696032,11,45.33804702758789,-139.09659730869265,0.15,25,-7019.4370750710905,0.0008739031036384404,1575420030,,,,0,,6,35.604225158691406,40.33804702758789,1.3096723705530164,1.5000000237487257,1.3096723705530164,1.5000000237487257,,1908125598157975,
Raw,1742897533000,122333000000,,,-1426932628667298965,0.0,11.445961510002222,999.0,1.0,29,15,0.0,85026,209550917542507,51,27.310604095458984,406.125665781939,1.026413614344889,16,13530.328621156426,340282346638528860000000000000000000000,1575420030,,,,0,,6,35.604225158691406,22.310604095458984,1.3096723705530164,1.5000000237487257,1.3096723705530164,1.5000000237487257,,1908125598157975,
Raw,1742897533000,122333000000,,,-1426932628667298965,0.0,11.445961510002222,999.0,1.0,29,18,0.0,16384,209550898107182,1000000000,18.214065551757812,-149.82131538211127,299792458,16,-186.13828222693502,340282346638528860000000000000000000000,1575420030,,,,0,,6,35.604225158691406,13.214065551757812,1.3096723705530164,1.5000000237487257,1.3096723705530164,1.5000000237487257,,1908125598157975,
Raw,1742897533000,122333000000,,,-1426932628667298965,0.0,11.445961510002222,999.0,1.0,29,21,0.0,85026,209550920968518,59,25.536359786987305,131.57280982514095,1.0365377015473132,16,5596.3584948135185,340282346638528860000000000000000000000,1575420030,,,,1,,6,35.604225158691406,20.536359786987305,1.3096723705530164,1.5000000237487257,1.3096723705530164,1.5000000237487257,,1908125598157975,
Raw,1742897533000,122333000000,,,-1426932628667298965,0.0,11.445961510002222,999.0,1.0,29,23,0.0,21546,209550910166330,23,37.09999084472656,-151.47020758745657,0.15,25,-7709.8529823679,0.002127109793946147,1575420030,,,,0,,6,35.604225158691406,32.09999084472656,1.3096723705530164,1.5000000237487257,1.3096723705530164,1.5000000237487257,,1908125598157975,
Raw,1742897533000,122333000000,,,-1426932628667298965,0.0,11.445961510002222,999.0,1.0,29,26,0.0,85026,209550906193351,66,23.987632751464844,-327.43949840772666,1.0959126691749437,16,-8137.789559648587,340282346638528860000000000000000000000,1575420030,,,,1,,6,35.604225158691406,18.987632751464844,1.3096723705530164,1.5000000237487257,1.3096723705530164,1.5000000237487257,,1908125598157975,
Raw,1742897533000,122333000000,,,-1426932628667298965,0.0,11.445961510002222,999.0,1.0,29,27,0.0,85026,209550918270651,83,21.192886352539062,573.9937611814762,1.2216031106107472,16,24861.642920591872,340282346638528860000000000000000000000,1575420030,,,,0,,6,35.604225158691406,16.192886352539062,1.3096723705530164,1.5000000237487257,1.3096723705530164,1.5000000237487257,,1908125598157975,
Raw,1742897533000,122333000000,,,-1426932628667298965,0.0,11.445961510002222,999.0,1.0,29,34,0.0,16384,209550906304442,1000000000,22.071733474731445,808.5152126798475,299792458,16,993.0280056634979,340282346638528860000000000000000000000,1575420030,,,,0,,6,35.604225158691406,17.071733474731445,1.3096723705530164,1.5000000237487257,1.3096723705530164,1.5000000237487257,,1908125598157975,
Fix,GPS,45.0659522150,7.6463346477,322.8652409288919,0.0,8.0,,1742897533000,0.16002975,,1908125703794860,3.661799,0,,,
Fix,FLP,45.0659521000,7.6463345000,307.1000061035156,0.012508784,8.0,,1742897533588,0.16002975,,1908125703794860,2.9678555,0,,,
Status,1742897533000,36,0,1,29,1575449980,29.54,31.0,81.0,0,1,1,24.536064
Status,1742897533000,36,1,3,10,1598062460,17.85,20.0,79.0,0,1,1,12.846679
Status,1742897533000,36,2,3,20,1603124990,35.51,160.0,74.0,1,1,1,30.508911
Status,1742897533000,36,3,6,21,1575449980,27.13,314.0,68.0,0,1,1,22.13323
Status,1742897533000,36,4,5,23,1575449980,45.78,150.0,67.0,1,1,1,40.784004
Status,1742897533000,36,5,1,28,1575449980,37.39,251.0,61.0,1,1,1,32.39379
Status,1742897533000,36,6,5,37,1575449980,38.93,302.0,55.0,0,1,1,33.92556
Status,1742897533000,36,7,1,25,1575449980,38.65,102.0,52.0,1,1,1,33.653496
Status,1742897533000,36,8,6,27,1575449980,26.93,93.0,51.0,1,1,1,21.931614
Status,1742897533000,36,9,1,31,1575449980,39.81,294.0,48.0,1,1,1,34.81153
Status,1742897533000,36,10,6,15,1575449980,27.21,68.0,45.0,0,1,1,22.213541
Status,1742897533000,36,11,6,13,1575449980,45.43,150.0,45.0,1,1,1,40.431988
Status,1742897533000,36,12,5,28,1575449980,41.22,209.0,45.0,1,1,1,36.21713
Status,1742897533000,36,13,3,9,1600875010,44.87,123.0,43.0,1,1,1,39.870914
Status,1742897533000,36,14,5,11,1575449980,28.38,51.0,41.0,0,1,1,23.375343
Status,1742897533000,36,15,3,19,1603687550,13.19,34.0,31.0,0,1,1,8.189485
Status,1742897533000,36,16,1,18,1575449980,43.62,175.0,31.0,1,1,1,38.61636
Status,1742897533000,36,17,3,11,1602000000,30.86,319.0,30.0,0,1,1,25.864292
Status,1742897533000,36,18,1,26,1575449980,35.58,297.0,26.0,1,1,1,30.584286
Status,1742897533000,36,19,3,21,1604249980,31.29,202.0,24.0,1,1,1,26.286133
Status,1742897533000,36,20,5,8,1575449980,20.61,69.0,21.0,0,1,1,15.609086
Status,1742897533000,36,21,5,13,1575449980,23.38,83.0,20.0,0,1,1,18.376411
Status,1742897533000,36,22,6,23,1575449980,37.06,291.0,18.0,1,1,1,32.06248
Status,1742897533000,36,23,5,34,1575449980,16.54,48.0,17.0,0,1,1,11.541435
Status,1742897533000,36,24,5,25,1575449980,35.24,137.0,16.0,1,1,1,30.23707
Status,1742897533000,36,25,1,12,1575449980,30.18,104.0,16.0,1,1,1,25.176674
Status,1742897533000,36,26,6,4,1575449980,25.24,309.0,15.0,1,1,1,20.241182
Status,1742897533000,36,27,1,20,1575449980,17.68,60.0,14.0,0,1,1,12.684868
Status,1742897533000,36,28,1,11,1575449980,20.88,36.0,11.0,0,1,1,15.878183
Status,1742897533000,36,29,1,5,1575449980,23.67,95.0,9.0,0,1,1,18.666977
Status,1742897533000,36,30,6,18,1575449980,21.14,242.0,7.0,0,0,1,16.143795
Status,1742897533000,36,31,6,34,1575449980,24.56,30.0,7.0,0,1,1,19.561003
Status,1742897533000,36,32,3,2,1599750020,28.43,348.0,7.0,0,1,1,23.433819
Status,1742897533000,36,33,3,1,1602562560,23.65,302.0,6.0,0,1,1,18.65104
Status,1742897533000,36,34,6,26,1575449980,24.50,188.0,6.0,1,1,1,19.502447
Status,1742897533000,36,35,6,6,1575449980,25.13,331.0,6.0,0,1,1,20.12826
Raw,1742897534000,123333000000,,,-1426932628667297965,0.0,11.073561884439144,999.0,1.0,29,5,0.0,16384,209551917698537,1000000000,23.512346267700195,-179.84213147864182,299792458,16,-8518.995152308271,340282346638528860000000000000000000000,1575420030,,,,0,,1,36.69137954711914,18.512346267700195,-0.37834980195649376,1.0,-0.37834980195649376,1.0,,1908126599964513,
Raw,1742897534000,123333000000,,,-1426932628667297965,0.0,11.073561884439144,999.0,1.0,29,11,0.0,16384,209551917321744,1000000000,20.51518440246582,884.0755416365269,299792458,16,39200.46073643785,340282346638528860000000000000000000000,1575420030,,,,1,,1,36.69137954711914,15.51518440246582,-0.20372681261465636,1.0,-0.20372681261465636,1.0,,1908126599964513,
Raw,1742897534000,123333000000,,,-1426932628667297965,0.0,11.073561884439144,999.0,1.0,29,12,0.0,16431,209551919509353,43,29.49134063720703,910.5355249229237,0.850812344292537,25,40413.528068011125,0.005107664968818426,1575420030,,,,0,,1,36.69137954711914,24.49134063720703,-0.6984919076624261,1.0,-0.6984919076624261,1.0,,1908126599964513,
Raw,1742897534000,123333000000,,,-1426932628667297965,0.0,11.073561884439144,999.0,1.0,29,18,0.0,16431,209551923494517,14,42.79386901855469,-343.1961248003306,0.15,25,-37507.78708149277,0.0011713110143318772,1575420030,,,,0,,1,36.69137954711914,37.79386901855469,-0.08731148845780326,1.0,-0.08731148845780326,1.0,,1908126599964513,
Raw,1742897534000,123333000000,,,-1426932628667297965,0.0,11.073561884439144,999.0,1.0,29,20,0.0,16384,209551919207185,1000000000,16.91067886352539,200.13291747475785,299792458,16,9012.375656561137,340282346638528860000000000000000000000,1575420030,,,,0,,1,36.69137954711914,11.91067886352539,0.0,1.0,0.0,1.0,,1908126599964513,
Raw,1742897534000,123333000000,,,-1426932628667297965,0.0,11.073561884439144,999.0,1.0,29,25,0.0,16431,209551930188312,22,37.79241943359375,712.0763798467729,0.15,25,32595.777130513554,0.002083265921100974,1575420030,,,,0,,1,36.69137954711914,32.79241943359375,-1.8917489103726217,1.0,-1.8917489103726217,1.0,,1908126599964513,
Raw,1742897534000,123333000000,,,-1426932628667297965,0.0,11.073561884439144,999.0,1.0,29,26,0.0,16431,209551923641460,28,34.769195556640625,-271.82088292745675,0.6106188280726488,25,-13117.688594851941,0.0027818239759653807,1575420030,,,,0,,1,36.69137954711914,29.769197463989258,-0.8440110737314445,1.0,-0.8440110737314445,1.0,,1908126599964513,
Raw,1742897534000,123333000000,,,-1426932628667297965,0.0,11.073561884439144,999.0,1.0,29,28,0.0,16431,209551930248272,23,36.82298278808594,387.14834949529904,0.15,25,18370.961177724366,0.002196040004491806,1575420030,,,,0,,1,36.69137954711914,31.82298469543457,-0.34924595383121304,1.0,-0.34924595383121304,1.0,,1908126599964513,
Raw,1742897534000,123333000000,,,-1426932628667297965,0.0,11.073561884439144,999.0,1.0,29,29,0.0,16431,209551932270931,52,26.92426300048828,388.4694195925797,0.9649488995344058,16,18073.50456021112,340282346638528860000000000000000000000,1575420030,,,,0,,1,36.69137954711914,21.92426300048828,-0.9604263668227204,1.0,-0.9604263668227204,1.0,,1908126599964513,
Raw,1742897534000,123333000000,,,-1426932628667297965,0.0,11.073561884439144,999.0,1.0,29,31,0.0,16431,209551928852268,18,39.81153106689453,67.75576593598564,0.15,25,3059.0457869527468,0.0016511603025719523,1575420030,,,,0,,1,36.69137954711914,34.81153106689453,-0.2619344840127561,1.0,-0.2619344840127561,1.0,,1908126599964513,
Raw,1742897534000,123333000000,,,-1426932628667297965,0.0,11.073561884439144,999.0,1.0,29,10,0.0,32768,47533935825938,1000000000,15.944154739379883,217.4898685721621,299792458,16,10749.22265447136,340282346638528860000000000000000000000,1598062460,,,,1,,3,51.86248779296875,10.944154739379883,4.656612873077393,2.0000000474974513,4.656612873077393,2.0000000474974513,,1908126599964513,
Raw,1742897534000,123333000000,,,-1426932628667297965,0.0,11.073561884439144,999.0,1.0,29,2,0.0,32867,47533920369534,94,28.312719345092773,209.22572492679365,0.903968328681521,25,9093.170738539331,0.005760998465120792,1599750020,,,,1,,3,51.86248779296875,23.312719345092773,4.656612873077393,2.0000000474974513,4.656612873077393,2.0000000474974513,,1908126599964513,
Raw,1742897534000,123333000000,,,-1426932628667297965,0.0,11.073561884439144,999.0,1.0,29,9,0.0,32995,47533931588393,33,43.975440979003906,800.247285881805,0.15,25,46003.98326539824,0.0010060801869258285,1600875010,,,,0,,3,51.86248779296875,38.975440979003906,4.656612873077393,2.0000000474974513,4.656612873077393,2.0000000474974513,,1908126599964513,
Raw,1742897534000,123333000000,,,-1426932628667297965,0.0,11.073561884439144,999.0,1.0,29,11,0.0,32867,47533927732159,85,29.58434295654297,-353.5310844215685,0.844511682979372,25,-19030.529167828347,0.004969425033777952,1602000000,,,,0,,3,51.86248779296875,24.58434295654297,4.656612873077393,2.0000000474974513,4.656612873077393,2.0000000474974513,,1908126599964513,
Raw,1742897534000,123333000000,,,-1426932628667297965,0.0,11.073561884439144,999.0,1.0,29,1,0.0,32768,47533919980230,1000000000,21.176776885986328,745.2794408263817,299792458,16,37173.08964954857,340282346638528860000000000000000000000,1602562560,,,,1,,3,51.86248779296875,16.176776885986328,4.656612873077393,2.0000000474974513,4.656612873077393,2.0000000474974513,,1908126599964513,
Raw,1742897534000,123333000000,,,-1426932628667297965,0.0,11.073561884439144,999.0,1.0,29,20,0.0,32995,47533935806453,60,33.921390533447266,93.29309878154646,0.6509319836785354,25,4397.169123790097,0.003014039946720004,1603124990,,,,0,,3,51.86248779296875,28.921390533447266,4.656612873077393,2.0000000474974513,4.656612873077393,2.0000000474974513,,1908126599964513,
Raw,1742897534000,123333000000,,,-1426932628667297965,0.0,11.073561884439144,999.0,1.0,29,19,0.0,32768,47533927929132,1000000000,12.902544021606445,975.6907525628412,299792458,16,43258.26093996769,340282346638528860000000000000000000000,1603687550,,,,1,,3,51.86248779296875,7.902544021606445,4.656612873077393,2.0000000474974513,4.656612873077393,2.0000000474974513,,1908126599964513,
Raw,1742897534000,123333000000,,,-1426932628667297965,0.0,11.073561884439144,999.0,1.0,29,21,0.0,32995,47533926053304,94,28.31797981262207,-474.0218386578774,0.9011567257202828,29,-36837.800027772915,0.0057413592003285885,1604249980,,,,0,,3,51.86248779296875,23.31797981262207,4.656612873077393,2.0000000474974513,4.656612873077393,2.0000000474974513,,1908126599964513,
Raw,1742897534000,123333000000,,,-1426932628667297965,0.0,11.073561884439144,999.0,1.0,29,8,0.0,16384,209537868015498,1000000000,20.145360946655273,-11.240016058970816,299792458,16,-576.4291516582879,340282346638528860000000000000000000000,1561097980,,,,0,,5,48.880332946777344,15.145360946655273,9.342329576611519,2.500692349107121,9.342329576611519,1.5000000237487257,,1908126599964513,
Raw,1742897534000,123333000000,,,-1426932628667297965,0.0,11.073561884439144,999.0,1.0,29,11,0.0,81955,209537922831592,25,27.575340270996094,734.1897592879027,0.9339726728333217,16,32574.498204260322,340282346638528860000000000000000000000,1561097980,,,,1,,5,48.880332946777344,22.575340270996094,9.342329576611519,2.500692349107121,9.342329576611519,1.5000000237487257,,1908126599964513,
Raw,1742897534000,123333000000,,,-1426932628667297965,0.0,11.073561884439144,999.0,1.0,29,13,0.0,16384,209537867595770,1000000000,23.37641143798828,-45.340181613175105,299792458,16,-2110.046576109943,340282346638528860000000000000000000000,1561097980,,,,0,,5,48.880332946777344,18.37641143798828,9.342329576611519,2.500692349107121,9.342329576611519,1.5000000237487257,,1908126599964513,
Raw,1742897534000,123333000000,,,-1426932628667297965,0.0,11.073561884439144,999.0,1.0,29,23,0.0,81967,209537926337863,6,43.860591888427734,550.1828368283147,0.15,25,285926.2695128176,0.0010454475414007902,1561097980,,,,0,,5,48.880332946777344,38.860591888427734,9.342329576611519,2.500692349107121,9.342329576611519,1.5000000237487257,,1908126599964513,
Raw,1742897534000,123333000000,,,-1426932628667297965,0.0,11.073561884439144,999.0,1.0,29,25,0.0,81967,209537916114100,15,33.711185455322266,905.8570942809506,0.6604399905389311,25,43355.85857394276,0.003171000862494111,1561097980,,,,0,,5,48.880332946777344,28.711185455322266,9.342329576611519,2.500692349107121,9.342329576611519,1.5000000237487257,,1908126599964513,
Raw,1742897534000,123333000000,,,-1426932628667297965,0.0,11.073561884439144,999.0,1.0,29,28,0.0,81967,209537923752269,12,36.70975112915039,-176.02573136827186,0.15,25,-17406.14480177969,0.0022452671546489,1561097980,,,,0,,5,48.880332946777344,31.70975112915039,9.342329576611519,2.500692349107121,9.342329576611519,1.5000000237487257,,1908126599964513,
Raw,1742897534000,123333000000,,,-1426932628667297965,0.0,11.073561884439144,999.0,1.0,29,34,0.0,16384,209537916439128,1000000000,13.04499626159668,880.5717287761559,299792458,16,39083.061836309345,340282346638528860000000000000000000000,1561097980,,,,0,,5,48.880332946777344,8.04499626159668,9.342329576611519,2.500692349107121,9.342329576611519,1.5000000237487257,,1908126599964513,
Raw,1742897534000,123333000000,,,-1426932628667297965,0.0,11.073561884439144,999.0,1.0,29,37,0.0,81967,209537924408390,10,37.91777420043945,-25.769210708360234,0.15,25,-1366.817840617759,0.002072255127131939,1561097980,,,,0,,5,48.880332946777344,32.91777420043945,9.342329576611519,2.500692349107121,9.342329576611519,1.5000000237487257,,1908126599964513,
Raw,1742897534000,123333000000,,,-1426932628667297965,0.0,11.073561884439144,999.0,1.0,29,4,0.0,85026,209551909003239,74,22.635650634765625,318.85521824823945,1.1564957666920908,16,14061.828785669006,340282346638528860000000000000000000000,1575420030,,,,1,,6,36.69137954711914,17.635650634765625,1.3096723705530164,1.5000000237487257,1.3096723705530164,1.5000000237487257,,1908126599964513,
Raw,1742897534000,123333000000,,,-1426932628667297965,0.0,11.073561884439144,999.0,1.0,29,6,0.0,16384,209551905943232,1000000000,21.814882278442383,107.30696136292715,299792458,16,3.301351394842762,340282346638528860000000000000000000000,1575420030,,,,0,,6,36.69137954711914,16.814882278442383,1.3096723705530164,1.5000000237487257,1.3096723705530164,1.5000000237487257,,1908126599964513,
Raw,1742897534000,123333000000,,,-1426932628667297965,0.0,11.073561884439144,999.0,1.0,29,13,0.0,85026,209551917696498,13,43.959312438964844,-138.99085648733063,0.15,25,-7158.49007177695,0.0010242362041026354,1575420030,,,,0,,6,36.69137954711914,38.959312438964844,1.3096723705530164,1.5000000237487257,1.3096723705530164,1.5000000237487257,,1908126599964513,
Raw,1742897534000,123333000000,,,-1426932628667297965,0.0,11.073561884439144,999.0,1.0,29,15,0.0,85026,209551917541154,55,26.3399658203125,406.2824109994874,0.9900135507785275,16,13936.579252520492,340282346638528860000000000000000000000,1575420030,,,,0,,6,36.69137954711914,21.3399658203125,1.3096723705530164,1.5000000237487257,1.3096723705530164,1.5000000237487257,,1908126599964513,
Raw,1742897534000,123333000000,,,-1426932628667297965,0.0,11.073561884439144,999.0,1.0,29,18,0.0,16384,209551898107679,1000000000,21.143795013427734,-149.82131538211127,299792458,16,-186.13242411141735,340282346638528860000000000000000000000,1575420030,,,,0,,6,36.69137954711914,16.143795013427734,1.3096723705530164,1.5000000237487257,1.3096723705530164,1.5000000237487257,,1908126599964513,
Raw,1742897534000,123333000000,,,-1426932628667297965,0.0,11.073561884439144,999.0,1.0,29,21,0.0,85026,209551920968081,56,26.20408821105957,131.5111290994488,299.7926276553794,16,5728.022659620772,340282346638528860000000000000000000000,1575420030,,,,0,,6,36.69137954711914,21.20408821105957,1.3096723705530164,1.5000000237487257,1.3096723705530164,1.5000000237487257,,1908126599964513,
Raw,1742897534000,123333000000,,,-1426932628667297965,0.0,11.073561884439144,999.0,1.0,29,23,0.0,21546,209551910166830,23,36.72488021850586,-151.4527573697169,0.15,25,-7861.323016509266,0.0022209843154996634,1575420030,,,,0,,6,36.69137954711914,31.72488021850586,1.3096723705530164,1.5000000237487257,1.3096723705530164,1.5000000237487257,,1908126599964513,
Raw,1742897534000,123333000000,,,-1426932628667297965,0.0,11.073561884439144,999.0,1.0,29,26,0.0,85026,209551906194440,65,24.173381805419922,-327.44754186746604,1.0875598712022372,16,-8464.42895088761,340282346638528860000000000000000000000,1575420030,,,,1,,6,36.69137954711914,19.173381805419922,1.3096723705530164,1.5000000237487257,1.3096723705530164,1.5000000237487257,,1908126599964513,
Raw,1742897534000,123333000000,,,-1426932628667297965,0.0,11.073561884439144,999.0,1.0,29,27,0.0,85026,209551918268736,87,20.660154342651367,574.0439987223908,1.2455590835084092,16,25434.305017685976,340282346638528860000000000000000000000,1575420030,,,,1,,6,36.69137954711914,15.660154342651367,1.3096723705530164,1.5000000237487257,1.3096723705530164,1.5000000237487257,,1908126599964513,
Raw,1742897534000,123333000000,,,-1426932628667297965,0.0,11.073561884439144,999.0,1.0,29,34,0.0,16384,209551906301741,1000000000,21.841259002685547,808.7008939029838,299792458,16,992.9974947568521,340282346638528860000000000000000000000,1575420030,,,,0,,6,36.69137954711914,16.841259002685547,1.3096723705530164,1.5000000237487257,1.3096723705530164,1.5000000237487257,,1908126599964513,
Fix,GPS,45.0659522150,7.6463346477,323.03181697149756,0.0,6.0,,1742897534000,0.1650094,,1908126703570898,3.583482,0,,,
Fix,FLP,45.0659522000,7.6463345000,307.1000061035156,0.010027875,7.666,,1742897534588,0.1650094,,1908126703570898,2.977853,0,,,
Fix,NLP,45.0660653000,7.6465136000,307.1000061035156,,15.096,,1742897532170,,,1908124285000000,2.879992,0,,,
Raw,1742897535000,124333000000,,,-1426932628667296965,0.0,10.817046305744864,999.0,1.0,29,5,0.0,16384,209552917699181,1000000000,22.662662506103516,-178.8487130771432,299792458,16,-8697.680790437966,340282346638528860000000000000000000000,1575420030,,,,0,,1,36.164798736572266,17.662662506103516,-0.37834980195649376,1.0,-0.37834980195649376,1.0,,1908127612296666,
Raw,1742897535000,124333000000,,,-1426932628667296965,0.0,10.817046305744864,999.0,1.0,29,11,0.0,16384,209552917318753,1000000000,20.088756561279297,884.0755416365269,299792458,16,40084.14571566471,340282346638528860000000000000000000000,1575420030,,,,0,,1,36.164798736572266,15.088756561279297,-0.20372681261465636,1.0,-0.20372681261465636,1.0,,1908127612296666,
Raw,1742897535000,124333000000,,,-1426932628667296965,0.0,10.817046305744864,999.0,1.0,29,12,0.0,16431,209552919506325,41,29.868038177490234,910.6065527623173,0.8338720986220403,25,41324.15150516381,0.004890886601060629,1575420030,,,,0,,1,36.164798736572266,24.868038177490234,-0.6984919076624261,1.0,-0.6984919076624261,1.0,,1908127612296666,
Raw,1742897535000,124333000000,,,-1426932628667296965,0.0,10.817046305744864,999.0,1.0,29,18,0.0,16431,209552923495664,14,42.94050216674805,-343.04183351965185,0.15,25,-37850.897722716254,0.0011517032980918884,1575420030,,,,0,,1,36.164798736572266,37.94050216674805,-0.08731148845780326,1.0,-0.08731148845780326,1.0,,1908127612296666,
Raw,1742897535000,124333000000,,,-1426932628667296965,0.0,10.817046305744864,999.0,1.0,29,20,0.0,16384,209552919206473,1000000000,17.39210319519043,200.13291747475785,299792458,16,9212.551104441294,340282346638528860000000000000000000000,1575420030,,,,0,,1,36.164798736572266,12.39210319519043,0.0,1.0,0.0,1.0,,1908127612296666,
Raw,1742897535000,124333000000,,,-1426932628667296965,0.0,10.817046305744864,999.0,1.0,29,25,0.0,16431,209552930185927,23,37.14286422729492,712.0901491592081,0.15,25,33307.85274567388,0.0022450322285294533,1575420030,,,,0,,1,36.164798736572266,32.14286422729492,-1.8917489103726217,1.0,-1.8917489103726217,1.0,,1908127612296666,
Raw,1742897535000,124333000000,,,-1426932628667296965,0.0,10.817046305744864,999.0,1.0,29,26,0.0,16431,209552923642372,26,35.35890197753906,-271.76635099702025,0.5841005467443696,25,-13389.45661096684,0.002599227475002408,1575420030,,,,0,,1,36.164798736572266,30.358903884887695,-0.8440110737314445,1.0,-0.8440110737314445,1.0,,1908127612296666,
Raw,1742897535000,124333000000,,,-1426932628667296965,0.0,10.817046305744864,999.0,1.0,29,28,0.0,16431,209552930246974,25,36.06842041015625,387.280555344151,0.15,25,18758.149280209902,0.0023953462950885296,1575420030,,,,0,,1,36.164798736572266,31.068422317504883,-0.34924595383121304,1.0,-0.34924595383121304,1.0,,1908127612296666,
Raw,1742897535000,124333000000,,,-1426932628667296965,0.0,10.817046305744864,999.0,1.0,29,29,0.0,16431,209552932269618,51,27.304716110229492,388.67568661945575,0.947840105465636,21,18461.629261559043,0.10171665964935696,1575420030,,,,0,,1,36.164798736572266,22.304716110229492,-0.9604263668227204,1.0,-0.9604263668227204,1.0,,1908127612296666,
Raw,1742897535000,124333000000,,,-1426932628667296965,0.0,10.817046305744864,999.0,1.0,29,31,0.0,16431,209552928852043,17,40.70509338378906,67.89741262529444,0.15,25,3126.8635661850262,0.001489741844125092,1575420030,,,,0,,1,36.164798736572266,35.70509338378906,-0.2619344840127561,1.0,-0.2619344840127561,1.0,,1908127612296666,
Raw,1742897535000,124333000000,,,-1426932628667296965,0.0,10.817046305744864,999.0,1.0,29,10,0.0,32768,47534935825211,1000000000,16.072368621826172,217.58129476178453,299792458,16,10966.310923984513,340282346638528860000000000000000000000,1598062460,,,,1,,3,54.36126708984375,11.072368621826172,4.656612873077393,2.0000000474974513,4.656612873077393,2.0000000474974513,,1908127612296666,
Raw,1742897535000,124333000000,,,-1426932628667296965,0.0,10.817046305744864,999.0,1.0,29,2,0.0,32867,47534920368947,93,28.420215606689453,209.42539699833253,0.8991342115083052,29,9302.437551470142,0.005690140184015036,1599750020,,,,1,,3,54.36126708984375,23.420215606689453,4.656612873077393,2.0000000474974513,4.656612873077393,2.0000000474974513,,1908127612296666,
Raw,1742897535000,124333000000,,,-1426932628667296965,0.0,10.817046305744864,999.0,1.0,29,9,0.0,32995,47534931585769,33,43.809471130371094,800.3954082378532,0.15,25,46804.32089786645,0.0010254891822114587,1600875010,,,,0,,3,54.36126708984375,38.809471130371094,4.656612873077393,2.0000000474974513,4.656612873077393,2.0000000474974513,,1908127612296666,
Raw,1742897535000,124333000000,,,-1426932628667296965,0.0,10.817046305744864,999.0,1.0,29,11,0.0,32867,47534927733323,91,28.67056655883789,-353.4860955789584,0.8856034097014516,29,-19384.002364895718,0.005520711187273264,1602000000,,,,0,,3,54.36126708984375,23.67056655883789,4.656612873077393,2.0000000474974513,4.656612873077393,2.0000000474974513,,1908127612296666,
Raw,1742897535000,124333000000,,,-1426932628667296965,0.0,10.817046305744864,999.0,1.0,29,1,0.0,32768,47534919977712,1000000000,19.17815589904785,745.2454265347719,299792458,16,37918.63665036932,340282346638528860000000000000000000000,1602562560,,,,1,,3,54.36126708984375,14.178155899047852,4.656612873077393,2.0000000474974513,4.656612873077393,2.0000000474974513,,1908127612296666,
Raw,1742897535000,124333000000,,,-1426932628667296965,0.0,10.817046305744864,999.0,1.0,29,20,0.0,32995,47534935806146,63,33.22179412841797,93.41610236713728,0.6823920215007284,25,4490.491467761666,0.0032668467611074448,1603124990,,,,0,,3,54.36126708984375,28.221792221069336,4.656612873077393,2.0000000474974513,4.656612873077393,2.0000000474974513,,1908127612296666,
Raw,1742897535000,124333000000,,,-1426932628667296965,0.0,10.817046305744864,999.0,1.0,29,19,0.0,32768,47534927925876,1000000000,12.94786262512207,975.7818208866702,299792458,16,44234.069343249605,340282346638528860000000000000000000000,1603687550,,,,1,,3,54.36126708984375,7.94786262512207,4.656612873077393,2.0000000474974513,4.656612873077393,2.0000000474974513,,1908127612296666,
Raw,1742897535000,124333000000,,,-1426932628667296965,0.0,10.817046305744864,999.0,1.0,29,21,0.0,32995,47534926054838,93,28.47393035888672,-473.6091001093862,0.8941439274542251,29,-37311.65870458448,0.005639196839183569,1604249980,,,,0,,3,54.36126708984375,23.47393035888672,4.656612873077393,2.0000000474974513,4.656612873077393,2.0000000474974513,,1908127612296666,
Raw,1742897535000,124333000000,,,-1426932628667296965,0.0,10.817046305744864,999.0,1.0,29,8,0.0,16384,209538868015538,1000000000,19.930259704589844,-11.240016058970816,299792458,16,-587.9665265144498,340282346638528860000000000000000000000,1561097980,,,,0,,5,49.28915786743164,14.930258750915527,9.342329576611519,2.500692349107121,9.342329576611519,1.5000000237487257,,1908127612296666,
Raw,1742897535000,124333000000,,,-1426932628667296965,0.0,10.817046305744864,999.0,1.0,29,11,0.0,81955,209538922829100,25,27.181493759155273,735.1029646279749,0.9516831021404766,16,33309.64068120088,340282346638528860000000000000000000000,1561097980,,,,0,,5,49.28915786743164,22.181493759155273,9.342329576611519,2.500692349107121,9.342329576611519,1.5000000237487257,,1908127612296666,
Raw,1742897535000,124333000000,,,-1426932628667296965,0.0,10.817046305744864,999.0,1.0,29,13,0.0,16384,209538867595914,1000000000,22.87763214111328,-45.33431091003905,299792458,16,-2155.769336850506,340282346638528860000000000000000000000,1561097980,,,,0,,5,49.28915786743164,17.87763214111328,9.342329576611519,2.500692349107121,9.342329576611519,1.5000000237487257,,1908127612296666,
Raw,1742897535000,124333000000,,,-1426932628667296965,0.0,10.817046305744864,999.0,1.0,29,23,0.0,81967,209538926336036,7,43.029273986816406,550.3186213351016,0.15,25,286476.5086843202,0.001150451018474996,1561097980,,,,0,,5,49.28915786743164,38.029273986816406,9.342329576611519,2.500692349107121,9.342329576611519,1.5000000237487257,,1908127612296666,
Raw,1742897535000,124333000000,,,-1426932628667296965,0.0,10.817046305744864,999.0,1.0,29,25,0.0,81967,209538916111079,16,32.48023986816406,905.8298283157324,0.7157936942679552,25,44261.605103087626,0.003653790568932891,1561097980,,,,0,,5,49.28915786743164,27.480239868164062,9.342329576611519,2.500692349107121,9.342329576611519,1.5000000237487257,,1908127612296666,
Raw,1742897535000,124333000000,,,-1426932628667296965,0.0,10.817046305744864,999.0,1.0,29,28,0.0,81967,209538923752859,11,37.7108268737793,-176.00214630835808,0.15,25,-17582.187876019994,0.002122220816090703,1561097980,,,,0,,5,49.28915786743164,32.7108268737793,9.342329576611519,2.500692349107121,9.342329576611519,1.5000000237487257,,1908127612296666,
Raw,1742897535000,124333000000,,,-1426932628667296965,0.0,10.817046305744864,999.0,1.0,29,34,0.0,16384,209538916436180,1000000000,12.0,880.9464313031676,299792458,16,39963.94795451473,340282346638528860000000000000000000000,1561097980,,,,1,,5,49.28915786743164,7.0,9.342329576611519,2.500692349107121,9.342329576611519,1.5000000237487257,,1908127612296666,
Raw,1742897535000,124333000000,,,-1426932628667296965,0.0,10.817046305744864,999.0,1.0,29,37,0.0,81967,209538924408478,10,38.35102081298828,-25.6394396249961,0.15,25,-1392.5146120974514,0.0019714278168976307,1561097980,,,,0,,5,49.28915786743164,33.35102081298828,9.342329576611519,2.500692349107121,9.342329576611519,1.5000000237487257,,1908127612296666,
Raw,1742897535000,124333000000,,,-1426932628667296965,0.0,10.817046305744864,999.0,1.0,29,4,0.0,85026,209552909002172,65,24.19606590270996,319.06935832257227,1.0863254472300516,16,14381.73887445282,340282346638528860000000000000000000000,1575420030,,,,1,,6,36.164798736572266,19.19606590270996,1.3096723705530164,1.5000000237487257,1.3096723705530164,1.5000000237487257,,1908127612296666,
Raw,1742897535000,124333000000,,,-1426932628667296965,0.0,10.817046305744864,999.0,1.0,29,6,0.0,16384,209552905942873,1000000000,22.632488250732422,107.30696136292715,299792458,16,3.29044237828163,340282346638528860000000000000000000000,1575420030,,,,0,,6,36.164798736572266,17.632488250732422,1.3096723705530164,1.5000000237487257,1.3096723705530164,1.5000000237487257,,1908127612296666,
Raw,1742897535000,124333000000,,,-1426932628667296965,0.0,10.817046305744864,999.0,1.0,29,13,0.0,85026,209552917696961,13,43.444740295410156,-138.96597629406898,0.15,25,-7297.4586622303195,0.0010867476230487227,1575420030,,,,0,,6,36.164798736572266,38.444740295410156,1.3096723705530164,1.5000000237487257,1.3096723705530164,1.5000000237487257,,1908127612296666,
Raw,1742897535000,124333000000,,,-1426932628667296965,0.0,10.817046305744864,999.0,1.0,29,15,0.0,85026,209552917539789,61,25.109487533569336,407.3348772569118,1.045346485510608,16,14342.910327194466,340282346638528860000000000000000000000,1575420030,,,,0,,6,36.164798736572266,20.109487533569336,1.3096723705530164,1.5000000237487257,1.3096723705530164,1.5000000237487257,,1908127612296666,
Raw,1742897535000,124333000000,,,-1426932628667296965,0.0,10.817046305744864,999.0,1.0,29,18,0.0,16384,209552898108180,1000000000,20.121356964111328,-150.006962522791,299792458,16,-186.13927585849711,340282346638528860000000000000000000000,1575420030,,,,0,,6,36.164798736572266,15.121356964111328,1.3096723705530164,1.5000000237487257,1.3096723705530164,1.5000000237487257,,1908127612296666,
Raw,1742897535000,124333000000,,,-1426932628667296965,0.0,10.817046305744864,999.0,1.0,29,21,0.0,85026,209552920967643,51,27.151222229003906,131.44598048380544,0.9527095698740347,16,5859.692057780056,340282346638528860000000000000000000000,1575420030,,,,0,,6,36.164798736572266,22.151222229003906,1.3096723705530164,1.5000000237487257,1.3096723705530164,1.5000000237487257,,1908127612296666,
Raw,1742897535000,124333000000,,,-1426932628667296965,0.0,10.817046305744864,999.0,1.0,29,23,0.0,21546,209552910167335,25,36.1032600402832,-151.46903174270653,0.15,25,-8012.764519302782,0.0023857583291828632,1575420030,,,,0,,6,36.164798736572266,31.103260040283203,1.3096723705530164,1.5000000237487257,1.3096723705530164,1.5000000237487257,,1908127612296666,
Raw,1742897535000,124333000000,,,-1426932628667296965,0.0,10.817046305744864,999.0,1.0,29,26,0.0,85026,209552906195531,68,23.752017974853516,-327.36073385070245,1.106508252548366,16,-8791.028361714132,340282346638528860000000000000000000000,1575420030,,,,0,,6,36.164798736572266,18.752017974853516,1.3096723705530164,1.5000000237487257,1.3096723705530164,1.5000000237487257,,1908127612296666,
Raw,1742897535000,124333000000,,,-1426932628667296965,0.0,10.817046305744864,999.0,1.0,29,27,0.0,85026,209552918266833,92,19.94791603088379,574.1289322040457,1.2775872732181455,16,26006.389090824996,340282346638528860000000000000000000000,1575420030,,,,1,,6,36.164798736572266,14.947916030883789,1.3096723705530164,1.5000000237487257,1.3096723705530164,1.5000000237487257,,1908127612296666,
Raw,1742897535000,124333000000,,,-1426932628667296965,0.0,10.817046305744864,999.0,1.0,29,34,0.0,16384,209552906299042,1000000000,21.996259689331055,808.7008939029838,299792458,16,993.0164672112329,340282346638528860000000000000000000000,1575420030,,,,0,,6,36.164798736572266,16.996259689331055,1.3096723705530164,1.5000000237487257,1.3096723705530164,1.5000000237487257,,1908127612296666,
Status,1742897534000,35,0,1,29,1575449980,29.31,31.0,81.0,0,1,1,24.31293
Status,1742897534000,35,1,3,10,1598062460,17.67,21.0,79.0,0,1,1,12.669248
Status,1742897534000,35,2,3,20,1603124990,35.28,160.0,74.0,1,1,1,30.2802
Status,1742897534000,35,3,6,21,1575449980,27.15,314.0,68.0,1,1,1,22.151222
Status,1742897534000,35,4,5,23,1575449980,45.51,150.0,67.0,1,1,1,40.50853
Status,1742897534000,35,5,1,28,1575449980,37.26,251.0,61.0,1,1,1,32.261253
Status,1742897534000,35,6,5,37,1575449980,38.87,302.0,55.0,0,1,1,33.868107
Status,1742897534000,35,7,1,25,1575449980,38.50,102.0,52.0,1,1,1,33.502434
Status,1742897534000,35,8,6,27,1575449980,26.23,93.0,50.0,1,1,1,21.233244
Status,1742897534000,35,9,1,31,1575449980,40.71,294.0,48.0,1,1,1,35.705093
Status,1742897534000,35,10,6,15,1575449980,27.00,68.0,45.0,0,1,1,22.003136
Status,1742897534000,35,11,6,13,1575449980,45.23,150.0,45.0,1,1,1,40.23326
Status,1742897534000,35,12,5,28,1575449980,40.87,209.0,45.0,1,1,1,35.866497
Status,1742897534000,35,13,3,9,1600875010,44.76,123.0,43.0,1,1,1,39.76477
Status,1742897534000,35,14,5,11,1575449980,28.26,51.0,41.0,0,1,1,23.255959
Status,1742897534000,35,15,3,19,1603687550,13.17,34.0,31.0,0,1,1,8.165322
Status,1742897534000,35,16,1,18,1575449980,43.55,175.0,31.0,1,1,1,38.548775
Status,1742897534000,35,17,3,11,1602000000,30.64,319.0,30.0,0,1,1,25.64492
Status,1742897534000,35,18,1,26,1575449980,35.56,297.0,26.0,1,1,1,30.561749
Status,1742897534000,35,19,3,21,1604249980,31.00,202.0,24.0,1,1,1,26.004913
Status,1742897534000,35,20,5,8,1575449980,20.54,69.0,21.0,0,1,1,15.5412035
Status,1742897534000,35,21,5,13,1575449980,23.33,83.0,20.0,0,1,1,18.326534
Status,1742897534000,35,22,6,23,1575449980,36.97,291.0,18.0,1,1,1,31.966558
Status,1742897534000,35,23,5,25,1575449980,34.96,137.0,16.0,1,1,1,29.961388
Status,1742897534000,35,24,1,12,1575449980,30.15,104.0,16.0,1,1,1,25.145811
Status,1742897534000,35,25,6,4,1575449980,25.14,309.0,15.0,1,1,1,20.136671
Status,1742897534000,35,26,1,20,1575449980,17.66,59.0,14.0,0,1,1,12.655591
Status,1742897534000,35,27,1,11,1575449980,20.80,36.0,11.0,0,1,1,15.799241
Status,1742897534000,35,28,1,5,1575449980,23.57,95.0,9.0,0,1,1,18.566545
Status,1742897534000,35,29,6,18,1575449980,21.04,242.0,7.0,0,0,1,16.041552
Status,1742897534000,35,30,6,34,1575449980,24.30,30.0,7.0,0,1,1,19.30453
Status,1742897534000,35,31,3,2,1599750020,28.43,348.0,7.0,0,1,1,23.432459
Status,1742897534000,35,32,3,1,1602562560,23.20,302.0,6.0,0,1,1,18.20375
Status,1742897534000,35,33,6,26,1575449980,24.43,188.0,6.0,1,1,1,19.427404
Status,1742897534000,35,34,6,6,1575449980,24.88,331.0,6.0,0,1,1,19.878683
Fix,FLP,45.0659769000,7.6463684000,307.1000061035156,0.023647435,7.323,,1742897535595,0.06230473,,1908127710708282,2.9041777,0,,,
Fix,GPS,45.0659522150,7.6463346477,323.197172609504,0.0,6.0,,1742897535000,0.16416445,,1908127715927935,3.5129657,0,,,
Fix,FLP,45.0659846000,7.6463777000,307.1000061035156,0.09737694,6.755,,1742897536258,0.13032985,,1908128373298897,2.9143014,0,,,
Raw,1742897536000,125333000000,,,-1426932628667295965,0.0,10.771869699586068,999.0,1.0,29,5,0.0,16419,209553917699780,66,24.080123901367188,-177.17918394437334,1.0938231882612826,16,-8876.80859457996,340282346638528860000000000000000000000,1575420030,,,,0,,1,37.42583465576172,19.080123901367188,-0.37834980195649376,1.0,-0.37834980195649376,1.0,,1908128607780435,
Raw,1742897536000,125333000000,,,-1426932628667295965,0.0,10.771869699586068,999.0,1.0,29,11,0.0,16384,209553917315784,1000000000,19.86859893798828,884.0755416365269,299792458,16,40968.03983469999,340282346638528860000000000000000000000,1575420030,,,,0,,1,37.42583465576172,14.868598937988281,-0.20372681261465636,1.0,-0.20372681261465636,1.0,,1908128607780435,
Raw,1742897536000,125333000000,,,-1426932628667295965,0.0,10.771869699586068,999.0,1.0,29,12,0.0,16431,209553919503258,44,29.16292953491211,910.6452022680141,0.8655795670905131,25,42234.80190678584,0.00530448229983449,1575420030,,,,1,,1,37.42583465576172,24.16292953491211,-0.6984919076624261,1.0,-0.6984919076624261,1.0,,1908128607780435,
Raw,1742897536000,125333000000,,,-1426932628667295965,0.0,10.771869699586068,999.0,1.0,29,18,0.0,16431,209553923496807,15,41.98392105102539,-343.1354239452635,0.15,25,-38193.97372561403,0.0012857888359576464,1575420030,,,,0,,1,37.42583465576172,36.98392105102539,-0.08731148845780326,1.0,-0.08731148845780326,1.0,,1908128607780435,
Raw,1742897536000,125333000000,,,-1426932628667295965,0.0,10.771869699586068,999.0,1.0,29,20,0.0,16384,209553919205772,1000000000,17.114612579345703,200.3185646154376,299792458,16,9413.047294336617,340282346638528860000000000000000000000,1575420030,,,,0,,1,37.42583465576172,12.114612579345703,0.0,1.0,0.0,1.0,,1908128607780435,
Raw,1742897536000,125333000000,,,-1426932628667295965,0.0,10.771869699586068,999.0,1.0,29,25,0.0,16431,209553930183555,24,36.682525634765625,712.0886495311211,0.15,25,34019.99990022569,0.0023672240786254406,1575420030,,,,0,,1,37.42583465576172,31.682527542114258,-1.8917489103726217,1.0,-1.8917489103726217,1.0,,1908128607780435,
Raw,1742897536000,125333000000,,,-1426932628667295965,0.0,10.771869699586068,999.0,1.0,29,26,0.0,16431,209553923643277,25,36.067649841308594,-271.674089787213,0.15,25,-13661.170156854881,0.0023955602664500475,1575420030,,,,0,,1,37.42583465576172,31.06764793395996,-0.8440110737314445,1.0,-0.8440110737314445,1.0,,1908128607780435,
Raw,1742897536000,125333000000,,,-1426932628667295965,0.0,10.771869699586068,999.0,1.0,29,28,0.0,16431,209553930245692,23,37.23637771606445,387.40965968945943,0.15,25,19145.46339504077,0.0020939705427736044,1575420030,,,,0,,1,37.42583465576172,32.23637771606445,-0.34924595383121304,1.0,-0.34924595383121304,1.0,,1908128607780435,
Raw,1742897536000,125333000000,,,-1426932628667295965,0.0,10.771869699586068,999.0,1.0,29,29,0.0,16431,209553932268349,49,27.74105453491211,388.7516564150451,1.1083859828874196,16,18849.297538195126,340282346638528860000000000000000000000,1575420030,,,,0,,1,37.42583465576172,22.74105453491211,-0.9604263668227204,1.0,-0.9604263668227204,1.0,,1908128607780435,
Raw,1742897536000,125333000000,,,-1426932628667295965,0.0,10.771869699586068,999.0,1.0,29,31,0.0,16431,209553928851818,18,39.95232391357422,67.9888601164522,0.15,25,3194.806099867771,0.0016246115555986762,1575420030,,,,0,,1,37.42583465576172,34.95232391357422,-0.2619344840127561,1.0,-0.2619344840127561,1.0,,1908128607780435,
Raw,1742897536000,125333000000,,,-1426932628667295965,0.0,10.771869699586068,999.0,1.0,29,10,0.0,32768,47535935824477,1000000000,15.874120712280273,217.7641471410294,299792458,16,11184.463950586873,340282346638528860000000000000000000000,1598062460,,,,1,,3,52.436973571777344,10.874120712280273,4.656612873077393,2.0000000474974513,4.656612873077393,2.0000000474974513,,1908128607780435,
Raw,1742897536000,125333000000,,,-1426932628667295965,0.0,10.771869699586068,999.0,1.0,29,2,0.0,32867,47535920368187,100,27.602190017700195,209.3527332010259,0.935919832864081,16,9512.27268322833,340282346638528860000000000000000000000,1599750020,,,,1,,3,52.436973571777344,22.602190017700195,4.656612873077393,2.0000000474974513,4.656612873077393,2.0000000474974513,,1908128607780435,
Raw,1742897536000,125333000000,,,-1426932628667295965,0.0,10.771869699586068,999.0,1.0,29,9,0.0,32995,47535931583095,33,44.26775360107422,800.5350099797706,0.15,25,47604.776307796514,0.0009727851138450205,1600875010,,,,0,,3,52.436973571777344,39.26775360107422,4.656612873077393,2.0000000474974513,4.656612873077393,2.0000000474974513,,1908128607780435,
Raw,1742897536000,125333000000,,,-1426932628667295965,0.0,10.771869699586068,999.0,1.0,29,11,0.0,32867,47535927734569,96,28.114519119262695,-353.79709799472903,0.9106084832139563,29,-19737.421850693398,0.005885690450668335,1602000000,,,,0,,3,52.436973571777344,23.114519119262695,4.656612873077393,2.0000000474974513,4.656612873077393,2.0000000474974513,,1908128607780435,
Raw,1742897536000,125333000000,,,-1426932628667295965,0.0,10.771869699586068,999.0,1.0,29,1,0.0,32768,47535919975227,1000000000,19.73520278930664,745.321771237383,299792458,16,38664.32731295334,340282346638528860000000000000000000000,1602562560,,,,0,,3,52.436973571777344,14.735203742980957,4.656612873077393,2.0000000474974513,4.656612873077393,2.0000000474974513,,1908128607780435,
Raw,1742897536000,125333000000,,,-1426932628667295965,0.0,10.771869699586068,999.0,1.0,29,20,0.0,32995,47535935805827,55,34.91587829589844,93.60621430962152,0.606210808173266,25,4583.985940582276,0.002687970409169793,1603124990,,,,0,,3,52.436973571777344,29.915878295898438,4.656612873077393,2.0000000474974513,4.656612873077393,2.0000000474974513,,1908128607780435,
Raw,1742897536000,125333000000,,,-1426932628667295965,0.0,10.771869699586068,999.0,1.0,29,19,0.0,32768,47535927922537,1000000000,14.24417495727539,975.7818208866702,299792458,16,45209.87164523172,340282346638528860000000000000000000000,1603687550,,,,1,,3,52.436973571777344,9.24417495727539,4.656612873077393,2.0000000474974513,4.656612873077393,2.0000000474974513,,1908128607780435,
Raw,1742897536000,125333000000,,,-1426932628667295965,0.0,10.771869699586068,999.0,1.0,29,21,0.0,32995,47535926056377,86,29.360755920410156,-473.9272257585701,0.8542646574960253,16,-37785.50652513222,340282346638528860000000000000000000000,1604249980,,,,0,,3,52.436973571777344,24.360755920410156,4.656612873077393,2.0000000474974513,4.656612873077393,2.0000000474974513,,1908128607780435,
Raw,1742897536000,125333000000,,,-1426932628667295965,0.0,10.771869699586068,999.0,1.0,29,8,0.0,16384,209539868015546,1000000000,18.79534912109375,-11.240016058970816,299792458,16,-599.0597049800721,340282346638528860000000000000000000000,1561097980,,,,0,,5,50.23420715332031,13.79534912109375,9.342329576611519,2.500692349107121,9.342329576611519,1.5000000237487257,,1908128607780435,
Raw,1742897536000,125333000000,,,-1426932628667295965,0.0,10.771869699586068,999.0,1.0,29,11,0.0,81955,209539922826684,29,25.707069396972656,736.2424774793585,1.0179859281620494,16,34044.79178828708,340282346638528860000000000000000000000,1561097980,,,,0,,5,50.23420715332031,20.707069396972656,9.342329576611519,2.500692349107121,9.342329576611519,1.5000000237487257,,1908128607780435,
Raw,1742897536000,125333000000,,,-1426932628667295965,0.0,10.771869699586068,999.0,1.0,29,13,0.0,16384,209539867596094,1000000000,21.840641021728516,-45.91019791759791,299792458,16,-2202.6593881726735,340282346638528860000000000000000000000,1561097980,,,,0,,5,50.23420715332031,16.840641021728516,9.342329576611519,2.500692349107121,9.342329576611519,1.5000000237487257,,1908128607780435,
Raw,1742897536000,125333000000,,,-1426932628667295965,0.0,10.771869699586068,999.0,1.0,29,23,0.0,81967,209539926334204,6,44.09807205200195,550.3458191354068,0.15,25,287026.83987386327,0.0010172514012083411,1561097980,,,,0,,5,50.23420715332031,39.09807205200195,9.342329576611519,2.500692349107121,9.342329576611519,1.5000000237487257,,1908128607780435,
Raw,1742897536000,125333000000,,,-1426932628667295965,0.0,10.771869699586068,999.0,1.0,29,25,0.0,81967,209539916108058,15,33.34098815917969,905.754506086817,0.6770862750219186,25,45167.38529461014,0.0033090729266405106,1561097980,,,,0,,5,50.23420715332031,28.340986251831055,9.342329576611519,2.500692349107121,9.342329576611519,1.5000000237487257,,1908128607780435,
Raw,1742897536000,125333000000,,,-1426932628667295965,0.0,10.771869699586068,999.0,1.0,29,28,0.0,81967,209539923753465,12,35.968719482421875,-175.93311229267113,0.5566977857289448,25,-17758.141720848933,0.0024452300276607275,1561097980,,,,0,,5,50.23420715332031,30.968719482421875,9.342329576611519,2.500692349107121,9.342329576611519,1.5000000237487257,,1908128607780435,
Raw,1742897536000,125333000000,,,-1426932628667295965,0.0,10.771869699586068,999.0,1.0,29,34,0.0,16384,209539916433206,1000000000,12.0,880.9464313031676,299792458,16,40845.46363550995,340282346638528860000000000000000000000,1561097980,,,,1,,5,50.23420715332031,7.0,9.342329576611519,2.500692349107121,9.342329576611519,1.5000000237487257,,1908128607780435,
Raw,1742897536000,125333000000,,,-1426932628667295965,0.0,10.771869699586068,999.0,1.0,29,37,0.0,81967,209539924408573,10,38.594337463378906,-25.604694690724628,0.15,25,-1418.143048677201,0.0019169689621776342,1561097980,,,,0,,5,50.23420715332031,33.594337463378906,9.342329576611519,2.500692349107121,9.342329576611519,1.5000000237487257,,1908128607780435,
Raw,1742897536000,125333000000,,,-1426932628667295965,0.0,10.771869699586068,999.0,1.0,29,4,0.0,85026,209553909001099,62,24.871747970581055,319.1973379468154,1.0559405378361788,16,14701.619458423955,340282346638528860000000000000000000000,1575420030,,,,1,,6,37.42583465576172,19.871747970581055,1.3096723705530164,1.5000000237487257,1.3096723705530164,1.5000000237487257,,1908128607780435,
Raw,1742897536000,125333000000,,,-1426932628667295965,0.0,10.771869699586068,999.0,1.0,29,6,0.0,16384,209553905942513,1000000000,25.117633819580078,107.4926085036069,299792458,16,3.2940477807888344,340282346638528860000000000000000000000,1575420030,,,,0,,6,37.42583465576172,20.117633819580078,1.3096723705530164,1.5000000237487257,1.3096723705530164,1.5000000237487257,,1908128607780435,
Raw,1742897536000,125333000000,,,-1426932628667295965,0.0,10.771869699586068,999.0,1.0,29,13,0.0,85026,209553917697421,13,44.062538146972656,-138.89522111432763,0.15,25,-7436.345424139441,0.001012135879136622,1575420030,,,,0,,6,37.42583465576172,39.062538146972656,1.3096723705530164,1.5000000237487257,1.3096723705530164,1.5000000237487257,,1908128607780435,
Raw,1742897536000,125333000000,,,-1426932628667295965,0.0,10.771869699586068,999.0,1.0,29,15,0.0,85026,209553917538459,56,26.1085147857666,407.34868065180353,1.0080293242811318,16,14749.367003361276,340282346638528860000000000000000000000,1575420030,,,,0,,6,37.42583465576172,21.1085147857666,1.3096723705530164,1.5000000237487257,1.3096723705530164,1.5000000237487257,,1908128607780435,
Raw,1742897536000,125333000000,,,-1426932628667295965,0.0,10.771869699586068,999.0,1.0,29,18,0.0,16384,209553898108680,1000000000,17.30716323852539,-150.006962522791,299792458,16,-186.1427950833095,340282346638528860000000000000000000000,1575420030,,,,0,,6,37.42583465576172,12.30716323852539,1.3096723705530164,1.5000000237487257,1.3096723705530164,1.5000000237487257,,1908128607780435,
Raw,1742897536000,125333000000,,,-1426932628667295965,0.0,10.771869699586068,999.0,1.0,29,21,0.0,85026,209553920967203,42,29.488676071166992,131.34465334056313,0.847596944102261,16,5990.584408221459,340282346638528860000000000000000000000,1575420030,,,,0,,6,37.42583465576172,24.488676071166992,1.3096723705530164,1.5000000237487257,1.3096723705530164,1.5000000237487257,,1908128607780435,
Raw,1742897536000,125333000000,,,-1426932628667295965,0.0,10.771869699586068,999.0,1.0,29,23,0.0,21546,209553910167839,27,35.077049255371094,-151.3795482531059,0.5972293486392286,25,-8164.189546244757,0.0026849540881812572,1575420030,,,,0,,6,37.42583465576172,30.077051162719727,1.3096723705530164,1.5000000237487257,1.3096723705530164,1.5000000237487257,,1908128607780435,
Raw,1742897536000,125333000000,,,-1426932628667295965,0.0,10.771869699586068,999.0,1.0,29,26,0.0,85026,209553906196623,73,22.794248580932617,-327.36509640513736,1.1495783593639182,16,-9117.62983609287,340282346638528860000000000000000000000,1575420030,,,,1,,6,37.42583465576172,17.794248580932617,1.3096723705530164,1.5000000237487257,1.3096723705530164,1.5000000237487257,,1908128607780435,
Raw,1742897536000,125333000000,,,-1426932628667295965,0.0,10.771869699586068,999.0,1.0,29,27,0.0,85026,209553918264931,97,19.281105041503906,574.0527919961737,1.3075727788246416,16,26577.922773254853,340282346638528860000000000000000000000,1575420030,,,,1,,6,37.42583465576172,14.281105041503906,1.3096723705530164,1.5000000237487257,1.3096723705530164,1.5000000237487257,,1908128607780435,
Raw,1742897536000,125333000000,,,-1426932628667295965,0.0,10.771869699586068,999.0,1.0,29,34,0.0,16384,209553906296342,1000000000,25.215469360351562,808.7008939029838,299792458,16,993.0354396655439,340282346638528860000000000000000000000,1575420030,,,,0,,6,37.42583465576172,20.215469360351562,1.3096723705530164,1.5000000237487257,1.3096723705530164,1.5000000237487257,,1908128607780435,
Status,1742897535000,35,0,1,29,1575449980,29.16,31.0,81.0,1,1,1,24.155743
Status,1742897535000,35,1,3,10,1598062460,17.49,20.0,79.0,0,1,1,12.489735
Status,1742897535000,35,2,3,20,1603124990,35.24,160.0,74.0,1,1,1,30.243767
Status,1742897535000,35,3,6,21,1575449980,29.49,314.0,68.0,1,1,1,24.488676
Status,1742897535000,35,4,5,23,1575449980,45.37,150.0,67.0,1,1,1,40.367485
Status,1742897535000,35,5,1,28,1575449980,37.26,251.0,61.0,1,1,1,32.258766
Status,1742897535000,35,6,5,37,1575449980,38.84,302.0,55.0,0,1,1,33.84073
Status,1742897535000,35,7,1,25,1575449980,38.32,102.0,52.0,1,1,1,33.320442
Status,1742897535000,35,8,6,27,1575449980,25.54,93.0,51.0,1,1,1,20.53803
Status,1742897535000,35,9,1,31,1575449980,40.63,294.0,48.0,1,1,1,35.629818
Status,1742897535000,35,10,6,15,1575449980,26.91,68.0,45.0,0,1,1,21.913673
Status,1742897535000,35,11,6,13,1575449980,45.12,150.0,45.0,1,1,1,40.116188
Status,1742897535000,35,12,5,28,1575449980,40.38,209.0,45.0,1,1,1,35.37672
Status,1742897535000,35,13,3,9,1600875010,44.72,123.0,43.0,1,1,1,39.71507
Status,1742897535000,35,14,5,11,1575449980,28.00,51.0,41.0,0,1,1,23.00107
Status,1742897535000,35,15,3,19,1603687550,14.24,34.0,31.0,0,1,1,9.244175
Status,1742897535000,35,16,1,18,1575449980,43.39,175.0,31.0,1,1,1,38.39229
Status,1742897535000,35,17,3,11,1602000000,30.39,319.0,30.0,0,1,1,25.39188
Status,1742897535000,35,18,1,26,1575449980,36.07,297.0,26.0,1,1,1,31.067648
Status,1742897535000,35,19,3,21,1604249980,30.84,202.0,24.0,1,1,1,25.840498
Status,1742897535000,35,20,5,8,1575449980,20.37,69.0,21.0,0,1,1,15.366618
Status,1742897535000,35,21,5,13,1575449980,23.18,83.0,20.0,0,1,1,18.177944
Status,1742897535000,35,22,6,23,1575449980,36.78,291.0,18.0,1,1,1,31.777607
Status,1742897535000,35,23,5,25,1575449980,34.80,137.0,16.0,1,1,1,29.799347
Status,1742897535000,35,24,1,12,1575449980,30.05,104.0,16.0,1,1,1,25.047523
Status,1742897535000,35,25,6,4,1575449980,25.11,309.0,15.0,1,1,1,20.110178
Status,1742897535000,35,26,1,20,1575449980,17.60,60.0,14.0,0,1,1,12.601493
Status,1742897535000,35,27,1,11,1575449980,20.71,36.0,11.0,0,1,1,15.706177
Status,1742897535000,35,28,1,5,1575449980,24.08,95.0,9.0,0,1,1,19.080124
Status,1742897535000,35,29,6,18,1575449980,20.67,242.0,7.0,0,0,1,15.668113
Status,1742897535000,35,30,6,34,1575449980,25.22,30.0,7.0,0,1,1,20.21547
Status,1742897535000,35,31,3,2,1599750020,28.35,348.0,7.0,0,1,1,23.349432
Status,1742897535000,35,32,3,1,1602562560,22.86,302.0,6.0,0,1,1,17.856895
Status,1742897535000,35,33,6,26,1575449980,24.26,188.0,6.0,1,1,1,19.26409
Status,1742897535000,35,34,6,6,1575449980,25.12,331.0,6.0,0,1,1,20.117634
Fix,GPS,45.0659522150,7.6463346477,323.0913857653766,0.0,6.0,,1742897536000,0.1652818,,1908128716918858,3.4532447,0,,,
Fix,FLP,45.0659854000,7.6463778000,307.1000061035156,0.01706998,6.388,,1742897536602,0.052129347,,1908128716918858,2.9243112,0,,,
Fix,FLP,45.0659859000,7.6463777000,307.1000061035156,0.10021335,6.282,358.13235,1742897537316,0.12773155,52.34412,1908129430909819,2.9243112,0,,,
Raw,1742897537000,126333000000,,,-1426932628667294963,0.0,10.67125659577718,999.0,1.0,29,5,0.0,16419,209554917700395,74,22.599157333374023,-178.6417644011367,1.1604207077106414,16,-9055.34926895598,340282346638528860000000000000000000000,1575420030,,,,0,,1,35.818702697753906,17.599157333374023,-0.37834980195649376,1.0,-0.37834980195649376,1.0,,1908129609240780,
Raw,1742897537000,126333000000,,,-1426932628667294963,0.0,10.67125659577718,999.0,1.0,29,11,0.0,16384,209554917312858,1000000000,20.2281494140625,884.2611546947501,299792458,16,41852.61243093671,340282346638528860000000000000000000000,1575420030,,,,0,,1,35.818702697753906,15.2281494140625,-0.20372681261465636,1.0,-0.20372681261465636,1.0,,1908129609240780,
Raw,1742897537000,126333000000,,,-1426932628667294963,0.0,10.67125659577718,999.0,1.0,29,12,0.0,16431,209554919500208,75,26.13918113708496,910.916907611414,299.79596773611866,16,43145.620186185115,340282346638528860000000000000000000000,1575420030,,,,1,,1,35.818702697753906,21.13918113708496,-0.6984919076624261,1.0,-0.6984919076624261,1.0,,1908129609240780,
Raw,1742897537000,126333000000,,,-1426932628667294963,0.0,10.67125659577718,999.0,1.0,29,18,0.0,16431,209554923497944,13,43.43828201293945,-342.2624018214317,0.15,16,-38536.40142132881,340282346638528860000000000000000000000,1575420030,,,,0,,1,35.818702697753906,38.43828201293945,-0.08731148845780326,1.0,-0.08731148845780326,1.0,,1908129609240780,
Raw,1742897537000,126333000000,,,-1426932628667294963,0.0,10.67125659577718,999.0,1.0,29,20,0.0,16384,209554919205214,1000000000,22.059593200683594,199.57757792817517,299792458,16,9613.736955716986,340282346638528860000000000000000000000,1575420030,,,,0,,1,35.818702697753906,17.059593200683594,0.0,1.0,0.0,1.0,,1908129609240780,
Raw,1742897537000,126333000000,,,-1426932628667294963,0.0,10.67125659577718,999.0,1.0,29,25,0.0,16431,209554930181191,31,33.252071380615234,713.4980272732523,0.6800185644942425,16,34731.96699502294,340282346638528860000000000000000000000,1575420030,,,,1,,1,35.818702697753906,28.252071380615234,-1.8917489103726217,1.0,-1.8917489103726217,1.0,,1908129609240780,
Raw,1742897537000,126333000000,,,-1426932628667294963,0.0,10.67125659577718,999.0,1.0,29,26,0.0,16431,209554923644199,25,35.92352294921875,-271.65698039403856,0.5587105145481317,16,-13933.471578495868,340282346638528860000000000000000000000,1575420030,,,,0,,1,35.818702697753906,30.923524856567383,-0.8440110737314445,1.0,-0.8440110737314445,1.0,,1908129609240780,
Raw,1742897537000,126333000000,,,-1426932628667294963,0.0,10.67125659577718,999.0,1.0,29,28,0.0,16431,209554930244393,14,43.288185119628906,388.9160361028546,0.15,25,19532.924960592743,0.0011663669720292091,1575420030,,,,0,,1,35.818702697753906,38.288185119628906,-0.34924595383121304,1.0,-0.34924595383121304,1.0,,1908129609240780,
Raw,1742897537000,126333000000,,,-1426932628667294963,0.0,10.67125659577718,999.0,1.0,29,29,0.0,16431,209554932267066,45,28.748104095458984,387.74959811081794,1.2814511054572275,16,19237.749323951302,340282346638528860000000000000000000000,1575420030,,,,0,,1,35.818702697753906,23.748104095458984,-0.9604263668227204,1.0,-0.9604263668227204,1.0,,1908129609240780,
Raw,1742897537000,126333000000,,,-1426932628667294963,0.0,10.67125659577718,999.0,1.0,29,31,0.0,16431,209554928851589,14,42.873069763183594,69.46350150251757,0.15,25,3262.6954339607455,0.0011606792686507106,1575420030,,,,0,,1,35.818702697753906,37.873069763183594,-0.2619344840127561,1.0,-0.2619344840127561,1.0,,1908129609240780,
Raw,1742897537000,126333000000,,,-1426932628667294963,0.0,10.67125659577718,999.0,1.0,29,10,0.0,32768,47536935823546,1000000000,17.649927139282227,217.85557333065185,299792458,16,11402.834330129934,340282346638528860000000000000000000000,1598062460,,,,1,,3,55.70020294189453,12.649927139282227,4.656612873077393,2.0000000474974513,4.656612873077393,2.0000000474974513,,1908129609240780,
Raw,1742897537000,126333000000,,,-1426932628667294963,0.0,10.67125659577718,999.0,1.0,29,2,0.0,32867,47536920367480,112,26.190673828125,209.83302317834534,1.0948563127246302,16,9723.075268393995,340282346638528860000000000000000000000,1599750020,,,,1,,3,55.70020294189453,21.190673828125,4.656612873077393,2.0000000474974513,4.656612873077393,2.0000000474974513,,1908129609240780,
Raw,1742897537000,126333000000,,,-1426932628667294963,0.0,10.67125659577718,999.0,1.0,29,9,0.0,32995,47536931580409,35,40.58723449707031,801.5091547521056,0.15,25,48405.69563092467,0.0014860824448987842,1600875010,,,,0,,3,55.70020294189453,35.58723449707031,4.656612873077393,2.0000000474974513,4.656612873077393,2.0000000474974513,,1908129609240780,
Raw,1742897537000,126333000000,,,-1426932628667294963,0.0,10.67125659577718,999.0,1.0,29,11,0.0,32867,47536927735819,97,27.931962966918945,-353.02884534224836,0.9188179617942924,16,-20091.92717796725,340282346638528860000000000000000000000,1602000000,,,,0,,3,55.70020294189453,22.931962966918945,4.656612873077393,2.0000000474974513,4.656612873077393,2.0000000474974513,,1908129609240780,
Raw,1742897537000,126333000000,,,-1426932628667294963,0.0,10.67125659577718,999.0,1.0,29,1,0.0,32768,47536919972840,1000000000,19.81157875061035,745.1727627374653,299792458,16,39409.71602382271,340282346638528860000000000000000000000,1602562560,,,,0,,3,55.70020294189453,14.811578750610352,4.656612873077393,2.0000000474974513,4.656612873077393,2.0000000474974513,,1908129609240780,
Raw,1742897537000,126333000000,,,-1426932628667294963,0.0,10.67125659577718,999.0,1.0,29,20,0.0,32995,47536935805518,80,32.97508239746094,94.60275125589197,299.7952860869882,16,4678.043571166003,340282346638528860000000000000000000000,1603124990,,,,0,,3,55.70020294189453,27.97508430480957,4.656612873077393,2.0000000474974513,4.656612873077393,2.0000000474974513,,1908129609240780,
Raw,1742897537000,126333000000,,,-1426932628667294963,0.0,10.67125659577718,999.0,1.0,29,19,0.0,32768,47536927919359,1000000000,14.000320434570312,975.8729573754122,299792458,16,46185.73075323868,340282346638528860000000000000000000000,1603687550,,,,1,,3,55.70020294189453,9.000320434570312,4.656612873077393,2.0000000474974513,4.656612873077393,2.0000000474974513,,1908129609240780,
Raw,1742897537000,126333000000,,,-1426932628667294963,0.0,10.67125659577718,999.0,1.0,29,21,0.0,32995,47536926057961,33,41.22306442260742,-472.9074786594076,0.15,29,-38258.55361371379,0.0013782780151814222,1604249980,,,,0,,3,55.70020294189453,36.22306442260742,4.656612873077393,2.0000000474974513,4.656612873077393,2.0000000474974513,,1908129609240780,
Raw,1742897537000,126333000000,,,-1426932628667294963,0.0,10.67125659577718,999.0,1.0,29,8,0.0,16384,209540868015582,1000000000,17.191818237304688,-11.240016058970816,299792458,16,-610.3114953414764,340282346638528860000000000000000000000,1561097980,,,,0,,5,48.880332946777344,12.191818237304688,9.342329576611519,2.500692349107121,9.342329576611519,1.5000000237487257,,1908129609240780,
Raw,1742897537000,126333000000,,,-1426932628667294963,0.0,10.67125659577718,999.0,1.0,29,11,0.0,81955,209540922824223,28,25.83623504638672,735.4569450214208,1.0437480715535266,16,34779.72273185839,340282346638528860000000000000000000000,1561097980,,,,0,,5,48.880332946777344,20.83623504638672,9.342329576611519,2.500692349107121,9.342329576611519,1.5000000237487257,,1908129609240780,
Raw,1742897537000,126333000000,,,-1426932628667294963,0.0,10.67125659577718,999.0,1.0,29,13,0.0,16384,209540867596251,1000000000,22.050724029541016,-45.74561373504926,299792458,16,-2247.2567188244916,340282346638528860000000000000000000000,1561097980,,,,0,,5,48.880332946777344,17.050724029541016,9.342329576611519,2.500692349107121,9.342329576611519,1.5000000237487257,,1908129609240780,
Raw,1742897537000,126333000000,,,-1426932628667294963,0.0,10.67125659577718,999.0,1.0,29,23,0.0,81967,209540926332329,6,43.875,550.4682433192368,0.15,16,287577.3670058692,340282346638528860000000000000000000000,1561097980,,,,0,,5,48.880332946777344,38.875,9.342329576611519,2.500692349107121,9.342329576611519,1.5000000237487257,,1908129609240780,
Raw,1742897537000,126333000000,,,-1426932628667294963,0.0,10.67125659577718,999.0,1.0,29,25,0.0,81967,209540916104987,12,36.234779357910156,906.3204111949217,0.15,16,46074.156476100776,340282346638528860000000000000000000000,1561097980,,,,1,,5,48.880332946777344,31.23478126525879,9.342329576611519,2.500692349107121,9.342329576611519,1.5000000237487257,,1908129609240780,
Raw,1742897537000,126333000000,,,-1426932628667294963,0.0,10.67125659577718,999.0,1.0,29,28,0.0,81967,209540923753984,7,42.40671157836914,-175.40214170250226,0.15,16,-17933.532120039505,340282346638528860000000000000000000000,1561097980,,,,1,,5,48.880332946777344,37.40671157836914,9.342329576611519,2.500692349107121,9.342329576611519,1.5000000237487257,,1908129609240780,
Raw,1742897537000,126333000000,,,-1426932628667294963,0.0,10.67125659577718,999.0,1.0,29,34,0.0,16384,209540916430203,1000000000,16.68578338623047,880.9464313031676,299792458,16,41725.80207321622,340282346638528860000000000000000000000,1561097980,,,,1,,5,48.880332946777344,11.685783386230469,9.342329576611519,2.500692349107121,9.342329576611519,1.5000000237487257,,1908129609240780,
Raw,1742897537000,126333000000,,,-1426932628667294963,0.0,10.67125659577718,999.0,1.0,29,37,0.0,81967,209540924408691,10,37.86603927612305,-25.06343332883941,0.15,16,-1444.3813131605127,340282346638528860000000000000000000000,1561097980,,,,0,,5,48.880332946777344,32.86603927612305,9.342329576611519,2.500692349107121,9.342329576611519,1.5000000237487257,,1908129609240780,
Raw,1742897537000,126333000000,,,-1426932628667294963,0.0,10.67125659577718,999.0,1.0,29,4,0.0,85026,209554909000041,68,23.74600601196289,319.3101508779059,1.1065636365402156,16,15021.430740632053,340282346638528860000000000000000000000,1575420030,,,,1,,6,35.818702697753906,18.74600601196289,1.3096723705530164,1.5000000237487257,1.3096723705530164,1.5000000237487257,,1908129609240780,
Raw,1742897537000,126333000000,,,-1426932628667294963,0.0,10.67125659577718,999.0,1.0,29,6,0.0,16384,209554905942155,1000000000,23.079896926879883,107.4926085036069,299792458,16,3.289844746327849,340282346638528860000000000000000000000,1575420030,,,,0,,6,35.818702697753906,18.079896926879883,1.3096723705530164,1.5000000237487257,1.3096723705530164,1.5000000237487257,,1908129609240780,
Raw,1742897537000,126333000000,,,-1426932628667294963,0.0,10.67125659577718,999.0,1.0,29,13,0.0,85026,209554917697891,16,41.56279373168945,-138.14739237391825,0.15,16,-7574.777007208412,340282346638528860000000000000000000000,1575420030,,,,0,,6,35.818702697753906,36.56279373168945,1.3096723705530164,1.5000000237487257,1.3096723705530164,1.5000000237487257,,1908129609240780,
Raw,1742897537000,126333000000,,,-1426932628667294963,0.0,10.67125659577718,999.0,1.0,29,15,0.0,85026,209554917537127,64,24.454254150390625,405.93589466402,1.074811168578365,16,15155.984877858184,340282346638528860000000000000000000000,1575420030,,,,0,,6,35.818702697753906,19.454254150390625,1.3096723705530164,1.5000000237487257,1.3096723705530164,1.5000000237487257,,1908129609240780,
Raw,1742897537000,126333000000,,,-1426932628667294963,0.0,10.67125659577718,999.0,1.0,29,18,0.0,16384,209554898109180,1000000000,18.15300750732422,-150.006962522791,299792458,16,-186.1369297086048,340282346638528860000000000000000000000,1575420030,,,,0,,6,35.818702697753906,13.153008460998535,1.3096723705530164,1.5000000237487257,1.3096723705530164,1.5000000237487257,,1908129609240780,
Raw,1742897537000,126333000000,,,-1426932628667294963,0.0,10.67125659577718,999.0,1.0,29,21,0.0,85026,209554920966774,40,30.282760620117188,131.2241462949126,0.8118877159534654,16,6121.223645360217,340282346638528860000000000000000000000,1575420030,,,,1,,6,35.818702697753906,25.282760620117188,1.3096723705530164,1.5000000237487257,1.3096723705530164,1.5000000237487257,,1908129609240780,
Raw,1742897537000,126333000000,,,-1426932628667294963,0.0,10.67125659577718,999.0,1.0,29,23,0.0,21546,209554910168364,20,38.554420471191406,-151.63138352435294,0.15,29,-8315.808014457445,0.0019082914805039763,1575420030,,,,0,,6,35.818702697753906,33.554420471191406,1.3096723705530164,1.5000000237487257,1.3096723705530164,1.5000000237487257,,1908129609240780,
Raw,1742897537000,126333000000,,,-1426932628667294963,0.0,10.67125659577718,999.0,1.0,29,26,0.0,85026,209554906197717,88,20.464214324951172,-327.2947842973308,1.254357682675126,16,-9444.232839023534,340282346638528860000000000000000000000,1575420030,,,,0,,6,35.818702697753906,15.464213371276855,1.3096723705530164,1.5000000237487257,1.3096723705530164,1.5000000237487257,,1908129609240780,
Raw,1742897537000,126333000000,,,-1426932628667294963,0.0,10.67125659577718,999.0,1.0,29,27,0.0,85026,209554918262995,66,24.049480438232422,574.1089598845233,1.0931440021208485,16,27148.841963940587,340282346638528860000000000000000000000,1575420030,,,,1,,6,35.818702697753906,19.049480438232422,1.3096723705530164,1.5000000237487257,1.3096723705530164,1.5000000237487257,,1908129609240780,
Raw,1742897537000,126333000000,,,-1426932628667294963,0.0,10.67125659577718,999.0,1.0,29,34,0.0,16384,209554906293642,1000000000,24.385112762451172,808.7008939029838,299792458,16,993.0038189082926,340282346638528860000000000000000000000,1575420030,,,,0,,6,35.818702697753906,19.385112762451172,1.3096723705530164,1.5000000237487257,1.3096723705530164,1.5000000237487257,,1908129609240780,
Status,1742897536000,36,0,1,29,1575449980,29.11,31.0,81.0,1,1,1,24.114979
Status,1742897536000,36,1,3,10,1598062460,17.65,21.0,79.0,0,1,1,12.649927
Status,1742897536000,36,2,3,20,1603124990,35.02,160.0,74.0,0,1,1,30.0169
Status,1742897536000,36,3,6,21,1575449980,30.28,314.0,68.0,1,1,1,25.28276
Status,1742897536000,36,4,5,23,1575449980,45.22,150.0,67.0,1,1,1,40.218235
Status,1742897536000,36,5,1,28,1575449980,43.29,251.0,61.0,1,1,1,38.288185
Status,1742897536000,36,6,5,37,1575449980,38.74,302.0,55.0,1,1,1,33.74326
Status,1742897536000,36,7,1,25,1575449980,37.81,102.0,52.0,1,1,1,32.813606
Status,1742897536000,36,8,6,27,1575449980,25.39,93.0,50.0,1,1,1,20.389175
Status,1742897536000,36,9,1,31,1575449980,42.87,294.0,48.0,1,1,1,37.87307
Status,1742897536000,36,10,6,15,1575449980,26.67,68.0,45.0,1,1,1,21.667732
Status,1742897536000,36,11,6,13,1575449980,44.76,150.0,45.0,1,1,1,39.76085
Status,1742897536000,36,12,5,28,1575449980,42.41,209.0,45.0,1,1,1,37.40671
Status,1742897536000,36,13,3,9,1600875010,44.30,123.0,43.0,1,1,1,39.302284
Status,1742897536000,36,14,5,11,1575449980,27.78,51.0,41.0,0,1,1,22.784586
Status,1742897536000,36,15,3,19,1603687550,14.22,34.0,31.0,0,1,1,9.2197895
Status,1742897536000,36,16,1,18,1575449980,43.44,175.0,31.0,1,1,1,38.438282
Status,1742897536000,36,17,3,11,1602000000,30.15,319.0,30.0,0,1,1,25.14589
Status,1742897536000,36,18,1,26,1575449980,36.05,297.0,26.0,1,1,1,31.053236
Status,1742897536000,36,19,3,21,1604249980,41.22,202.0,24.0,1,1,1,36.223064
Status,1742897536000,36,20,5,8,1575449980,20.05,69.0,21.0,0,1,1,15.049138
Status,1742897536000,36,21,5,13,1575449980,23.07,83.0,20.0,0,1,1,18.065222
Status,1742897536000,36,22,6,23,1575449980,38.55,291.0,18.0,1,1,1,33.55442
Status,1742897536000,36,23,5,34,1575449980,16.69,48.0,17.0,0,1,1,11.685783
Status,1742897536000,36,24,5,25,1575449980,36.23,137.0,16.0,1,1,1,31.234781
Status,1742897536000,36,25,1,12,1575449980,29.66,104.0,16.0,0,1,1,24.656689
Status,1742897536000,36,26,6,4,1575449980,24.97,309.0,15.0,1,1,1,19.97376
Status,1742897536000,36,27,1,20,1575449980,22.06,59.0,14.0,0,1,1,17.059593
Status,1742897536000,36,28,1,11,1575449980,20.66,36.0,11.0,0,1,1,15.658374
Status,1742897536000,36,29,1,5,1575449980,23.93,95.0,9.0,0,1,1,18.932028
Status,1742897536000,36,30,6,18,1575449980,20.42,242.0,7.0,0,0,1,15.416602
Status,1742897536000,36,31,6,34,1575449980,25.13,30.0,7.0,0,1,1,20.132433
Status,1742897536000,36,32,3,2,1599750020,28.13,348.0,7.0,0,1,1,23.133556
Status,1742897536000,36,33,3,1,1602562560,22.55,302.0,6.0,0,1,1,17.552364
Status,1742897536000,36,34,6,26,1575449980,23.88,188.0,6.0,1,1,1,18.884102
Status,1742897536000,36,35,6,6,1575449980,24.91,331.0,6.0,0,1,1,19.91386
Fix,GPS,45.0659522150,7.6463346477,322.96105848427885,0.0,8.0,,1742897537000,0.21292575,,1908129729090896,3.384854,0,,,
Fix,FLP,45.0659858000,7.6463774000,307.1000061035156,0.04378604,5.956,,1742897537614,0.08176874,,1908129729090896,2.934433,0,,,
Fix,FLP,45.0659860000,7.6463775000,307.1000061035156,0.08970911,5.896,,1742897538258,0.11793734,,1908130372667087,2.934433,0,,,
Raw,1742897538000,127333000000,,,-1426932628667293961,0.0,11.095713579470429,1001.0,1.0,29,5,0.0,16384,209555917700954,1000000000,19.61302947998047,-178.68745193410552,299792458,16,-9233.598747092665,340282346638528860000000000000000000000,1575420030,,,,0,,1,38.62957763671875,14.613029479980469,-0.37834980195649376,1.0,-0.37834980195649376,1.0,,1908130618622972,
Raw,1742897538000,127333000000,,,-1426932628667293961,0.0,11.095713579470429,1001.0,1.0,29,11,0.0,16384,209555917309886,1000000000,20.14555549621582,884.2611546947501,299792458,16,42737.6968751966,340282346638528860000000000000000000000,1575420030,,,,0,,1,38.62957763671875,15.14555549621582,-0.20372681261465636,1.0,-0.20372681261465636,1.0,,1908130618622972,
Raw,1742897538000,127333000000,,,-1426932628667293961,0.0,11.095713579470429,1001.0,1.0,29,12,0.0,16431,209555919497120,76,22.281002044677734,911.5707454573476,1.1750508684422494,16,44058.197440962926,340282346638528860000000000000000000000,1575420030,,,,1,,1,38.62957763671875,17.281002044677734,-0.6984919076624261,1.0,-0.6984919076624261,1.0,,1908130618622972,
Raw,1742897538000,127333000000,,,-1426932628667293961,0.0,11.095713579470429,1001.0,1.0,29,18,0.0,16431,209555923499089,19,39.25276565551758,-342.22450212977833,0.15,17,-38879.02474247377,0.0969077070831207,1575420030,,,,0,,1,38.62957763671875,34.25276565551758,-0.08731148845780326,1.0,-0.08731148845780326,1.0,,1908130618622972,
Raw,1742897538000,127333000000,,,-1426932628667293961,0.0,11.095713579470429,1001.0,1.0,29,20,0.0,16384,209555919204521,1000000000,21.34225082397461,200.50421175611734,299792458,16,9815.387334696286,340282346638528860000000000000000000000,1575420030,,,,0,,1,38.62957763671875,16.34225082397461,0.0,1.0,0.0,1.0,,1908130618622972,
Raw,1742897538000,127333000000,,,-1426932628667293961,0.0,11.095713579470429,1001.0,1.0,29,25,0.0,16431,209555930178802,44,28.991361618041992,712.3469263866509,0.8716174872788822,16,35443.82566086483,340282346638528860000000000000000000000,1575420030,,,,0,,1,38.62957763671875,23.991361618041992,-1.8917489103726217,1.0,-1.8917489103726217,1.0,,1908130618622972,
Raw,1742897538000,127333000000,,,-1426932628667293961,0.0,11.095713579470429,1001.0,1.0,29,26,0.0,16431,209555923645114,38,30.953264236450195,-271.4796834552069,0.7822177393389969,16,-14205.456943932986,340282346638528860000000000000000000000,1575420030,,,,0,,1,38.62957763671875,25.953264236450195,-0.8440110737314445,1.0,-0.8440110737314445,1.0,,1908130618622972,
Raw,1742897538000,127333000000,,,-1426932628667293961,0.0,11.095713579470429,1001.0,1.0,29,28,0.0,16431,209555930243099,18,39.67227554321289,388.42320378153477,0.15,16,19921.306458167488,340282346638528860000000000000000000000,1575420030,,,,0,,1,38.62957763671875,34.67227554321289,-0.34924595383121304,1.0,-0.34924595383121304,1.0,,1908130618622972,
Raw,1742897538000,127333000000,,,-1426932628667293961,0.0,11.095713579470429,1001.0,1.0,29,29,0.0,16431,209555932265751,58,25.62165069580078,387.91861301271456,1.023524993019985,16,19626.120856408266,340282346638528860000000000000000000000,1575420030,,,,0,,1,38.62957763671875,20.62165069580078,-0.9604263668227204,1.0,-0.9604263668227204,1.0,,1908130618622972,
Raw,1742897538000,127333000000,,,-1426932628667293961,0.0,11.095713579470429,1001.0,1.0,29,31,0.0,16431,209555928851356,20,38.55697250366211,70.08113099870275,0.15,29,3330.93535752878,0.001798626035451889,1575420030,,,,1,,1,38.62957763671875,33.55697250366211,-0.2619344840127561,1.0,-0.2619344840127561,1.0,,1908130618622972,
Raw,1742897538000,127333000000,,,-1426932628667293961,0.0,11.095713579470429,1001.0,1.0,29,10,0.0,32768,47537935823022,1000000000,17.47855567932129,217.94698247904603,299792458,16,11621.09083260801,340282346638528860000000000000000000000,1598062460,,,,1,,3,53.42133331298828,12.478555679321289,4.656612873077393,2.0000000474974513,4.656612873077393,2.0000000474974513,,1908130618622972,
Raw,1742897538000,127333000000,,,-1426932628667293961,0.0,11.095713579470429,1001.0,1.0,29,2,0.0,32867,47537920366782,149,22.662410736083984,209.98966614852418,1.158055837885584,16,9933.663213111253,340282346638528860000000000000000000000,1599750020,,,,0,,3,53.42133331298828,17.662410736083984,4.656612873077393,2.0000000474974513,4.656612873077393,2.0000000474974513,,1908130618622972,
Raw,1742897538000,127333000000,,,-1426932628667293961,0.0,11.095713579470429,1001.0,1.0,29,9,0.0,32995,47537931577696,54,35.05015563964844,800.8737895976074,0.5994120237699443,29,49207.83747975205,0.002650456503033638,1600875010,,,,1,,3,53.42133331298828,30.050153732299805,4.656612873077393,2.0000000474974513,4.656612873077393,2.0000000474974513,,1908130618622972,
Raw,1742897538000,127333000000,,,-1426932628667293961,0.0,11.095713579470429,1001.0,1.0,29,11,0.0,32867,47537927736977,122,25.064315795898438,-351.521412372701,1.047773129788113,16,-20443.575863486138,340282346638528860000000000000000000000,1602000000,,,,1,,3,53.42133331298828,20.064315795898438,4.656612873077393,2.0000000474974513,4.656612873077393,2.0000000474974513,,1908130618622972,
Raw,1742897538000,127333000000,,,-1426932628667293961,0.0,11.095713579470429,1001.0,1.0,29,1,0.0,32768,47537919970512,1000000000,17.686250686645508,745.7867241092672,299792458,16,40155.53771032266,340282346638528860000000000000000000000,1602562560,,,,1,,3,53.42133331298828,12.686250686645508,4.656612873077393,2.0000000474974513,4.656612873077393,2.0000000474974513,,1908130618622972,
Raw,1742897538000,127333000000,,,-1426932628667293961,0.0,11.095713579470429,1001.0,1.0,29,20,0.0,32995,47537935805219,96,28.0497989654541,94.5953468422124,0.9149705051104928,16,4773.39043325163,340282346638528860000000000000000000000,1603124990,,,,0,,3,53.42133331298828,23.0497989654541,4.656612873077393,2.0000000474974513,4.656612873077393,2.0000000474974513,,1908130618622972,
Raw,1742897538000,127333000000,,,-1426932628667293961,0.0,11.095713579470429,1001.0,1.0,29,19,0.0,32768,47537927916223,1000000000,14.392147064208984,975.9640256992411,299792458,16,47162.59932135191,340282346638528860000000000000000000000,1603687550,,,,0,,3,53.42133331298828,9.392147064208984,4.656612873077393,2.0000000474974513,4.656612873077393,2.0000000474974513,,1908130618622972,
Raw,1742897538000,127333000000,,,-1426932628667293961,0.0,11.095713579470429,1001.0,1.0,29,21,0.0,32995,47537926059559,40,38.90605545043945,-473.5160209206224,0.15,16,-38730.83032557224,340282346638528860000000000000000000000,1604249980,,,,0,,3,53.42133331298828,33.90605545043945,4.656612873077393,2.0000000474974513,4.656612873077393,2.0000000474974513,,1908130618622972,
Raw,1742897538000,127333000000,,,-1426932628667293961,0.0,11.095713579470429,1001.0,1.0,29,8,0.0,16384,209541868015634,1000000000,17.083436965942383,-11.240016058970816,299792458,16,-620.7028169014309,340282346638528860000000000000000000000,1561097980,,,,0,,5,50.92256164550781,12.083436965942383,9.342329576611519,2.500692349107121,9.342329576611519,1.5000000237487257,,1908130618622972,
Raw,1742897538000,127333000000,,,-1426932628667293961,0.0,11.095713579470429,1001.0,1.0,29,11,0.0,81955,209541922821771,34,23.68073081970215,734.944822029709,1.1091071729928261,16,35515.24147954338,340282346638528860000000000000000000000,1561097980,,,,0,,5,50.92256164550781,18.68073081970215,9.342329576611519,2.500692349107121,9.342329576611519,1.5000000237487257,,1908130618622972,
Raw,1742897538000,127333000000,,,-1426932628667293961,0.0,11.095713579470429,1001.0,1.0,29,13,0.0,16384,209541867596384,1000000000,19.41748809814453,-45.670964634650176,299792458,16,-2293.213581283689,340282346638528860000000000000000000000,1561097980,,,,0,,5,50.92256164550781,14.417488098144531,9.342329576611519,2.500692349107121,9.342329576611519,1.5000000237487257,,1908130618622972,
Raw,1742897538000,127333000000,,,-1426932628667293961,0.0,11.095713579470429,1001.0,1.0,29,23,0.0,81967,209541926330501,9,39.41352081298828,549.8959988742188,0.15,16,288127.9320967642,340282346638528860000000000000000000000,1561097980,,,,1,,5,50.92256164550781,34.41352081298828,9.342329576611519,2.500692349107121,9.342329576611519,1.5000000237487257,,1908130618622972,
Raw,1742897538000,127333000000,,,-1426932628667293961,0.0,11.095713579470429,1001.0,1.0,29,25,0.0,81967,209541916101982,12,36.075294494628906,905.5089079051136,0.15,16,46978.55269237225,340282346638528860000000000000000000000,1561097980,,,,0,,5,50.92256164550781,31.075292587280273,9.342329576611519,2.500692349107121,9.342329576611519,1.5000000237487257,,1908130618622972,
Raw,1742897538000,127333000000,,,-1426932628667293961,0.0,11.095713579470429,1001.0,1.0,29,28,0.0,81967,209541923754578,9,39.07794952392578,-175.09228104902513,0.15,16,-18109.210514862058,340282346638528860000000000000000000000,1561097980,,,,0,,5,50.92256164550781,34.07794952392578,9.342329576611519,2.500692349107121,9.342329576611519,1.5000000237487257,,1908130618622972,
Raw,1742897538000,127333000000,,,-1426932628667293961,0.0,11.095713579470429,1001.0,1.0,29,34,0.0,16384,209541916427276,1000000000,14.663278579711914,880.9464313031676,299792458,16,42607.17736944246,340282346638528860000000000000000000000,1561097980,,,,1,,5,50.92256164550781,9.663278579711914,9.342329576611519,2.500692349107121,9.342329576611519,1.5000000237487257,,1908130618622972,
Raw,1742897538000,127333000000,,,-1426932628667293961,0.0,11.095713579470429,1001.0,1.0,29,37,0.0,81967,209541924408781,15,33.63801956176758,-22.60717246169291,0.6616246221722903,16,-1469.0161269123857,340282346638528860000000000000000000000,1561097980,,,,1,,5,50.92256164550781,28.638019561767578,9.342329576611519,2.500692349107121,9.342329576611519,1.5000000237487257,,1908130618622972,
Raw,1742897538000,127333000000,,,-1426932628667293961,0.0,11.095713579470429,1001.0,1.0,29,4,0.0,85026,209555908998981,84,21.0584716796875,319.35265170118987,1.227418962293335,29,15341.166405744183,0.006742732599377632,1575420030,,,,1,,6,38.62957763671875,16.0584716796875,1.3096723705530164,1.5000000237487257,1.3096723705530164,1.5000000237487257,,1908130618622972,
Raw,1742897538000,127333000000,,,-1426932628667293961,0.0,11.095713579470429,1001.0,1.0,29,6,0.0,16384,209555905941789,1000000000,24.557342529296875,108.23523114878242,299792458,16,3.296706924396833,340282346638528860000000000000000000000,1575420030,,,,0,,6,38.62957763671875,19.557342529296875,1.3096723705530164,1.5000000237487257,1.3096723705530164,1.5000000237487257,,1908130618622972,
Raw,1742897538000,127333000000,,,-1426932628667293961,0.0,11.095713579470429,1001.0,1.0,29,13,0.0,85026,209555917698342,22,37.25920486450195,-138.46612298670544,0.15,16,-7710.958188051307,340282346638528860000000000000000000000,1575420030,,,,0,,6,38.62957763671875,32.25920486450195,1.3096723705530164,1.5000000237487257,1.3096723705530164,1.5000000237487257,,1908130618622972,
Raw,1742897538000,127333000000,,,-1426932628667293961,0.0,11.095713579470429,1001.0,1.0,29,15,0.0,85026,209555917535774,93,19.788061141967773,407.0435404185548,1.284644338737304,16,15563.78324921921,340282346638528860000000000000000000000,1575420030,,,,1,,6,38.62957763671875,14.788061141967773,1.3096723705530164,1.5000000237487257,1.3096723705530164,1.5000000237487257,,1908130618622972,
Raw,1742897538000,127333000000,,,-1426932628667293961,0.0,11.095713579470429,1001.0,1.0,29,18,0.0,16384,209555898109674,1000000000,21.17456817626953,-149.4500040595235,299792458,16,-186.13043394466877,340282346638528860000000000000000000000,1575420030,,,,0,,6,38.62957763671875,16.17456817626953,1.3096723705530164,1.5000000237487257,1.3096723705530164,1.5000000237487257,,1908130618622972,
Raw,1742897538000,127333000000,,,-1426932628667293961,0.0,11.095713579470429,1001.0,1.0,29,21,0.0,84002,209555920966331,1000000000,25.083934783935547,131.11354020288195,299792458,16,6250.136090323799,340282346638528860000000000000000000000,1575420030,,,,1,,6,38.62957763671875,20.083934783935547,1.3096723705530164,1.5000000237487257,1.3096723705530164,1.5000000237487257,,1908130618622972,
Raw,1742897538000,127333000000,,,-1426932628667293961,0.0,11.095713579470429,1001.0,1.0,29,23,0.0,21546,209555910168869,24,36.219966888427734,-152.126772029912,0.15,16,-8467.56593122595,340282346638528860000000000000000000000,1575420030,,,,0,,6,38.62957763671875,31.219966888427734,1.3096723705530164,1.5000000237487257,1.3096723705530164,1.5000000237487257,,1908130618622972,
Raw,1742897538000,127333000000,,,-1426932628667293961,0.0,11.095713579470429,1001.0,1.0,29,26,0.0,85026,209555906198804,105,18.312175750732422,-327.26901796019956,1.3511324215489218,16,-9770.887496318941,340282346638528860000000000000000000000,1575420030,,,,0,,6,38.62957763671875,13.312176704406738,1.3096723705530164,1.5000000237487257,1.3096723705530164,1.5000000237487257,,1908130618622972,
Raw,1742897538000,127333000000,,,-1426932628667293961,0.0,11.095713579470429,1001.0,1.0,29,27,0.0,85026,209555918261078,79,21.81540870666504,574.2179555804832,1.193607301538366,16,27719.130415524163,340282346638528860000000000000000000000,1575420030,,,,1,,6,38.62957763671875,16.81540870666504,1.3096723705530164,1.5000000237487257,1.3096723705530164,1.5000000237487257,,1908130618622972,
Raw,1742897538000,127333000000,,,-1426932628667293961,0.0,11.095713579470429,1001.0,1.0,29,34,0.0,16384,209555906290940,1000000000,24.776845932006836,809.4434824657028,299792458,16,993.0272245930153,340282346638528860000000000000000000000,1575420030,,,,0,,6,38.62957763671875,19.776845932006836,1.3096723705530164,1.5000000237487257,1.3096723705530164,1.5000000237487257,,1908130618622972,
Status,1742897537000,36,0,1,29,1575449980,28.77,31.0,81.0,0,1,1,23.765646
Status,1742897537000,36,1,3,10,1598062460,17.63,21.0,79.0,0,1,1,12.63279
Status,1742897537000,36,2,3,20,1603124990,34.32,160.0,74.0,1,1,1,29.320189
Status,1742897537000,36,3,6,21,1575449980,29.76,314.0,68.0,0,1,1,24.762878
Status,1742897537000,36,4,5,23,1575449980,44.64,150.0,67.0,1,1,1,39.637764
Status,1742897537000,36,5,1,28,1575449980,42.93,251.0,61.0,1,1,1,37.926594
Status,1742897537000,36,6,5,37,1575449980,38.23,302.0,55.0,1,1,1,33.232735
Status,1742897537000,36,7,1,25,1575449980,36.93,102.0,52.0,0,1,1,31.931381
Status,1742897537000,36,8,6,27,1575449980,25.03,93.0,50.0,1,1,1,20.0318
Status,1742897537000,36,9,1,31,1575449980,42.44,294.0,48.0,1,1,1,37.44146
Status,1742897537000,36,10,6,15,1575449980,25.98,68.0,45.0,1,1,1,20.979765
Status,1742897537000,36,11,6,13,1575449980,44.01,150.0,45.0,1,1,1,39.010685
Status,1742897537000,36,12,5,28,1575449980,42.07,209.0,45.0,1,1,1,37.073837
Status,1742897537000,36,13,3,9,1600875010,43.38,123.0,43.0,1,1,1,38.37707
Status,1742897537000,36,14,5,11,1575449980,27.37,51.0,41.0,1,1,1,22.3742
Status,1742897537000,36,15,3,19,1603687550,14.39,34.0,31.0,0,1,1,9.392147
Status,1742897537000,36,16,1,18,1575449980,43.02,175.0,31.0,1,1,1,38.01973
Status,1742897537000,36,17,3,11,1602000000,29.64,319.0,30.0,0,1,1,24.637732
Status,1742897537000,36,18,1,26,1575449980,35.54,297.0,26.0,1,1,1,30.54324
Status,1742897537000,36,19,3,21,1604249980,40.99,202.0,24.0,1,1,1,35.991364
Status,1742897537000,36,20,5,8,1575449980,19.75,69.0,21.0,0,1,1,14.752568
Status,1742897537000,36,21,5,13,1575449980,22.70,83.0,20.0,0,1,1,17.700449
Status,1742897537000,36,22,6,23,1575449980,38.32,291.0,18.0,1,1,1,33.320976
Status,1742897537000,36,23,5,34,1575449980,16.48,48.0,17.0,0,1,1,11.483533
Status,1742897537000,36,24,5,25,1575449980,36.22,137.0,16.0,1,1,1,31.218832
Status,1742897537000,36,25,1,12,1575449980,28.92,104.0,16.0,0,1,1,23.91912
Status,1742897537000,36,26,6,4,1575449980,24.58,309.0,15.0,1,1,1,19.582232
Status,1742897537000,36,27,1,20,1575449980,21.99,59.0,14.0,0,1,1,16.98786
Status,1742897537000,36,28,1,11,1575449980,20.61,36.0,11.0,0,1,1,15.607092
Status,1742897537000,36,29,1,5,1575449980,23.50,95.0,9.0,0,1,1,18.500128
Status,1742897537000,36,30,6,18,1575449980,21.17,242.0,7.0,0,0,1,16.174568
Status,1742897537000,36,31,6,34,1575449980,25.10,30.0,7.0,0,1,1,20.096874
Status,1742897537000,36,32,3,2,1599750020,27.59,348.0,7.0,0,1,1,22.586441
Status,1742897537000,36,33,3,1,1602562560,22.07,302.0,6.0,0,1,1,17.065754
Status,1742897537000,36,34,6,26,1575449980,23.33,188.0,6.0,1,1,1,18.32691
Status,1742897537000,36,35,6,6,1575449980,24.88,331.0,6.0,0,1,1,19.878208
Fix,GPS,45.0659423654,7.6463261127,322.8649015941772,0.0,8.0,,1742897538000,20.0,,1908130737146549,3.3482985,0,,,
Fix,FLP,45.0659853000,7.6463770000,307.1000061035156,0.08840859,5.605,,1742897538622,0.111768536,,1908130737146549,2.9445136,0,,,
